{
    "inkBooks": {
        "classiccolors": {
            "bookName": "ClassicColors",
            "dimensions": [
                1,
                1,
                7
            ],
            "guiName": "",
            "measurementCondition": "",
            "origin": 1,
            "versionNumber": 17000,
            "writeProtected": true
        },
        "goec": {
            "bookName": "goec",
            "dimensions": [
                296,
                1,
                7
            ],
            "guiName": "PANTONE GoeGuide Coated",
            "measurementCondition": "",
            "origin": 1,
            "versionNumber": 17000,
            "writeProtected": true
        },
        "goeu": {
            "bookName": "goeu",
            "dimensions": [
                296,
                1,
                7
            ],
            "guiName": "PANTONE GoeGuide Uncoated",
            "measurementCondition": "",
            "origin": 1,
            "versionNumber": 17000,
            "writeProtected": true
        },
        "pmetc": {
            "bookName": "pmetc",
            "dimensions": [
                100,
                1,
                7
            ],
            "guiName": "PANTONE+ Premium Metallics Coated",
            "measurementCondition": "",
            "origin": 1,
            "versionNumber": 17000,
            "writeProtected": true
        },
        "pms1000c": {
            "bookName": "pms1000c",
            "dimensions": [
                275,
                1,
                7
            ],
            "guiName": "PANTONE+ Solid Coated",
            "measurementCondition": "",
            "origin": 1,
            "versionNumber": 17000,
            "writeProtected": true,
            "abbreviations": true
        },
        "pms1000m": {
            "bookName": "pms1000m",
            "dimensions": [
                164,
                1,
                7
            ],
            "guiName": "PANTONE Colors Matte",
            "measurementCondition": "",
            "origin": 1,
            "versionNumber": 17000,
            "writeProtected": true,
            "abbreviations": true
        },
        "pms1000u": {
            "bookName": "pms1000u",
            "dimensions": [
                275,
                1,
                7
            ],
            "guiName": "PANTONE+ Solid Uncoated",
            "measurementCondition": "",
            "origin": 1,
            "versionNumber": 17000,
            "writeProtected": true,
            "abbreviations": true
        },
        "ppasc": {
            "bookName": "ppasc",
            "dimensions": [
                30,
                1,
                7
            ],
            "guiName": "PANTONE+ Pastels & Neons Coated",
            "measurementCondition": "",
            "origin": 1,
            "versionNumber": 17000,
            "writeProtected": true
        },
        "ppasu": {
            "bookName": "ppasu",
            "dimensions": [
                30,
                1,
                7
            ],
            "guiName": "PANTONE+ Pastels & Neons Uncoated",
            "measurementCondition": "",
            "origin": 1,
            "versionNumber": 17000,
            "writeProtected": true
        },
        "process": {
            "bookName": "process",
            "dimensions": [
                1,
                1,
                4
            ],
            "guiName": "",
            "measurementCondition": "",
            "origin": 1,
            "versionNumber": 17000,
            "writeProtected": true,
            "abbreviations": true
        },
        "visualizer": {
            "bookName": "visualizer",
            "dimensions": [
                10,
                1,
                7
            ],
            "guiName": "Visualizer Standard Finishes",
            "measurementCondition": "",
            "origin": 1,
            "versionNumber": 17000,
            "writeProtected": true
        }
    }
}