{"tintAndOverprintData":{"blue":{"spec":"E)])L*;+Z,).C.>.a-3-4,,+f).)I(8(1(/(.(.(.(.(.(.(/(/(0(1(3(6(<(F(T(c(9)W)G(\\(<)P)0*C*G*D*9*f)N)3)X(C(4(.(+(+(*(*(*(*(*(*(+(+(+(+(,(-(/(3(8(=(E(O(,(((;(8(7(7(6(5(3(1(/(-(+(*()((((((((((((((((((((((((((((((((()()()(*(+(U(E(6)a,R2H6F7<7d6L666g5]5W5V5T5W5c5.696:6;6;6>6>6=6<6<6=6=6>6>6=6>6=6?67(5(P(C*W,^-(.a-W-L-C-=-9-5-4-2-1-3-5-7-7-6-6-5-5-4-3-2-2-1-1-0-/-/-.-.-*(((1(?(I(K(J(H(D(B(@(>(=(<(<(;(;(;(;(<(<(<(<(<(=(<(<(=(<(=(=(=(=(=(=(=(","tint":"P7(("},"green":{"spec":"Q(Q(Q(R(R(Y(^(*)D)`)7*9+M-/0f0F0H/:.e,V+M*L)](H(A(@(?(@(D(M(\\(,);)A)<):)6(:(=(=(;(<(=(A(K(V(_(8)0*-+A+4+\\*=*])?)d(M(;(4(1(1(0(1(2(5(;(@(F(H(F(E(*(((-(+(*(*(*(*(+(+(,(-(0(4(5(4(2(1(/(-(,(*()()()()()()()()()(*(*(*(*(*(U(E(6)a,R2H6F7<7d6L666g5]5W5V5T5W5c5.696:6;6;6>6>6=6<6<6=6=6>6>6=6>6=6?67(5(P(C*W,^-(.a-W-L-C-=-9-5-4-2-1-3-5-7-7-6-6-5-5-4-3-2-2-1-1-0-/-/-.-.-*(((1(?(I(K(J(H(D(B(@(>(=(<(<(;(;(;(;(<(<(<(<(<(=(<(<(=(<(=(=(=(=(=(=(=(","tint":"P7(("},"metallic":{"spec":"W+Z+_+f+2,9,:,:,:,:,9,8,7,5,5,3,2,1,/,/,-,,,+,),(,g+f+e+e+c+a+`+_+^+]+\\+M(`(2)>)M)Q)P)P)Q)R)S)S)S)R)Q)N)K)H)F)D)C)C)D)D)F)H)K)N)Q)S)V)Z)^)b)e)(*-(((9(5(3(2(1(1(0(0(/(/(/(.(.(.(.(.(-(-(-(-(-(.(.(.(.(.(.(/(/(/(0(0(0(0(U(E(6)a,R2H6F7<7d6L666g5]5W5V5T5W5c5.696:6;6;6>6>6=6<6<6=6=6>6>6=6>6=6?67(5(P(C*W,^-(.a-W-L-C-=-9-5-4-2-1-3-5-7-7-6-6-5-5-4-3-2-2-1-1-0-/-/-.-.-*(((1(?(I(K(J(H(D(B(@(>(=(<(<(;(;(;(;(<(<(<(<(<(=(<(<(=(<(=(=(=(=(=(=(=(","tint":"P7(("},"orange":{"spec":"L(L(L(L(L(J(H(H(J(L(P(V(_(()/);)Z)Z*D,F/L2H4:5D5E5H5Q5[5^5Z5W5[5b5*6.6264(8(:(:(8(6(4(4(5(6(7(:(=(@(C(G(S(*)Q)W*`+L,^,`,`,a,c,f,g,d,c,c,e,(-)-)-*(((,(+(*()()()()()()()()()(*(*(*(,(.(2(7(9(;(;(<(;(;(<(;(<(<(<(<(=(=(=(U(E(6)a,R2H6F7<7d6L666g5]5W5V5T5W5c5.696:6;6;6>6>6=6<6<6=6=6>6>6=6>6=6?67(5(P(C*W,^-(.a-W-L-C-=-9-5-4-2-1-3-5-7-7-6-6-5-5-4-3-2-2-1-1-0-/-/-.-.-*(((1(?(I(K(J(H(D(B(@(>(=(<(<(;(;(;(;(<(<(<(<(<(=(<(<(=(<(=(=(=(=(=(=(=(","tint":"P7(("},"red":{"spec":"))))))))*)+)()c(](U(M(G(C(?(>(@(?(?(C(_(W*G.,2e3Y405?5K5Q5N5N5R5Y5_5b5e5>(E(I(H(E(C(A(?(<(9(6(4(2(1(0(1(1(1(2(<(()?*S+=,P,X,],`,b,`,`,`,b,d,d,e,+(((/(-(+(+(*(*(*()()()()()()()((((()()(,(1(6(9(;(:(;(<(;(<(<(<(<(<(<(<(U(E(6)a,R2H6F7<7d6L666g5]5W5V5T5W5c5.696:6;6;6>6>6=6<6<6=6=6>6>6=6>6=6?67(5(P(C*W,^-(.a-W-L-C-=-9-5-4-2-1-3-5-7-7-6-6-5-5-4-3-2-2-1-1-0-/-/-.-.-*(((1(?(I(K(J(H(D(B(@(>(=(<(<(;(;(;(;(<(<(<(<(<(=(<(<(=(<(=(=(=(=(=(=(=(","tint":"P7(("},"violet":{"spec":"@*V*C+/,H-L.H.b-)-e+X*S)f(N(C(>(=(=(=(?(B(F(K(O(S(\\(.)P)H*Q+[,W-;.P.*/R/[(6)X)**D*Q*I*9*c)I)+)Q(@(6(2(0(0(0(0(0(2(3(5(6(8(;(A(M(b(<)V)+*8*?*H*V*/(((A(;(9(8(6(4(1(/(-(+()()()((((((((()()()()()()()(*(*(+(-(/(0(1(2(2(3(U(E(6)a,R2H6F7<7d6L666g5]5W5V5T5W5c5.696:6;6;6>6>6=6<6<6=6=6>6>6=6>6=6?67(5(P(C*W,^-(.a-W-L-C-=-9-5-4-2-1-3-5-7-7-6-6-5-5-4-3-2-2-1-1-0-/-/-.-.-*(((1(?(I(K(J(H(D(B(@(>(=(<(<(;(;(;(;(<(<(<(<(<(=(<(<(=(<(=(=(=(=(=(=(=(","tint":"P7(("},"white":{"spec":"U(E(6)a,R2H6F7<7d6L666g5]5W5V5T5W5c5.696:6;6;6>6>6=6<6<6=6=6>6>6=6>6=6?67(5(P(C*W,^-(.a-W-L-C-=-9-5-4-2-1-3-5-7-7-6-6-5-5-4-3-2-2-1-1-0-/-/-.-.-*(((1(?(I(K(J(H(D(B(@(>(=(<(<(;(;(;(;(<(<(<(<(<(=(<(<(=(<(=(=(=(=(=(=(=(U(E(6)a,R2H6F7<7d6L666g5]5W5V5T5W5c5.696:6;6;6>6>6=6<6<6=6=6>6>6=6>6=6?67(5(P(C*W,^-(.a-W-L-C-=-9-5-4-2-1-3-5-7-7-6-6-5-5-4-3-2-2-1-1-0-/-/-.-.-*(((1(?(I(K(J(H(D(B(@(>(=(<(<(;(;(;(;(<(<(<(<(<(=(<(<(=(<(=(=(=(=(=(=(=(","tint":"P7(("}}}