{"tintAndOverprintData":{"801":{"spec":"8*V*B+@,X-1/H0B1Z1)202-2T1[0I//.\\,Q+R*+*V)L)F)B)B)D)H)N)V)Z)X)T)N)L)R)`)X(6)X)3*K*`*;+P+X+]+_+^+T+=+^*;*[)?)g(X(P(M(J(I(I(I(K(M(P(Q(P(O(L(L(N(S(.(((A(=(:(9(;(<(:(:(9(8(7(5(3(0(/(-(,(+(*(*(*(*(*(*(*(*(*(+(+(*(*(*(*(+(U(E(6)a,R2H6F7<7d6L666g5]5W5V5T5W5c5.696:6;6;6>6>6=6<6<6=6=6>6>6=6>6=6?67(5(P(C*W,^-(.a-W-L-C-=-9-5-4-2-1-3-5-7-7-6-6-5-5-4-3-2-2-1-1-0-/-/-.-.-*(((1(?(I(K(J(H(D(B(@(>(=(<(<(;(;(;(;(<(<(<(<(<(=(<(<(=(<(=(=(=(=(=(=(=(","tint":"P7(("},"802":{"spec":"])Y)U)N)B)7)/)-)/)7)V)8+W.c2I4^3a2^1F0*/P-;,4+K*;*5*3*4*>*R*++D+V+[+T+T+O([(`([(P(H(D(C(C(F(R(7)L*1,W,F,-,R+0+M*,*L)2)c(]([(Z(Z(^(e(.)7)=)?)<)<)-(((5(/(,(+(*(*(*(*(+(-(2(8(:(8(7(5(3(2(0(.(,(,(+(+(+(+(+(,(,(-(-(.(-(-(U(E(6)a,R2H6F7<7d6L666g5]5W5V5T5W5c5.696:6;6;6>6>6=6<6<6=6=6>6>6=6>6=6?67(5(P(C*W,^-(.a-W-L-C-=-9-5-4-2-1-3-5-7-7-6-6-5-5-4-3-2-2-1-1-0-/-/-.-.-*(((1(?(I(K(J(H(D(B(@(>(=(<(<(;(;(;(;(<(<(<(<(<(=(<(<(=(<(=(=(=(=(=(=(=(","tint":"P7(("},"803":{"spec":"F*@*8*,*V)B)4)/)0)8)X)@+d.e2)4-3.3R4B6T7Z869\\878_7R7L7F7B7;7675737472727](,)2)))Y(L(E(C(D(G(S(:)Q*2,K,3,2,U,<-X-2.:.1.a-X-S-P-M-K-G-E-D-B-B-A-@-/(((9(2(-(+(+(*(*(*(+(-(3(8(:(7(7(9(;(>(@(@(@(?(?(>(>(?(>(>(>(>(>(>(>(>(U(E(6)a,R2H6F7<7d6L666g5]5W5V5T5W5c5.696:6;6;6>6>6=6<6<6=6=6>6>6=6>6=6?67(5(P(C*W,^-(.a-W-L-C-=-9-5-4-2-1-3-5-7-7-6-6-5-5-4-3-2-2-1-1-0-/-/-.-.-*(((1(?(I(K(J(H(D(B(@(>(=(<(<(;(;(;(;(<(<(<(<(<(=(<(<(=(<(=(=(=(=(=(=(=(","tint":"P7(("},"804":{"spec":"V)T)R)N)H)C)E)P)g)S*V+W,6-*--,0+3+O,6/R2V7R<X=2<K:Q939W8>8d7S7I7C7@7<7:7M(X(^([(S(M(L(P(Y())C)[)g)b)K)3)4)V)S*b+Y-K/d/</W.A.5.*.`-V-O-K-H-G-D-C--(((4(/(-(+(+(+(,(-(.(/(0(/(.(,(,(.(2(7(>(E(F(D(C(A(@(A(?(?(?(?(?(?(>(>(U(E(6)a,R2H6F7<7d6L666g5]5W5V5T5W5c5.696:6;6;6>6>6=6<6<6=6=6>6>6=6>6=6?67(5(P(C*W,^-(.a-W-L-C-=-9-5-4-2-1-3-5-7-7-6-6-5-5-4-3-2-2-1-1-0-/-/-.-.-*(((1(?(I(K(J(H(D(B(@(>(=(<(<(;(;(;(;(<(<(<(<(<(=(<(<(=(<(=(=(=(=(=(=(=(","tint":"P7(("},"805":{"spec":"L*L*L*K*K*K*Q*d*D+.,@,^+2+P*d)B)A)d)`*=,`/A69<C=e;S:g9E9c8A8g7W7M7G7B7?7_(2)<)9)0)*)*)0)<)L)S)F)5)()W(J(I(V(,)N)a*8-A/Y/7/Y.H.:...`-W-P-L-I-G-E-/(((;(4(0(.(.(.(.(/(/(.(-(,(+(*(*(+(,(.(3(<(D(F(E(B(A(B(@(@(?(?(?(?(?(>(U(E(6)a,R2H6F7<7d6L666g5]5W5V5T5W5c5.696:6;6;6>6>6=6<6<6=6=6>6>6=6>6=6?67(5(P(C*W,^-(.a-W-L-C-=-9-5-4-2-1-3-5-7-7-6-6-5-5-4-3-2-2-1-1-0-/-/-.-.-*(((1(?(I(K(J(H(D(B(@(>(=(<(<(;(;(;(;(<(<(<(<(<(=(<(<(=(<(=(=(=(=(=(=(=(","tint":"P7(("},"806":{"spec":"g,5-I-g-V.3/F/E/c.(.V,A+J*g)B)*)()6)F)e)X+10I6P:a:2:Q979Y8:8c7T7J7E7A7=7R)=*]*f*g*a*a*_*R*;*[);)f(X(J(A(@(E(K(V(@)f*;-X._.M.@.5.*.^-U-O-J-H-F-D-6(((Q(D(=(9(8(8(5(3(0(-(,(+(*()()(*(*(+(-(3(<(B(D(A(A(A(?(@(?(?(?(?(?(>(U(E(6)a,R2H6F7<7d6L666g5]5W5V5T5W5c5.696:6;6;6>6>6=6<6<6=6=6>6>6=6>6=6?67(5(P(C*W,^-(.a-W-L-C-=-9-5-4-2-1-3-5-7-7-6-6-5-5-4-3-2-2-1-1-0-/-/-.-.-*(((1(?(I(K(J(H(D(B(@(>(=(<(<(;(;(;(;(<(<(<(<(<(=(<(<(=(<(=(=(=(=(=(=(=(","tint":"P7(("},"807":{"spec":"--D-f-W.]/R081/1b/?.X,=+E*^):)f(c(()))7)7*e,@1T4<5)5]4_4e4\\4G424Y3G3R3:4T)D*,+=+G+G+N+H+*+C*\\)9)d(U(G(?(>(@(@(E(\\(\\)C+O,],V,Q,P,R,N,F,>,5,.,1,?,6(((T(H(@(=(<(;(7(3(0(-(,(+(*()()()()(*(+(/(5(:(;(:(:(;(:(;(:(:(9(9(9(:(U(E(6)a,R2H6F7<7d6L666g5]5W5V5T5W5c5.696:6;6;6>6>6=6<6<6=6=6>6>6=6>6=6?67(5(P(C*W,^-(.a-W-L-C-=-9-5-4-2-1-3-5-7-7-6-6-5-5-4-3-2-2-1-1-0-/-/-.-.-*(((1(?(I(K(J(H(D(B(@(>(=(<(<(;(;(;(;(<(<(<(<(<(=(<(<(=(<(=(=(=(=(=(=(=(","tint":"P7(("},"808":{"spec":"C*K*W*)+I+\\+]+_+d+5,(-].714251O/2.[,N+Z*<*,*_)V)T)U)W)])g).*.*+*c)])b)/*\\(1)B)H)L)J)G)G)I)O)b)N*I+_+G+_*;*Z)=)))^(X(S(P(O(O(P(R(V(X(X(W(T(R(S(X(/(((<(6(3(1(0(0(/(0(0(3(6(7(5(3(1(/(-(,(+(+(+(*(*(*(*(+(+(+(+(+(+(+(+(+(U(E(6)a,R2H6F7<7d6L666g5]5W5V5T5W5c5.696:6;6;6>6>6=6<6<6=6=6>6>6=6>6=6?67(5(P(C*W,^-(.a-W-L-C-=-9-5-4-2-1-3-5-7-7-6-6-5-5-4-3-2-2-1-1-0-/-/-.-.-*(((1(?(I(K(J(H(D(B(@(>(=(<(<(;(;(;(;(<(<(<(<(<(=(<(<(=(<(=(=(=(=(=(=(=(","tint":"P7(("},"809":{"spec":"<*9*5*.*f)W)K)F)G)P)3*^+A/:384>3@3W4e5?686B5c3V212e1a1a142U273S3f3+4b3a3Y())0)*)`(U(N(L(L(P(](F)\\*:,P,9,8,W,2-9-6-a,?,a+S+O+M+L+S+^+*,3,9,;,7,6,/(((8(2(.(,(+(+(+(+(,(.(3(8(:(8(8(9(;(<(<(;(9(7(7(6(6(7(6(8(8(9(:(:(9(9(U(E(6)a,R2H6F7<7d6L666g5]5W5V5T5W5c5.696:6;6;6>6>6=6<6<6=6=6>6>6=6>6=6?67(5(P(C*W,^-(.a-W-L-C-=-9-5-4-2-1-3-5-7-7-6-6-5-5-4-3-2-2-1-1-0-/-/-.-.-*(((1(?(I(K(J(H(D(B(@(>(=(<(<(;(;(;(;(<(<(<(<(<(=(<(<(=(<(=(=(=(=(=(=(=(","tint":"P7(("},"810":{"spec":",***g)b)\\)R)I)G)K)X)>*b+T.d0N08/8//1_3H6;9+;U:P9_8F898,8`7S7I7C7@7>7<7;7T(b())d(\\(S(N(M(N(S(a(G)K*A+8+W*V*A+@,=->.e.].A./.f-`-Z-V-P-L-I-G-F-D-C-.(((7(1(.(,(+(+(+(+(,(.(2(5(5(2(2(4(8(<(@(C(B(A(A(?(?(@(>(?(?(?(?(>(>(>(U(E(6)a,R2H6F7<7d6L666g5]5W5V5T5W5c5.696:6;6;6>6>6=6<6<6=6=6>6>6=6>6=6?67(5(P(C*W,^-(.a-W-L-C-=-9-5-4-2-1-3-5-7-7-6-6-5-5-4-3-2-2-1-1-0-/-/-.-.-*(((1(?(I(K(J(H(D(B(@(>(=(<(<(;(;(;(;(<(<(<(<(<(=(<(<(=(<(=(=(=(=(=(=(=(","tint":"P7(("},"811":{"spec":"Y)Z)\\)^)b)d)(*4*O*>+0,<,f+G+U***g)V**,c-a168[<f<G;A:\\9=9^8?8(8X7O7J7E7B7N([(c(b(^(Z(Z(^(():)M)Q)I)<)))Y(X())G)3*P+c-N/O/,/R.D.8.,.`-W-P-L-J-H-F--(((5(1(.(-(,(-(-(.(/(/(.(-(,(+(+(,(-(0(6(?(E(E(E(B(A(A(@(@(?(?(?(?(?(?(U(E(6)a,R2H6F7<7d6L666g5]5W5V5T5W5c5.696:6;6;6>6>6=6<6<6=6=6>6>6=6>6=6?67(5(P(C*W,^-(.a-W-L-C-=-9-5-4-2-1-3-5-7-7-6-6-5-5-4-3-2-2-1-1-0-/-/-.-.-*(((1(?(I(K(J(H(D(B(@(>(=(<(<(;(;(;(;(<(<(<(<(<(=(<(<(=(<(=(=(=(=(=(=(=(","tint":"P7(("},"812":{"spec":"`*(+4+G+*,;,F,T,d,--T,V+d*@*Y)>);)J)\\);**,:0C6D:\\:/:Q969[8>8g7W7N7I7C7A7e(>)Q)V)[)W)W)[)a)d)Z)C)0)b(S(H(G(L(S(^(G))+9-T.].L.@.5.+._-W-P-L-J-G-E-0(((@(8(4(2(2(2(1(1(0(.(,(+(+(*(*(*(*(+(.(4(<(B(D(A(A(A(?(@(?(?(?(?(?(?(U(E(6)a,R2H6F7<7d6L666g5]5W5V5T5W5c5.696:6;6;6>6>6=6<6<6=6=6>6>6=6>6=6?67(5(P(C*W,^-(.a-W-L-C-=-9-5-4-2-1-3-5-7-7-6-6-5-5-4-3-2-2-1-1-0-/-/-.-.-*(((1(?(I(K(J(H(D(B(@(>(=(<(<(;(;(;(;(<(<(<(<(<(=(<(<(=(<(=(=(=(=(=(=(=(","tint":"P7(("},"813":{"spec":"_*?+,,.-Q.[/>0;0D/6.Z,C+K*g)C)-)+)1)4)E)Q*[-]2I6.7Q6>67626b5J535[4J4R4.5e(H)-*I*e*1+7+4+_*@*]);)f(X(J(B(A(C(D(J(f(/*e+9-F-;-4-0-.-g,^,U,L,F,H,Q,0(((F(@(=(;(:(9(6(3(0(-(,(+(*()()(*(*(*(,(0(7(<(>(<(<(=(<(<(<(;(;(:(;(;(U(E(6)a,R2H6F7<7d6L666g5]5W5V5T5W5c5.696:6;6;6>6>6=6<6<6=6=6>6>6=6>6=6?67(5(P(C*W,^-(.a-W-L-C-=-9-5-4-2-1-3-5-7-7-6-6-5-5-4-3-2-2-1-1-0-/-/-.-.-*(((1(?(I(K(J(H(D(B(@(>(=(<(<(;(;(;(;(<(<(<(<(<(=(<(<(=(<(=(=(=(=(=(=(=(","tint":"P7(("},"814":{"spec":"Y)C*>+U,P.<0A1Q1`0U/;.`,`+0+?*])T)T)L)N)/*d*>+3+)+d*e*.+=+D+>+3+b*V*\\*5+N(-)V)=*d*>+Q+U+B+d*B*_)F)4)a(T(P(P(M(M(Y(-)6)2).),),)/)5)7)5)1)*)f(()1)-(((A(>(=(<(=(<(9(6(3(0(.(-(+(+(*(*(*(*(+(,(-(,(,(,(,(-(-(-(-(-(,(,(,(-(U(E(6)a,R2H6F7<7d6L666g5]5W5V5T5W5c5.696:6;6;6>6>6=6<6<6=6=6>6>6=6>6=6?67(5(P(C*W,^-(.a-W-L-C-=-9-5-4-2-1-3-5-7-7-6-6-5-5-4-3-2-2-1-1-0-/-/-.-.-*(((1(?(I(K(J(H(D(B(@(>(=(<(<(;(;(;(;(<(<(<(<(<(=(<(<(=(<(=(=(=(=(=(=(=(","tint":"P7(("},"901":{"spec":">),*/+P,U.T022d223;3C3D3,342c0G/..Z,P+_*D*6*+*d)d)f))*2*>*E*B*;*1*+*1*B*E(c(N);*g*H+d+5,:,<,?,?,6,_+@+\\*:*Z)>)+)a(\\(X(U(U(V(W(Z(^(`(_(](Y(W(Y(_(,(((?(>(=(=(>(?(=(<(;(:(9(7(5(2(0(/(-(,(+(+(+(+(+(+(+(+(+(,(,(+(+(+(+(,(U(E(6)a,R2H6F7<7d6L666g5]5W5V5T5W5c5.696:6;6;6>6>6=6<6<6=6=6>6>6=6>6=6?67(5(P(C*W,^-(.a-W-L-C-=-9-5-4-2-1-3-5-7-7-6-6-5-5-4-3-2-2-1-1-0-/-/-.-.-*(((1(?(I(K(J(H(D(B(@(>(=(<(<(;(;(;(;(<(<(<(<(<(=(<(<(=(<(=(=(=(=(=(=(=(","tint":"P7(("},"902":{"spec":")+++/+5+D+E+8+5+:+K+A,L.:2A5+6J5+5H4J3<2c0E/..8-c,],\\,^,.-M-3.U.//8/,/*/()?)N)N)J)A)9)7)9)?)S)H*c+--<-.-a,Q,8,Z+9+V*6*b)Z)X)W)X)])(*6*A*J*M*I*H*1(((?(7(3(0(/(/(.(.(/(2(8(;(<(;(:(9(8(6(4(2(1(/(/(/(/(/(/(0(1(2(2(3(2(2(U(E(6)a,R2H6F7<7d6L666g5]5W5V5T5W5c5.696:6;6;6>6>6=6<6<6=6=6>6>6=6>6=6?67(5(P(C*W,^-(.a-W-L-C-=-9-5-4-2-1-3-5-7-7-6-6-5-5-4-3-2-2-1-1-0-/-/-.-.-*(((1(?(I(K(J(H(D(B(@(>(=(<(<(;(;(;(;(<(<(<(<(<(=(<(<(=(<(=(=(=(=(=(=(=(","tint":"P7(("},"9020":{"spec":"`+9,],T-g.[/)030C0c0_183N4<5J5M5P5T5U5Z5[5\\5^5g526;6B6G6K6L6L6L6M6O6O6P6;)b)F*\\*/+1+/+1+7+B+Y+:,[,+-/-/-.---,-,-,-+-+---1-3-5-6-7-6-6-5-5-5-4-4-3(((L(C(>(;(:(9(8(8(9(:(;(;(<(;(;(;(:(;(;(;(;(;(=(<(<(=(<(=(=(=(=(=(=(=(U(E(6)a,R2H6F7<7d6L666g5]5W5V5T5W5c5.696:6;6;6>6>6=6<6<6=6=6>6>6=6>6=6?67(5(P(C*W,^-(.a-W-L-C-=-9-5-4-2-1-3-5-7-7-6-6-5-5-4-3-2-2-1-1-0-/-/-.-.-*(((1(?(I(K(J(H(D(B(@(>(=(<(<(;(;(;(;(<(<(<(<(<(=(<(<(=(<(=(=(=(=(=(=(=(","tint":"P7(("},"9021":{"spec":"-++,C-C//2f3>4B4D4D4C4C4?4945474844444W4A5X5a5*666?6F6K6O6N6O6N6P6Q6P6R6*)\\)Z*S+G,],Z,Y,Z,X,W,W,U,Q,O,O,M,J,H,S,b,)---.-2-5-7-7-8-7-7-6-6-6-5-5-1(((P(K(G(E(C(B(?(>(=(<(;(:(:(9(9(9(8(:(;(;(;(<(=(<(<(=(<(=(=(=(=(=(=(=(U(E(6)a,R2H6F7<7d6L666g5]5W5V5T5W5c5.696:6;6;6>6>6=6<6<6=6=6>6>6=6>6=6?67(5(P(C*W,^-(.a-W-L-C-=-9-5-4-2-1-3-5-7-7-6-6-5-5-4-3-2-2-1-1-0-/-/-.-.-*(((1(?(I(K(J(H(D(B(@(>(=(<(<(;(;(;(;(<(<(<(<(<(=(<(<(=(<(=(=(=(=(=(=(=(","tint":"P7(("},"9022":{"spec":",+0,Q-^/V2W415554535/5)5b4W4@4f3a3(4e344^4F5\\5*676@6G6K6O6O6O6O6P6R6Q6R6))^)a*a+Y,0-.---,-*-(-e,c,],S,I,E,E,B,F,U,c,+-.-2-5-7-7-8-7-7-6-6-6-5-5-1(((R(M(I(G(E(D(A(@(>(<(<(;(:(9(8(8(8(9(:(;(;(<(=(<(<(=(<(=(=(=(=(=(=(=(U(E(6)a,R2H6F7<7d6L666g5]5W5V5T5W5c5.696:6;6;6>6>6=6<6<6=6=6>6>6=6>6=6?67(5(P(C*W,^-(.a-W-L-C-=-9-5-4-2-1-3-5-7-7-6-6-5-5-4-3-2-2-1-1-0-/-/-.-.-*(((1(?(I(K(J(H(D(B(@(>(=(<(<(;(;(;(;(<(<(<(<(<(=(<(<(=(<(=(=(=(=(=(=(=(","tint":"P7(("},"9023":{"spec":"f*.,U-+0,345N5P5O5L5F585d4N434_3^3b3`3(4;4X4+54565?5V5/6C6M6R6U6W6Y6Y6[6g(])c*g+c,<-9-7-6-4-1-+-c,Y,O,F,D,C,A,B,H,R,Y,Z,[,^,e,--4-7-8-8-8-9-8-8-0(((R(N(J(H(F(D(B(@(?(=(<(:(:(8(8(8(8(9(9(:(:(:(;(;(;(=(<(=(=(>(>(>(>(>(U(E(6)a,R2H6F7<7d6L666g5]5W5V5T5W5c5.696:6;6;6>6>6=6<6<6=6=6>6>6=6>6=6?67(5(P(C*W,^-(.a-W-L-C-=-9-5-4-2-1-3-5-7-7-6-6-5-5-4-3-2-2-1-1-0-/-/-.-.-*(((1(?(I(K(J(H(D(B(@(>(=(<(<(;(;(;(;(<(<(<(<(<(=(<(<(=(<(=(=(=(=(=(=(=(","tint":"P7(("},"903":{"spec":"H+G+E+C+F+9+g*^*_*-+`+f-U1)5O5c4(5-6+7L7a7f7W7I7D7A7B7A7A7=7:787978777873)L)Y)T)K)<)2).).)3)G):*T+d,1-`,_,7-L-U-]-]-X-P-N-M-L-K-J-H-G-E-D-D-C-B-2(((A(8(3(0(/(.(-(-(/(1(7(;(<(:(:(;(<(>(>(>(>(>(?(=(>(?(=(>(>(>(>(>(>(>(U(E(6)a,R2H6F7<7d6L666g5]5W5V5T5W5c5.696:6;6;6>6>6=6<6<6=6=6>6>6=6>6=6?67(5(P(C*W,^-(.a-W-L-C-=-9-5-4-2-1-3-5-7-7-6-6-5-5-4-3-2-2-1-1-0-/-/-.-.-*(((1(?(I(K(J(H(D(B(@(>(=(<(<(;(;(;(;(<(<(<(<(<(=(<(<(=(<(=(=(=(=(=(=(=(","tint":"P7(("},"904":{"spec":"Q*V*]*g*:+E+L+^+F,J-f..0E030//d-b-K/7245N8(;a:Z9d8I8<8.8b7R7I7B7?7=7:7:7`(6)E)G)E)A)@)G)V)/*R*-+6+.+T*7*5*[*Z+^,-.d.a.E.1.g-a-[-V-O-L-H-G-E-D-C-0(((=(6(2(0(0(0(0(2(4(5(5(4(2(0(0(2(6(:(?(C(B(A(A(?(?(@(>(?(?(?(?(>(>(>(U(E(6)a,R2H6F7<7d6L666g5]5W5V5T5W5c5.696:6;6;6>6>6=6<6<6=6=6>6>6=6>6=6?67(5(P(C*W,^-(.a-W-L-C-=-9-5-4-2-1-3-5-7-7-6-6-5-5-4-3-2-2-1-1-0-/-/-.-.-*(((1(?(I(K(J(H(D(B(@(>(=(<(<(;(;(;(;(<(<(<(<(<(=(<(<(=(<(=(=(=(=(=(=(=(","tint":"P7(("},"9040":{"spec":"C+J,1.D0?3E5c5g5)6,6.6/6/6,6f5[5O5=5a4E4,4\\3O3I3N3U3]3,4?4G4D4;4-4`3g3A41)**2+3,+-C-B-@-@-@-@-@-@-=-:-5-.-e,Y,L,C,<,7,3,5,7,:,>,E,G,E,A,<,7,9,A,2(((U(P(K(H(G(E(B(A(@(>(=(<(<(;(;(:(9(9(9(9(8(8(9(8(9(:(9(:(:(:(:(9(:(:(U(E(6)a,R2H6F7<7d6L666g5]5W5V5T5W5c5.696:6;6;6>6>6=6<6<6=6=6>6>6=6>6=6?67(5(P(C*W,^-(.a-W-L-C-=-9-5-4-2-1-3-5-7-7-6-6-5-5-4-3-2-2-1-1-0-/-/-.-.-*(((1(?(I(K(J(H(D(B(@(>(=(<(<(;(;(;(;(<(<(<(<(<(=(<(<(=(<(=(=(=(=(=(=(=(","tint":"P7(("},"9041":{"spec":"J+C,U-K/*2Y384E4T4*5=5H5M5N5N5K5J5G5@585g4O4.4V3O3Q3V3\\3+4@4U4e4053505353)g)c*W+E,W,X,[,`,g,--1-3-2-1-/-,-)-d,_,Y,O,C,8,6,6,7,8,=,D,K,P,T,T,S,S,2(((R(K(G(D(C(B(@(?(>(=(=(<(<(;(;(:(:(;(:(:(9(8(9(8(8(9(9(:(;(;(;(;(;(;(U(E(6)a,R2H6F7<7d6L666g5]5W5V5T5W5c5.696:6;6;6>6>6=6<6<6=6=6>6>6=6>6=6?67(5(P(C*W,^-(.a-W-L-C-=-9-5-4-2-1-3-5-7-7-6-6-5-5-4-3-2-2-1-1-0-/-/-.-.-*(((1(?(I(K(J(H(D(B(@(>(=(<(<(;(;(;(;(<(<(<(<(<(=(<(<(=(<(=(=(=(=(=(=(=(","tint":"P7(("},"9042":{"spec":"M+I,_-\\/A234L4S4X4]4b4f4(5*5)5e4c4`4V4O4D4=46464<4B4H4R4^4c4d4b4^4Z4]4)54)**(+`+O,b,`,`,a,b,c,d,e,d,c,`,^,Z,U,P,L,H,E,D,F,G,I,L,P,Q,Q,O,M,K,L,O,2(((S(M(H(E(D(B(@(?(>(<(<(;(;(:(:(:(9(:(9(9(9(9(:(9(9(;(:(;(;(;(;(;(;(;(U(E(6)a,R2H6F7<7d6L666g5]5W5V5T5W5c5.696:6;6;6>6>6=6<6<6=6=6>6>6=6>6=6?67(5(P(C*W,^-(.a-W-L-C-=-9-5-4-2-1-3-5-7-7-6-6-5-5-4-3-2-2-1-1-0-/-/-.-.-*(((1(?(I(K(J(H(D(B(@(>(=(<(<(;(;(;(;(<(<(<(<(<(=(<(<(=(<(=(=(=(=(=(=(=(","tint":"P7(("},"9043":{"spec":"-+c+2-d.?1.3J3S3Z3`3f3+4/4345464:4>4@4F4G4J4M4T4^4e4,5154555657585:5;5=5*)Y)Q*D+2,F,F,G,I,J,L,N,O,O,O,O,N,M,L,M,M,M,N,O,R,T,V,W,X,W,W,W,V,W,W,W,1(((N(I(E(C(A(@(>(=(<(;(:(:(:(9(9(9(9(9(9(:(:(:(;(:(:(;(:(;(;(;(;(;(;(;(U(E(6)a,R2H6F7<7d6L666g5]5W5V5T5W5c5.696:6;6;6>6>6=6<6<6=6=6>6>6=6>6=6?67(5(P(C*W,^-(.a-W-L-C-=-9-5-4-2-1-3-5-7-7-6-6-5-5-4-3-2-2-1-1-0-/-/-.-.-*(((1(?(I(K(J(H(D(B(@(>(=(<(<(;(;(;(;(<(<(<(<(<(=(<(<(=(<(=(=(=(=(=(=(=(","tint":"P7(("},"9044":{"spec":"Z+K,Q-7/B1d2B3O3[3g3/4446444/4d3V3A3_2>2^1C1g0S0N0P0U0a061H1P1R1J1A1F1_19)**a*M+3,B,C,F,J,M,P,Q,R,O,M,H,A,7,),[+O+D+:+1+0+0+1+5+<+B+E+E+B+>+?+H+3(((R(J(E(B(A(@(>(=(<(;(;(:(:(9(8(8(7(7(6(5(5(4(5(4(4(5(5(6(6(6(6(6(6(6(U(E(6)a,R2H6F7<7d6L666g5]5W5V5T5W5c5.696:6;6;6>6>6=6<6<6=6=6>6>6=6>6=6?67(5(P(C*W,^-(.a-W-L-C-=-9-5-4-2-1-3-5-7-7-6-6-5-5-4-3-2-2-1-1-0-/-/-.-.-*(((1(?(I(K(J(H(D(B(@(>(=(<(<(;(;(;(;(<(<(<(<(<(=(<(<(=(<(=(=(=(=(=(=(=(","tint":"P7(("},"9045":{"spec":"V+@,:-P.J0]172E2S2a2*303334313*3a2S2:2a1F1+1L050/00040=0O0d01181814161G17)f)U*:+[+e+f+),.,2,5,7,8,7,6,2,-,f+[+P+F+;+0+f*d*d*e*(+.+5+:+<+;+9+:+?+3(((O(G(B(@(>(>(<(;(;(:(9(8(8(7(7(7(6(6(5(5(4(3(4(3(3(4(4(5(5(6(6(5(6(6(U(E(6)a,R2H6F7<7d6L666g5]5W5V5T5W5c5.696:6;6;6>6>6=6<6<6=6=6>6>6=6>6=6?67(5(P(C*W,^-(.a-W-L-C-=-9-5-4-2-1-3-5-7-7-6-6-5-5-4-3-2-2-1-1-0-/-/-.-.-*(((1(?(I(K(J(H(D(B(@(>(=(<(<(;(;(;(;(<(<(<(<(<(=(<(<(=(<(=(=(=(=(=(=(=(","tint":"P7(("},"905":{"spec":"?+K+[+6,b,;-E-Y-?.2/L/)/3.F-E,K+D+8,I--/:2+70:;:J9d8Q8B838a7T7K7E7B7?7?70)N)e).*4*1*/*6*D*W*a*S*>*-*T)>):)M)**N*Y+H-O.Q.?.0.).b-\\-U-P-L-I-G-E-E-2(((D(<(7(5(4(4(4(5(5(3(1(0(.(-(-(.(/(2(6(=(A(B(B(@(?(@(?(?(?(?(?(?(?(>(U(E(6)a,R2H6F7<7d6L666g5]5W5V5T5W5c5.696:6;6;6>6>6=6<6<6=6=6>6>6=6>6=6?67(5(P(C*W,^-(.a-W-L-C-=-9-5-4-2-1-3-5-7-7-6-6-5-5-4-3-2-2-1-1-0-/-/-.-.-*(((1(?(I(K(J(H(D(B(@(>(=(<(<(;(;(;(;(<(<(<(<(<(=(<(<(=(<(=(=(=(=(=(=(=(","tint":"P7(("},"906":{"spec":"B+1,4-V._0?2\\2^2B2P1@0^.U-^,_+0+)+;+E+_+S-W1G6]8f8Q8D898-8^7R7J7E7A7>7>71)_)R*=+d+3,4,3,(,S+4+O*3*])E)3)0)6):)C)-*K+:-/.2.*.d-_-Z-T-O-K-I-G-E-D-2(((N(H(C(A(@(?(<(9(6(3(1(/(.(,(,(,(-(-(0(6(<(?(A(?(?(@(>(?(?(?(?(?(>(>(U(E(6)a,R2H6F7<7d6L666g5]5W5V5T5W5c5.696:6;6;6>6>6=6<6<6=6=6>6>6=6>6=6?67(5(P(C*W,^-(.a-W-L-C-=-9-5-4-2-1-3-5-7-7-6-6-5-5-4-3-2-2-1-1-0-/-/-.-.-*(((1(?(I(K(J(H(D(B(@(>(=(<(<(;(;(;(;(<(<(<(<(<(=(<(<(=(<(=(=(=(=(=(=(=(","tint":"P7(("},"9060":{"spec":"J+7,6-S.W012J2Z2,3D3,4b4P5g5.606367696>6>6@6B6J6U6^6e6*7.7-7-7-7.707/7.73)a)S*;+`+.,-,1,8,@,N,c,4-;-=-=-;-:-9-9-8-8-9-9-=-@-B-C-D-B-B-A-@-A-@-?-2(((O(G(C(@(?(?(=(<(<(<(=(<(=(<(<(;(;(<(<(<(<(<(>(=(=(>(=(>(>(>(>(>(>(>(U(E(6)a,R2H6F7<7d6L666g5]5W5V5T5W5c5.696:6;6;6>6>6=6<6<6=6=6>6>6=6>6=6?67(5(P(C*W,^-(.a-W-L-C-=-9-5-4-2-1-3-5-7-7-6-6-5-5-4-3-2-2-1-1-0-/-/-.-.-*(((1(?(I(K(J(H(D(B(@(>(=(<(<(;(;(;(;(<(<(<(<(<(=(<(<(=(<(=(=(=(=(=(=(=(","tint":"P7(("},"9061":{"spec":"_*),R-)0,375V5[5\\5\\5Y5T5O5E515V4R4]4_4.5R536C6P6]6e6-7176747474757675757e([)b*f+c,=-=-<-;-:-8-6-4-.-f,[,W,Y,X,[,(-3-9-<-@-B-E-E-G-E-D-C-C-C-B-A-0(((R(N(J(H(F(E(B(A(?(>(=(<(;(:(:(:(9(:(;(<(<(<(>(=(=(>(=(>(>(>(>(>(>(>(U(E(6)a,R2H6F7<7d6L666g5]5W5V5T5W5c5.696:6;6;6>6>6=6<6<6=6=6>6>6=6>6=6?67(5(P(C*W,^-(.a-W-L-C-=-9-5-4-2-1-3-5-7-7-6-6-5-5-4-3-2-2-1-1-0-/-/-.-.-*(((1(?(I(K(J(H(D(B(@(>(=(<(<(;(;(;(;(<(<(<(<(<(=(<(<(=(<(=(=(=(=(=(=(=(","tint":"P7(("},"9062":{"spec":"K*U+@-Z/`205U5^5d5)6-6162626.6f5^5Q5:5e4P4C48444:4A4J4X4(5/5,5d4W4N4T4+5^(R)X*_+],;-<-=->-?-@-A-A-?-=-9-4-,-b,X,P,J,F,C,E,G,J,N,S,U,T,P,K,G,I,P,/(((P(M(J(H(F(E(B(A(@(>(=(=(=(;(;(;(:(:(:(9(9(9(:(9(:(;(:(;(;(;(;(:(;(;(U(E(6)a,R2H6F7<7d6L666g5]5W5V5T5W5c5.696:6;6;6>6>6=6<6<6=6=6>6>6=6>6=6?67(5(P(C*W,^-(.a-W-L-C-=-9-5-4-2-1-3-5-7-7-6-6-5-5-4-3-2-2-1-1-0-/-/-.-.-*(((1(?(I(K(J(H(D(B(@(>(=(<(<(;(;(;(;(<(<(<(<(<(=(<(<(=(<(=(=(=(=(=(=(=(","tint":"P7(("},"9063":{"spec":"H*J+)-2/f1-4W4+5=5N5Z5c5(6*6+6(6(6g5`5Z5J535U4=47494=4C4R4f4:5H5S5U5R5U5](M)M*K+C,`,d,)-/-4-8-;-=-<-<-:-7-4-0-,-e,\\,Q,F,D,D,E,F,K,R,Y,],`,`,_,_,/(((M(J(G(E(D(C(A(@(?(>(=(<(<(;(;(;(;(;(;(:(:(9(:(9(9(:(:(;(;(<(<(<(<(<(U(E(6)a,R2H6F7<7d6L666g5]5W5V5T5W5c5.696:6;6;6>6>6=6<6<6=6=6>6>6=6>6=6?67(5(P(C*W,^-(.a-W-L-C-=-9-5-4-2-1-3-5-7-7-6-6-5-5-4-3-2-2-1-1-0-/-/-.-.-*(((1(?(I(K(J(H(D(B(@(>(=(<(<(;(;(;(;(<(<(<(<(<(=(<(<(=(<(=(=(=(=(=(=(=(","tint":"P7(("},"9064":{"spec":"E+3,5-V.]0;2V2e263M344g4T5)606164686:6?6?6A6C6K6V6^6e6*7.7-7-7.7.7/7/7/72)`)S*=+c+2,2,6,<,C,Q,e,6-<->-=-<-;-9-9-9-8-9-:->-@-B-C-D-B-B-A-@-@-@-?-2(((N(H(C(A(@(?(=(=(=(<(=(<(=(<(<(;(;(<(<(<(<(<(>(=(=(>(=(>(>(>(>(>(>(>(U(E(6)a,R2H6F7<7d6L666g5]5W5V5T5W5c5.696:6;6;6>6>6=6<6<6=6=6>6>6=6>6=6?67(5(P(C*W,^-(.a-W-L-C-=-9-5-4-2-1-3-5-7-7-6-6-5-5-4-3-2-2-1-1-0-/-/-.-.-*(((1(?(I(K(J(H(D(B(@(>(=(<(<(;(;(;(;(<(<(<(<(<(=(<(<(=(<(=(=(=(=(=(=(=(","tint":"P7(("},"907":{"spec":"_*W+(-].=113]3V3[2F1_/7..-7,<+S*L*T*R*_*5,F/Q3d576-6(6+6/6)6]5O5>54595Q5e(S)L*@+1,G,N,I,1,O+(+@*d)O)8)()e(()g(+)K)V*8,,-2-.-,-,---*-e,_,Y,U,V,^,0(((M(H(E(C(B(@(<(9(5(2(0(.(-(,(,(,(,(,(.(2(8(;(=(<(<(=(<(=(<(<(<(;(;(<(U(E(6)a,R2H6F7<7d6L666g5]5W5V5T5W5c5.696:6;6;6>6>6=6<6<6=6=6>6>6=6>6=6?67(5(P(C*W,^-(.a-W-L-C-=-9-5-4-2-1-3-5-7-7-6-6-5-5-4-3-2-2-1-1-0-/-/-.-.-*(((1(?(I(K(J(H(D(B(@(>(=(<(<(;(;(;(;(<(<(<(<(<(=(<(<(=(<(=(=(=(=(=(=(=(","tint":"P7(("},"908":{"spec":"D)7*A+*-;/>1W2B3N3W3`3c3Q3`2T1:0a.J-;,E+f*U*H*@*?*A*D*N*]*d*b*Y*M*D*K*_*G(()W)G*7+Y+2,A,E,G,J,K,D,0,R+0+M*,*N)9).)g(b(_(_(_(`(d())+)+)g(c(`(b()),(((A(@(?(?(@(@(>(=(<(;(:(8(6(3(2(0(.(-(,(,(+(+(+(+(+(,(,(,(,(,(,(,(,(,(U(E(6)a,R2H6F7<7d6L666g5]5W5V5T5W5c5.696:6;6;6>6>6=6<6<6=6=6>6>6=6>6=6?67(5(P(C*W,^-(.a-W-L-C-=-9-5-4-2-1-3-5-7-7-6-6-5-5-4-3-2-2-1-1-0-/-/-.-.-*(((1(?(I(K(J(H(D(B(@(>(=(<(<(;(;(;(;(<(<(<(<(<(=(<(<(=(<(=(=(=(=(=(=(=(","tint":"P7(("},"9080":{"spec":"D+0,0-M.Q0*2?2E2K2P2U2Z2^2b2d2e2)3-3/3436393<3C3L3S3Y3^3c3d3f3g3*4,4-4041)^)P*8+^++,),),+,,,-,/,0,0,1,0,0,/,.,/,/,/,0,1,4,6,8,9,;,:,;,:,;,;,;,;,2(((N(G(C(@(?(>(<(;(:(9(8(8(8(7(7(7(7(8(8(8(8(8(9(8(8(9(9(9(:(:(:(:(:(:(U(E(6)a,R2H6F7<7d6L666g5]5W5V5T5W5c5.696:6;6;6>6>6=6<6<6=6=6>6>6=6>6=6?67(5(P(C*W,^-(.a-W-L-C-=-9-5-4-2-1-3-5-7-7-6-6-5-5-4-3-2-2-1-1-0-/-/-.-.-*(((1(?(I(K(J(H(D(B(@(>(=(<(<(;(;(;(;(<(<(<(<(<(=(<(<(=(<(=(=(=(=(=(=(=(","tint":"P7(("},"9081":{"spec":"B+,,g,=.:0N1a1(2,21262;2?2C2E2G2K2N2Q2V2X2[2^2d2-343:3?3C3D3F3H3J3M3N3P31)])L*1+S+_+^+^+_+`+a+c+d+e+e+e+e+d+c+d+d+d+e+f+),+,-,.,/,/,/,/,/,0,0,0,2(((M(F(B(?(>(=(;(:(9(8(8(7(7(7(7(6(6(7(7(7(7(7(8(8(8(9(8(9(9(9(9(9(9(9(U(E(6)a,R2H6F7<7d6L666g5]5W5V5T5W5c5.696:6;6;6>6>6=6<6<6=6=6>6>6=6>6=6?67(5(P(C*W,^-(.a-W-L-C-=-9-5-4-2-1-3-5-7-7-6-6-5-5-4-3-2-2-1-1-0-/-/-.-.-*(((1(?(I(K(J(H(D(B(@(>(=(<(<(;(;(;(;(<(<(<(<(<(=(<(<(=(<(=(=(=(=(=(=(=(","tint":"P7(("},"9082":{"spec":"L+-,Z,^-D/F0V0\\0`0d0)1-1115181:1>1B1D1J1L1O1R1X1_1e1+20242628292<2?2@2B24)])E*a*;+B+@+A+B+B+D+E+G+G+H+H+H+H+G+H+H+H+J+J+M+O+P+Q+S+S+S+S+S+T+T+T+2(((K(C(?(<(;(:(9(8(7(6(6(5(5(5(5(5(5(5(5(5(6(6(6(6(6(7(6(7(7(7(7(7(7(7(U(E(6)a,R2H6F7<7d6L666g5]5W5V5T5W5c5.696:6;6;6>6>6=6<6<6=6=6>6>6=6>6=6?67(5(P(C*W,^-(.a-W-L-C-=-9-5-4-2-1-3-5-7-7-6-6-5-5-4-3-2-2-1-1-0-/-/-.-.-*(((1(?(I(K(J(H(D(B(@(>(=(<(<(;(;(;(;(<(<(<(<(<(=(<(<(=(<(=(=(=(=(=(=(=(","tint":"P7(("},"9083":{"spec":"O+g+J,?-Q.D/O/R/U/Y/\\/`/c/f/)0+0.0204090;0>0@0E0L0Q0W0[0_0a0c0e0(1*1,1.15)Z)=*R*e*(+e*e*e*f*g*(+)+)+*+*+*+*+)+*+++++,+,+/+0+2+3+4+4+5+5+5+6+6+6+2(((I(A(=(:(9(8(6(6(5(4(4(4(4(3(3(3(3(4(4(4(4(4(5(4(4(5(4(5(5(5(5(5(5(5(U(E(6)a,R2H6F7<7d6L666g5]5W5V5T5W5c5.696:6;6;6>6>6=6<6<6=6=6>6>6=6>6=6?67(5(P(C*W,^-(.a-W-L-C-=-9-5-4-2-1-3-5-7-7-6-6-5-5-4-3-2-2-1-1-0-/-/-.-.-*(((1(?(I(K(J(H(D(B(@(>(=(<(<(;(;(;(;(<(<(<(<(<(=(<(<(=(<(=(=(=(=(=(=(=(","tint":"P7(("},"9084":{"spec":"C+Y+7,e,..].f.(/*/-/1/4/7/:/</>/A/D/F/K/M/P/S/X/^/c/(0-010205070:0=0>0@01)T)3*E*U*X*U*T*U*U*V*W*X*Y*Y*Y*Y*Y*X*Y*Z*Z*[*\\*^*`*a*b*c*c*d*d*e*f*f*f*2(((G(?(;(8(7(7(5(5(4(3(3(3(3(2(2(2(2(3(3(3(3(3(3(3(3(4(3(4(4(4(4(4(4(4(U(E(6)a,R2H6F7<7d6L666g5]5W5V5T5W5c5.696:6;6;6>6>6=6<6<6=6=6>6>6=6>6=6?67(5(P(C*W,^-(.a-W-L-C-=-9-5-4-2-1-3-5-7-7-6-6-5-5-4-3-2-2-1-1-0-/-/-.-.-*(((1(?(I(K(J(H(D(B(@(>(=(<(<(;(;(;(;(<(<(<(<(<(=(<(<(=(<(=(=(=(=(=(=(=(","tint":"P7(("},"909":{"spec":"b+,,;,R,=-L-A-=-C-X-V.g044<6O686e5P5g424-3\\1H0P/:/5/4/7/L//0W0:1T1\\1Q1O1;)])5*<*?*7*.*+*-*5*L*C+Q,C-J-@-6-,-[,E,,,M+/+Y*Q*O*N*O*V*b*0+<+E+H+C+B+3(((H(>(8(5(4(3(2(2(3(6(;(=(=(<(;(;(:(9(8(6(4(3(3(2(2(3(3(4(5(6(6(6(6(6(U(E(6)a,R2H6F7<7d6L666g5]5W5V5T5W5c5.696:6;6;6>6>6=6<6<6=6=6>6>6=6>6=6?67(5(P(C*W,^-(.a-W-L-C-=-9-5-4-2-1-3-5-7-7-6-6-5-5-4-3-2-2-1-1-0-/-/-.-.-*(((1(?(I(K(J(H(D(B(@(>(=(<(<(;(;(;(;(<(<(<(<(<(=(<(<(=(<(=(=(=(=(=(=(=(","tint":"P7(("},"910":{"spec":"A,G,P,_,>-A-.-c,d,6-2.?0Q3f566U5W5B6e687B7C7:747576797:7;797776767676767F))*@*B*@*3*f)a)a)(*>*4+D,;-@-2-1-?-I-N-Q-P-M-I-I-I-I-H-H-G-E-D-C-C-B-B-4(((J(?(9(5(3(2(1(1(2(5(:(<(=(;(;(<(<(=(>(>(=(=(>(=(=(>(=(>(>(>(>(>(>(>(U(E(6)a,R2H6F7<7d6L666g5]5W5V5T5W5c5.696:6;6;6>6>6=6<6<6=6=6>6>6=6>6=6?67(5(P(C*W,^-(.a-W-L-C-=-9-5-4-2-1-3-5-7-7-6-6-5-5-4-3-2-2-1-1-0-/-/-.-.-*(((1(?(I(K(J(H(D(B(@(>(=(<(<(;(;(;(;(<(<(<(<(<(=(<(<(=(<(=(=(=(=(=(=(=(","tint":"P7(("},"9100":{"spec":"0+(,9-./L1=3[3e3-444:4@4D4G4I4I4K4M4L4M4K4K4L4Q4[4c4+515759595758585;5?5+)[)U*I+8,L,M,N,Q,R,T,V,W,W,W,V,U,S,Q,O,N,M,M,M,Q,S,V,W,Y,Y,X,W,V,V,W,W,1(((O(I(F(C(B(A(?(>(=(;(;(:(:(9(9(9(9(:(:(:(:(:(;(:(:(;(:(;(;(;(;(;(;(<(U(E(6)a,R2H6F7<7d6L666g5]5W5V5T5W5c5.696:6;6;6>6>6=6<6<6=6=6>6>6=6>6=6?67(5(P(C*W,^-(.a-W-L-C-=-9-5-4-2-1-3-5-7-7-6-6-5-5-4-3-2-2-1-1-0-/-/-.-.-*(((1(?(I(K(J(H(D(B(@(>(=(<(<(;(;(;(;(<(<(<(<(<(=(<(<(=(<(=(=(=(=(=(=(=(","tint":"P7(("},"9101":{"spec":"6+g+,-Q.`0B2\\2d2+31373=3A3D3F3F3G3G3C3A3<3;3:3=3F3N3V3]3e3(4g3f3e3e3)424-)Z)N*:+d+4,4,5,7,8,:,<,>,=,>,=,;,9,6,3,1,0,0,/,2,5,7,9,;,<,;,:,9,8,9,<,1(((M(G(C(A(@(?(=(<(;(:(9(9(9(8(8(8(7(8(8(8(8(8(9(8(8(9(9(:(:(:(:(9(:(:(U(E(6)a,R2H6F7<7d6L666g5]5W5V5T5W5c5.696:6;6;6>6>6=6<6<6=6=6>6>6=6>6=6?67(5(P(C*W,^-(.a-W-L-C-=-9-5-4-2-1-3-5-7-7-6-6-5-5-4-3-2-2-1-1-0-/-/-.-.-*(((1(?(I(K(J(H(D(B(@(>(=(<(<(;(;(;(;(<(<(<(<(<(=(<(<(=(<(=(=(=(=(=(=(=(","tint":"P7(("},"9102":{"spec":"F+-,d,6.-0<1P1V1\\1`1e1*2-21222222212+2g1a1^1\\1^1e1+232<2D2H2H2E2D2D2I2S22)])J*-+N+X+W+W+Y+Y+[+]+^+^+^+]+[+Y+U+R+P+N+M+M+O+Q+S+V+X+Y+Y+W+V+V+W+Z+2(((L(E(A(>(=(<(:(:(9(8(7(7(7(6(6(6(6(6(6(6(6(6(7(6(6(7(7(7(7(7(7(7(7(8(U(E(6)a,R2H6F7<7d6L666g5]5W5V5T5W5c5.696:6;6;6>6>6=6<6<6=6=6>6>6=6>6=6?67(5(P(C*W,^-(.a-W-L-C-=-9-5-4-2-1-3-5-7-7-6-6-5-5-4-3-2-2-1-1-0-/-/-.-.-*(((1(?(I(K(J(H(D(B(@(>(=(<(<(;(;(;(;(<(<(<(<(<(=(<(<(=(<(=(=(=(=(=(=(=(","tint":"P7(("},"9103":{"spec":"S+2,],^-@/?0M0R0V0Z0^0b0e0g0)1(1(1f0_0Y0R0O0L0M0S0Z0a0*131616141111171C16)_)F*a*:+@+=+=+>+?+@+A+B+B+B+A+@+=+9+6+3+1+0+/+1+3+6+8+;+<+;+:+9+8+:+>+2(((L(C(?(<(;(:(8(8(7(6(6(5(5(4(4(4(4(4(4(4(4(4(5(4(4(5(5(6(5(5(5(5(6(6(U(E(6)a,R2H6F7<7d6L666g5]5W5V5T5W5c5.696:6;6;6>6>6=6<6<6=6=6>6>6=6>6=6?67(5(P(C*W,^-(.a-W-L-C-=-9-5-4-2-1-3-5-7-7-6-6-5-5-4-3-2-2-1-1-0-/-/-.-.-*(((1(?(I(K(J(H(D(B(@(>(=(<(<(;(;(;(;(<(<(<(<(<(=(<(<(=(<(=(=(=(=(=(=(=(","tint":"P7(("},"911":{"spec":"@+J+Y+/,T,+-5-J-6.?/[0_142d1d0Y/X/=1U3(6B8^9O9\\8:8*8c7[7S7I7A7=7<7:797870)M)d)**-***)*0*A*\\*?+X+`+Y+@+c*b*F+=,1-).I.C...b-[-X-T-Q-L-I-G-E-D-C-B-2(((D(;(7(4(3(4(4(5(7(8(7(6(5(3(3(5(8(<(?(A(A(?(@(>(>(?(>(?(?(>(>(>(>(>(U(E(6)a,R2H6F7<7d6L666g5]5W5V5T5W5c5.696:6;6;6>6>6=6<6<6=6=6>6>6=6>6=6?67(5(P(C*W,^-(.a-W-L-C-=-9-5-4-2-1-3-5-7-7-6-6-5-5-4-3-2-2-1-1-0-/-/-.-.-*(((1(?(I(K(J(H(D(B(@(>(=(<(<(;(;(;(;(<(<(<(<(<(=(<(<(=(<(=(=(=(=(=(=(=(","tint":"P7(("},"912":{"spec":"^+1,L,4-5.].)/>/d/U0.1L0X/*/g-g,_,W-,/M0E3:7@9>9[8A868,8b7U7K7D7A7?7<7<7:)_)>*L*X*X*V*]*++=+F+9+e*R*9*`)\\)0*O*1+5,M->.;...d-_-Z-V-Q-M-I-G-F-D-D-3(((J(@(;(8(7(7(7(8(7(5(4(2(1(/(/(0(2(4(8(=(@(@(A(?(?(@(>(?(?(?(?(>(>(>(U(E(6)a,R2H6F7<7d6L666g5]5W5V5T5W5c5.696:6;6;6>6>6=6<6<6=6=6>6>6=6>6=6?67(5(P(C*W,^-(.a-W-L-C-=-9-5-4-2-1-3-5-7-7-6-6-5-5-4-3-2-2-1-1-0-/-/-.-.-*(((1(?(I(K(J(H(D(B(@(>(=(<(<(;(;(;(;(<(<(<(<(<(=(<(<(=(<(=(=(=(=(=(=(=(","tint":"P7(("},"9120":{"spec":"U+0,U,M-c.Z/+0:0M0,1g1G3g4[5,6064686:6?6?6A6C6K6W6`6g6,70707/707171717277)^)B*Y*-+1+0+4+;+F+\\+@,d,7-<-=-<-;-9-9-9-8-9-:->-A-C-C-D-C-C-B-B-A-@-@-3(((K(B(=(;(:(9(8(8(9(:(<(<(=(<(<(;(;(<(<(<(<(<(>(=(=(>(=(>(>(>(>(>(>(>(U(E(6)a,R2H6F7<7d6L666g5]5W5V5T5W5c5.696:6;6;6>6>6=6<6<6=6=6>6>6=6>6=6?67(5(P(C*W,^-(.a-W-L-C-=-9-5-4-2-1-3-5-7-7-6-6-5-5-4-3-2-2-1-1-0-/-/-.-.-*(((1(?(I(K(J(H(D(B(@(>(=(<(<(;(;(;(;(<(<(<(<(<(=(<(<(=(<(=(=(=(=(=(=(=(","tint":"P7(("},"9121":{"spec":"W+.,M,=-G.7/F/T/g/F0D1,3[4X5,6165696:6@6@6A6C6L6W6`6g6,70707/7/7171717278)])>*Q*`*c*a*e*,+7+N+6,`,5-<-=-<-;-9-:-9-8-9-:->-A-C-C-D-C-C-B-B-A-@-@-3(((J(A(<(9(8(8(7(7(8(9(;(<(=(<(<(;(;(<(<(<(<(<(>(=(=(>(=(>(>(>(>(>(>(>(U(E(6)a,R2H6F7<7d6L666g5]5W5V5T5W5c5.696:6;6;6>6>6=6<6<6=6=6>6>6=6>6=6?67(5(P(C*W,^-(.a-W-L-C-=-9-5-4-2-1-3-5-7-7-6-6-5-5-4-3-2-2-1-1-0-/-/-.-.-*(((1(?(I(K(J(H(D(B(@(>(=(<(<(;(;(;(;(<(<(<(<(<(=(<(<(=(<(=(=(=(=(=(=(=(","tint":"P7(("},"9122":{"spec":"Y+/,O,>-I.5/@/I/W/30d0,2/3S3_3c3g3+4-4345474:4A4L4T4[4a4e4g4g4)5*5-5.5/58)^)?*Q*a*b*_*a*f*0+B+]+7,C,G,G,G,F,E,F,F,F,G,H,L,N,P,Q,R,R,R,R,Q,R,R,R,3(((J(A(<(9(8(8(6(7(7(8(9(9(9(9(9(8(8(9(9(9(9(9(:(:(:(;(:(;(;(;(;(;(;(;(U(E(6)a,R2H6F7<7d6L666g5]5W5V5T5W5c5.696:6;6;6>6>6=6<6<6=6=6>6>6=6>6=6?67(5(P(C*W,^-(.a-W-L-C-=-9-5-4-2-1-3-5-7-7-6-6-5-5-4-3-2-2-1-1-0-/-/-.-.-*(((1(?(I(K(J(H(D(B(@(>(=(<(<(;(;(;(;(<(<(<(<(<(=(<(<(=(<(=(=(=(=(=(=(=(","tint":"P7(("},"9123":{"spec":"I+Z+2,W,S-8.C.K.V.)/J/=0,1F1P1S1W1[1^1c1f1)2,232<2B2I2N2R2T2V2X2\\2^2_2b23)T)0*>*I*I*G*I*M*T*`*3+E+N+Q+Q+Q+Q+Q+Q+R+R+S+T+W+Y+[+\\+]+]+^+^+_+_+_+`+2(((G(>(:(7(6(6(5(5(5(5(6(6(6(5(5(5(5(6(6(6(6(6(7(7(7(8(7(8(8(8(8(8(8(8(U(E(6)a,R2H6F7<7d6L666g5]5W5V5T5W5c5.696:6;6;6>6>6=6<6<6=6=6>6>6=6>6=6?67(5(P(C*W,^-(.a-W-L-C-=-9-5-4-2-1-3-5-7-7-6-6-5-5-4-3-2-2-1-1-0-/-/-.-.-*(((1(?(I(K(J(H(D(B(@(>(=(<(<(;(;(;(;(<(<(<(<(<(=(<(<(=(<(=(=(=(=(=(=(=(","tint":"P7(("},"913":{"spec":"K+@,L-:/P183U3X3F3b2`1H0?/F.B-M,D,Y,e,?-7/+3_6?8@818*8c7\\7P7G7A7>7<797:74)f)_*O+:,J,K,I,B,3,Y+7+[*E*+*V)R)Y)])f)R**,C-d-d-^-[-W-T-O-K-H-F-E-C-C-2(((Q(J(F(C(B(A(=(;(9(5(3(1(0(.(.(/(/(0(2(7(=(?(@(?(>(?(>(?(?(?(>(>(>(>(U(E(6)a,R2H6F7<7d6L666g5]5W5V5T5W5c5.696:6;6;6>6>6=6<6<6=6=6>6>6=6>6=6?67(5(P(C*W,^-(.a-W-L-C-=-9-5-4-2-1-3-5-7-7-6-6-5-5-4-3-2-2-1-1-0-/-/-.-.-*(((1(?(I(K(J(H(D(B(@(>(=(<(<(;(;(;(;(<(<(<(<(<(=(<(<(=(<(=(=(=(=(=(=(=(","tint":"P7(("},"914":{"spec":"c*`+9-8/b1^3G4C4U3N221L/@.F-D,V+M+V+S+_+<-P0G4?6M6F6C6E6H6C696/6c5[5^5/6f(W)U*N+B,Y,^,Z,H,+,G+`*C*-*S)B)>)@)?)C)e)1+L,5-:-7-6-5-6-3-/-+-f,c,c,(-0(((O(J(G(E(C(B(>(;(7(4(2(0(.(-(-(-(-(-(/(4(9(<(=(<(<(=(<(=(=(=(<(<(<(=(U(E(6)a,R2H6F7<7d6L666g5]5W5V5T5W5c5.696:6;6;6>6>6=6<6<6=6=6>6>6=6>6=6?67(5(P(C*W,^-(.a-W-L-C-=-9-5-4-2-1-3-5-7-7-6-6-5-5-4-3-2-2-1-1-0-/-/-.-.-*(((1(?(I(K(J(H(D(B(@(>(=(<(<(;(;(;(;(<(<(<(<(<(=(<(<(=(<(=(=(=(=(=(=(=(","tint":"P7(("},"9140":{"spec":"^+9,a,[-4/-0>0L0^0;102C3S495E5J5M5O5Q5e566>6B6J6V6^6e6*7.7.7.7.7/7/707/7:)b)I*`*4+8+7+;+A+K+_+?,],*-.-.---,-*-0-6-7-9-9->-@-B-C-D-C-B-A-A-@-@-?-3(((L(C(>(;(:(:(9(9(9(:(;(;(<(;(;(;(:(<(<(<(<(<(>(=(=(>(=(>(>(>(>(>(>(>(U(E(6)a,R2H6F7<7d6L666g5]5W5V5T5W5c5.696:6;6;6>6>6=6<6<6=6=6>6>6=6>6=6?67(5(P(C*W,^-(.a-W-L-C-=-9-5-4-2-1-3-5-7-7-6-6-5-5-4-3-2-2-1-1-0-/-/-.-.-*(((1(?(I(K(J(H(D(B(@(>(=(<(<(;(;(;(;(<(<(<(<(<(=(<(<(=(<(=(=(=(=(=(=(=(","tint":"P7(("},"9141":{"spec":"V+/,R,G-Z.M/\\/)0;0X0P1,3H475E5J5L5L5M5d596B6F6N6Z6c6*7/737372727373737477)^)A*V*)+++*+-+4+>+S+6,Y,)-.-.---*-)-/-7-9-:-;-?-B-D-D-E-D-D-C-B-B-A-A-3(((J(B(=(:(9(9(8(8(8(9(;(;(<(;(;(;(:(<(<(<(<(<(>(=(=(>(=(>(>(>(>(>(>(>(U(E(6)a,R2H6F7<7d6L666g5]5W5V5T5W5c5.696:6;6;6>6>6=6<6<6=6=6>6>6=6>6=6?67(5(P(C*W,^-(.a-W-L-C-=-9-5-4-2-1-3-5-7-7-6-6-5-5-4-3-2-2-1-1-0-/-/-.-.-*(((1(?(I(K(J(H(D(B(@(>(=(<(<(;(;(;(;(<(<(<(<(<(=(<(<(=(<(=(=(=(=(=(=(=(","tint":"P7(("},"9142":{"spec":"W+/,Q,C-R.D/R/^/,0B0+1g1_293B3G3J3K3N3b344=4B4J4T4\\4c4(5-5.5.505253545758)^)@*T*e*(+f*)+.+6+E+[+1,9,<,=,<,;,:,@,F,H,J,K,O,Q,S,T,U,U,T,T,T,T,T,T,3(((J(A(=(:(9(8(7(7(7(8(8(8(9(8(8(8(8(9(9(9(9(9(;(:(:(;(:(;(;(;(;(;(;(;(U(E(6)a,R2H6F7<7d6L666g5]5W5V5T5W5c5.696:6;6;6>6>6=6<6<6=6=6>6>6=6>6=6?67(5(P(C*W,^-(.a-W-L-C-=-9-5-4-2-1-3-5-7-7-6-6-5-5-4-3-2-2-1-1-0-/-/-.-.-*(((1(?(I(K(J(H(D(B(@(>(=(<(<(;(;(;(;(<(<(<(<(<(=(<(<(=(<(=(=(=(=(=(=(=(","tint":"P7(("},"9143":{"spec":"T+.,T,L-c.Z/(010>0P021a1K2`2(3*3.31333>3E3J3N3U3_3g3.4347484:4;4>4?4@4B47)])B*X*-+1+/+0+5+;+G+Y+),0,2,2,2,1,0,2,5,5,7,8,;,>,@,A,B,A,B,A,B,B,B,B,2(((K(B(=(;(:(9(8(7(7(8(8(8(8(7(7(7(7(8(8(8(8(8(9(9(9(:(9(:(:(:(:(:(:(:(U(E(6)a,R2H6F7<7d6L666g5]5W5V5T5W5c5.696:6;6;6>6>6=6<6<6=6=6>6>6=6>6=6?67(5(P(C*W,^-(.a-W-L-C-=-9-5-4-2-1-3-5-7-7-6-6-5-5-4-3-2-2-1-1-0-/-/-.-.-*(((1(?(I(K(J(H(D(B(@(>(=(<(<(;(;(;(;(<(<(<(<(<(=(<(<(=(<(=(=(=(=(=(=(=(","tint":"P7(("},"915":{"spec":"e)_*3,+.K0T2a3C4J4R4Y4[4K4c3b2O160Z.B-E,`+L+<+1+/+1+4+@+Q+[+W+N+=+1+6+O+R(:)1*(+[+<,O,Z,\\,],`,`,Z,I,0,P+-+I*(*Q)C);)5)1)0)1)2)6)<)?)>):)4)0)1):).(((G(D(B(B(B(B(?(?(>(<(;(9(8(5(3(1(/(.(-(-(-(,(-(,(,(-(-(.(-(-(-(-(-(-(U(E(6)a,R2H6F7<7d6L666g5]5W5V5T5W5c5.696:6;6;6>6>6=6<6<6=6=6>6>6=6>6=6?67(5(P(C*W,^-(.a-W-L-C-=-9-5-4-2-1-3-5-7-7-6-6-5-5-4-3-2-2-1-1-0-/-/-.-.-*(((1(?(I(K(J(H(D(B(@(>(=(<(<(;(;(;(;(<(<(<(<(<(=(<(<(=(<(=(=(=(=(=(=(=(","tint":"P7(("},"916":{"spec":"C,R,g,G->.U.J.D.J._.]/(2`4N6X6B636a5?5U4\\3Y2P1\\0H0C0C0G0\\0>1b1@2V2[2S2S2F).*L*V*\\*U*J*F*H*P*g*\\+b,J-M-C-;-2-d,R,=,d+I+5+-+++++,+3+?+K+U+]+^+[+Z+5(((M(B(<(8(6(5(4(4(5(8(<(=(>(<(<(;(:(:(9(7(5(4(4(4(4(4(4(6(7(7(8(8(8(8(U(E(6)a,R2H6F7<7d6L666g5]5W5V5T5W5c5.696:6;6;6>6>6=6<6<6=6=6>6>6=6>6=6?67(5(P(C*W,^-(.a-W-L-C-=-9-5-4-2-1-3-5-7-7-6-6-5-5-4-3-2-2-1-1-0-/-/-.-.-*(((1(?(I(K(J(H(D(B(@(>(=(<(<(;(;(;(;(<(<(<(<(<(=(<(<(=(<(=(=(=(=(=(=(=(","tint":"P7(("},"9160":{"spec":"`+8,[,O-_.Q/a/-0<0T0B1I2I3`3e3,4.4g3)4a4^596B6L6Y6a6)7.71717171717372737;)b)E*Z*++-+,+/+4+<+N+(,A,H,I,K,J,E,D,W,--5-9-:-?-A-C-D-E-D-C-B-B-B-A-@-3(((K(B(=(:(9(9(8(8(8(9(9(9(9(9(9(8(8(:(;(<(<(<(>(=(=(>(=(>(>(>(>(>(>(>(U(E(6)a,R2H6F7<7d6L666g5]5W5V5T5W5c5.696:6;6;6>6>6=6<6<6=6=6>6>6=6>6=6?67(5(P(C*W,^-(.a-W-L-C-=-9-5-4-2-1-3-5-7-7-6-6-5-5-4-3-2-2-1-1-0-/-/-.-.-*(((1(?(I(K(J(H(D(B(@(>(=(<(<(;(;(;(;(<(<(<(<(<(=(<(<(=(<(=(=(=(=(=(=(=(","tint":"P7(("},"9161":{"spec":"T+*,J,:-D.3/?/I/U/)0N0E172K2P2V2X2U2W2;3a32494A4L4T4[4`4d4e4f4(5*5+5,5.57)\\)=*O*_*a*_*a*e*,+:+O+a+(,),*,*,f+f+1,?,D,G,H,L,N,P,Q,R,Q,Q,Q,Q,Q,Q,Q,2(((I(A(<(9(8(8(6(6(7(7(8(7(7(7(7(7(6(8(9(9(9(9(:(:(:(;(:(;(;(;(;(;(;(;(U(E(6)a,R2H6F7<7d6L666g5]5W5V5T5W5c5.696:6;6;6>6>6=6<6<6=6=6>6>6=6>6=6?67(5(P(C*W,^-(.a-W-L-C-=-9-5-4-2-1-3-5-7-7-6-6-5-5-4-3-2-2-1-1-0-/-/-.-.-*(((1(?(I(K(J(H(D(B(@(>(=(<(<(;(;(;(;(<(<(<(<(<(=(<(<(=(<(=(=(=(=(=(=(=(","tint":"P7(("},"9162":{"spec":"X+.,L,;-D.0/=/E/P/_/90_0?1L1P1T1W1W1Y142O2\\2b2*33393@3E3I3K3M3N3P3R3T3V38)])>*P*_*`*^*_*c*(+2+@+L+P+Q+R+Q+O+O+W+a+e+g+(,+,-,/,0,1,1,2,1,1,2,2,2,3(((J(A(<(9(8(8(6(6(6(6(6(6(6(5(5(5(5(6(7(7(7(7(8(8(8(9(8(9(9(9(9(9(9(9(U(E(6)a,R2H6F7<7d6L666g5]5W5V5T5W5c5.696:6;6;6>6>6=6<6<6=6=6>6>6=6>6=6?67(5(P(C*W,^-(.a-W-L-C-=-9-5-4-2-1-3-5-7-7-6-6-5-5-4-3-2-2-1-1-0-/-/-.-.-*(((1(?(I(K(J(H(D(B(@(>(=(<(<(;(;(;(;(<(<(<(<(<(=(<(<(=(<(=(=(=(=(=(=(=(","tint":"P7(("},"9163":{"spec":"Z+1,R,D-Q.A/L/S/\\/(0=0Y011;1?1B1E1G1I1[1,252:2A2I2P2V2[2_2a2c2f2(3+3,3.39)_)A*T*e*g*d*e*(+,+3+>+G+I+K+K+J+I+I+N+T+V+X+Y+\\+^+`+a+b+b+c+c+c+d+d+d+3(((J(B(=(:(9(8(7(6(6(6(6(6(6(5(5(5(5(6(6(6(6(6(7(7(7(8(7(8(8(8(8(8(8(8(U(E(6)a,R2H6F7<7d6L666g5]5W5V5T5W5c5.696:6;6;6>6>6=6<6<6=6=6>6>6=6>6=6?67(5(P(C*W,^-(.a-W-L-C-=-9-5-4-2-1-3-5-7-7-6-6-5-5-4-3-2-2-1-1-0-/-/-.-.-*(((1(?(I(K(J(H(D(B(@(>(=(<(<(;(;(;(;(<(<(<(<(<(=(<(<(=(<(=(=(=(=(=(=(=(","tint":"P7(("},"917":{"spec":"/-<-P-..e.4/`.S.T.f.c/*2]4J6R6;6<6T6d6-7/7-7g6f6,71757778777575757574767U)@*a*)+.+a*S*L*L*R*)+]+a,H-K-A-?-E-I-J-J-H-F-D-F-G-H-G-G-F-E-D-C-C-B-B-7(((R(E(>(9(7(6(5(4(5(8(;(=(=(<(<(<(<(=(=(=(=(=(>(=(=(>(=(>(>(>(>(>(>(>(U(E(6)a,R2H6F7<7d6L666g5]5W5V5T5W5c5.696:6;6;6>6>6=6<6<6=6=6>6>6=6>6=6?67(5(P(C*W,^-(.a-W-L-C-=-9-5-4-2-1-3-5-7-7-6-6-5-5-4-3-2-2-1-1-0-/-/-.-.-*(((1(?(I(K(J(H(D(B(@(>(=(<(<(;(;(;(;(<(<(<(<(<(=(<(<(=(<(=(=(=(=(=(=(=(","tint":"P7(("},"918":{"spec":"4,F,a,I-H.-/:/P/=0C1T2M3^3R3^2]1[123g4R688,9W838_7W7T7P7J7C7>7;7:7977787A)(*I*W*a*_*]*d*5+N+-,B,I,C,.,U+S+1,[,@-e-7./._-X-U-S-P-N-J-H-F-E-D-C-B-4(((L(B(<(9(8(8(8(9(:(:(:(9(8(6(6(7(:(=(?(@(?(?(?(>(>(?(>(?(>(>(>(>(>(>(U(E(6)a,R2H6F7<7d6L666g5]5W5V5T5W5c5.696:6;6;6>6>6=6<6<6=6=6>6>6=6>6=6?67(5(P(C*W,^-(.a-W-L-C-=-9-5-4-2-1-3-5-7-7-6-6-5-5-4-3-2-2-1-1-0-/-/-.-.-*(((1(?(I(K(J(H(D(B(@(>(=(<(<(;(;(;(;(<(<(<(<(<(=(<(<(=(<(=(=(=(=(=(=(=(","tint":"P7(("},"9180":{"spec":"L+3,+-=.40C1X1d112C2c2P334=4=4A4B4<4=4-5c5<6E6O6[6c6+7/737373737374737574)`)N*1+Q+[+Z+]+a+g+3,C,Q,S,R,S,Q,M,K,[,/-6-:-;-@-B-D-D-E-D-D-C-B-B-A-A-2(((M(F(A(?(=(=(;(;(:(:(:(:(:(9(9(9(9(:(;(<(<(<(>(=(=(>(=(>(>(>(>(>(>(>(U(E(6)a,R2H6F7<7d6L666g5]5W5V5T5W5c5.696:6;6;6>6>6=6<6<6=6=6>6>6=6>6=6?67(5(P(C*W,^-(.a-W-L-C-=-9-5-4-2-1-3-5-7-7-6-6-5-5-4-3-2-2-1-1-0-/-/-.-.-*(((1(?(I(K(J(H(D(B(@(>(=(<(<(;(;(;(;(<(<(<(<(<(=(<(<(=(<(=(=(=(=(=(=(=(","tint":"P7(("},"9181":{"spec":"R+0,\\,]-?/=0O0Z0g0:1]1R2>3H3H3N3O3F3G3F4R566B6M6Y6b6)7.717171717172727376)^)F*a*9+?+>+@+E+K+X+,,<,?,>,@,>,9,7,M,(-4-9-:-?-A-C-D-E-D-C-B-B-B-A-@-2(((L(C(?(<(;(:(9(9(9(9(9(9(9(8(8(8(7(9(;(<(<(<(>(=(=(>(=(>(>(>(>(>(>(>(U(E(6)a,R2H6F7<7d6L666g5]5W5V5T5W5c5.696:6;6;6>6>6=6<6<6=6=6>6>6=6>6=6?67(5(P(C*W,^-(.a-W-L-C-=-9-5-4-2-1-3-5-7-7-6-6-5-5-4-3-2-2-1-1-0-/-/-.-.-*(((1(?(I(K(J(H(D(B(@(>(=(<(<(;(;(;(;(<(<(<(<(<(=(<(<(=(<(=(=(=(=(=(=(=(","tint":"P7(("},"9182":{"spec":"^+;,f,d-B/?0M0U0_0-1F1*2F2K2K2P2Q2K2M2>344M4W4`4+545;5@5D5E5E5G5I5J5L5L5:)c)K*d*;+@+=+>+B+F+O+]+g+(,g+(,g+c+b+2,F,N,Q,S,W,Z,\\,\\,],],],\\,\\,\\,],\\,3(((M(D(?(<(;(:(9(8(8(8(8(7(7(7(7(6(6(8(9(:(:(:(;(:(;(<(;(<(<(<(<(<(<(<(U(E(6)a,R2H6F7<7d6L666g5]5W5V5T5W5c5.696:6;6;6>6>6=6<6<6=6=6>6>6=6>6=6?67(5(P(C*W,^-(.a-W-L-C-=-9-5-4-2-1-3-5-7-7-6-6-5-5-4-3-2-2-1-1-0-/-/-.-.-*(((1(?(I(K(J(H(D(B(@(>(=(<(<(;(;(;(;(<(<(<(<(<(=(<(<(=(<(=(=(=(=(=(=(=(","tint":"P7(("},"9183":{"spec":"V+6,c,f-J/J0W0^0f021F1`1428282<2>2:2<2b2J3\\3d3,464?4E4J4N4P4Q4S4U4V4X4Y47)a)J*e*>+D+A+B+D+H+O+Y+`+a+`+a+`+\\+\\+(,6,<,?,@,D,F,H,I,J,J,J,J,J,J,J,J,3(((L(D(?(=(;(:(9(8(8(8(7(7(7(6(6(6(6(7(8(9(9(9(:(9(9(:(:(;(;(;(;(;(;(;(U(E(6)a,R2H6F7<7d6L666g5]5W5V5T5W5c5.696:6;6;6>6>6=6<6<6=6=6>6>6=6>6=6?67(5(P(C*W,^-(.a-W-L-C-=-9-5-4-2-1-3-5-7-7-6-6-5-5-4-3-2-2-1-1-0-/-/-.-.-*(((1(?(I(K(J(H(D(B(@(>(=(<(<(;(;(;(;(<(<(<(<(<(=(<(<(=(<(=(=(=(=(=(=(=(","tint":"P7(("},"9184":{"spec":"U+D,F-(/01L2_2g213?3X3:4U4\\4\\4^4_4\\4]495S5^5c5,676@6G6L6O6O6O6P6P6Q6R6R67)g)[*F++,8,6,6,:,>,G,S,^,_,^,^,\\,Y,W,`,)-+---.-2-5-7-8-8-7-7-6-6-6-5-5-3(((P(I(D(A(@(?(=(<(<(;(;(;(;(:(:(9(9(;(;(;(;(<(=(<(<(=(<(=(=(=(=(=(=(=(U(E(6)a,R2H6F7<7d6L666g5]5W5V5T5W5c5.696:6;6;6>6>6=6<6<6=6=6>6>6=6>6=6?67(5(P(C*W,^-(.a-W-L-C-=-9-5-4-2-1-3-5-7-7-6-6-5-5-4-3-2-2-1-1-0-/-/-.-.-*(((1(?(I(K(J(H(D(B(@(>(=(<(<(;(;(;(;(<(<(<(<(<(=(<(<(=(<(=(=(=(=(=(=(=(","tint":"P7(("},"9185":{"spec":"T+<,6-J.D0U1(202:2G2^2=3T3Y3Y3]3^3Z3[3A4(585?5H5S5\\5c5(6,6,6-6.6.60616267)d)S*7+X+b+`+a+e+(,1,<,E,E,E,E,D,@,?,K,Y,^,`,a,e,(-*-+-,-+-+-*-*-*-*-)-2(((O(G(B(?(>(=(;(;(:(:(:(9(9(8(8(8(8(9(:(;(;(;(<(;(;(=(<(=(=(=(=(=(=(=(U(E(6)a,R2H6F7<7d6L666g5]5W5V5T5W5c5.696:6;6;6>6>6=6<6<6=6=6>6>6=6>6=6?67(5(P(C*W,^-(.a-W-L-C-=-9-5-4-2-1-3-5-7-7-6-6-5-5-4-3-2-2-1-1-0-/-/-.-.-*(((1(?(I(K(J(H(D(B(@(>(=(<(<(;(;(;(;(<(<(<(<(<(=(<(<(=(<(=(=(=(=(=(=(=(","tint":"P7(("},"9186":{"spec":"O++,T,P-+/g/40:0A0K0[011A1D1D1I1J1G1I1.2U2g2/373A3I3O3T3X3Z3[3]3`3b3c3f35)\\)B*Z*0+6+3+4+6+9+?+G+M+M+L+M+L+I+I+U+c+),,,-,0,3,4,5,7,7,7,6,7,7,7,8,2(((K(B(>(;(:(9(8(7(7(6(6(6(6(5(5(5(5(6(7(7(8(8(9(8(8(9(8(9(9(9(9(9(9(:(U(E(6)a,R2H6F7<7d6L666g5]5W5V5T5W5c5.696:6;6;6>6>6=6<6<6=6=6>6>6=6>6=6?67(5(P(C*W,^-(.a-W-L-C-=-9-5-4-2-1-3-5-7-7-6-6-5-5-4-3-2-2-1-1-0-/-/-.-.-*(((1(?(I(K(J(H(D(B(@(>(=(<(<(;(;(;(;(<(<(<(<(<(=(<(<(=(<(=(=(=(=(=(=(=(","tint":"P7(("},"919":{"spec":"E,d,O-O..0(181K1-2W2,3Q2d1:1805/+/f/:1X275+809]8?8-8e7_7W7M7E7@7=7<7:7:7G)6*`*9+N+P+N+S+`+.,6,+,Z+I+0+V*Q*e*C+d+^,_-8./.d-]-Y-V-R-N-J-H-F-E-D-C-5(((Q(G(A(>(<(<(;(;(;(9(7(6(4(2(2(3(5(7(;(>(@(?(@(>(>(?(>(?(?(?(>(>(>(>(U(E(6)a,R2H6F7<7d6L666g5]5W5V5T5W5c5.696:6;6;6>6>6=6<6<6=6=6>6>6=6>6=6?67(5(P(C*W,^-(.a-W-L-C-=-9-5-4-2-1-3-5-7-7-6-6-5-5-4-3-2-2-1-1-0-/-/-.-.-*(((1(?(I(K(J(H(D(B(@(>(=(<(<(;(;(;(;(<(<(<(<(<(=(<(<(=(<(=(=(=(=(=(=(=(","tint":"P7(("},"920":{"spec":"Y+V,-.+0Q2D4`4d4X4=4L3D2D1M0G/N.D.Z.f.C/=1Y4H77808d7_7Z7T7K7D7@7>7<7:7:78)/*/+g+W,)-(-g,a,U,B,g+N+8+]*G*B*I*M*V*C+R,R-a-^-Y-W-T-Q-M-J-H-F-E-D-C-3(((U(N(I(F(D(C(@(>(<(8(6(4(3(1(1(1(1(2(5(:(>(?(@(>(>(?(>(?(?(?(>(>(>(>(U(E(6)a,R2H6F7<7d6L666g5]5W5V5T5W5c5.696:6;6;6>6>6=6<6<6=6=6>6>6=6>6=6?67(5(P(C*W,^-(.a-W-L-C-=-9-5-4-2-1-3-5-7-7-6-6-5-5-4-3-2-2-1-1-0-/-/-.-.-*(((1(?(I(K(J(H(D(B(@(>(=(<(<(;(;(;(;(<(<(<(<(<(=(<(<(=(<(=(=(=(=(=(=(=(","tint":"P7(("},"9200":{"spec":"\\+;,g,(.I/H0Y0b0.1>1[1G2g2+3(30303e2f204J546A6L6Y6b6)7.717171717173737279)c)L*f*>+C+B+C+G+L+W+(,4,4,2,4,2,,,+,E,e,3-8-:-?-A-C-D-E-D-C-B-B-B-A-@-3(((M(D(?(=(;(;(9(9(9(8(9(8(8(7(7(7(7(9(;(<(<(<(>(=(=(>(=(>(>(>(>(>(>(>(U(E(6)a,R2H6F7<7d6L666g5]5W5V5T5W5c5.696:6;6;6>6>6=6<6<6=6=6>6>6=6>6=6?67(5(P(C*W,^-(.a-W-L-C-=-9-5-4-2-1-3-5-7-7-6-6-5-5-4-3-2-2-1-1-0-/-/-.-.-*(((1(?(I(K(J(H(D(B(@(>(=(<(<(;(;(;(;(<(<(<(<(<(=(<(<(=(<(=(=(=(=(=(=(=(","tint":"P7(("},"9201":{"spec":"Y+;,+-2.[/_0/181D1U142c2F3K3I3O3O3E3E3H4W5;6G6Q6^6f6-71757574747475757578)c)N*++F+M+J+L+P+U+a+2,@,@,?,@,>,8,7,N,*-6-:-<-A-C-E-E-F-E-D-C-C-C-B-A-3(((M(E(@(=(<(;(:(9(9(9(9(9(9(8(8(8(7(:(;(<(<(<(>(=(=(>(=(>(>(>(>(>(>(>(U(E(6)a,R2H6F7<7d6L666g5]5W5V5T5W5c5.696:6;6;6>6>6=6<6<6=6=6>6>6=6>6=6?67(5(P(C*W,^-(.a-W-L-C-=-9-5-4-2-1-3-5-7-7-6-6-5-5-4-3-2-2-1-1-0-/-/-.-.-*(((1(?(I(K(J(H(D(B(@(>(=(<(<(;(;(;(;(<(<(<(<(<(=(<(<(=(<(=(=(=(=(=(=(=(","tint":"P7(("},"9202":{"spec":"Q+2,a,g-N/R0a0(111=1T142K2N2L2R2S2L2N2@384R4\\4e41595@5F5J5J5K5M5M5P5Q5Q56)_)I*f*@+G+E+F+I+L+T+`+),),(,),(,c+b+3,G,P,S,U,Y,[,],_,`,_,_,^,^,_,^,^,2(((L(D(@(=(<(;(9(9(8(8(8(7(7(7(7(6(6(8(9(:(:(:(;(;(;(<(;(<(<(<(<(<(<(<(U(E(6)a,R2H6F7<7d6L666g5]5W5V5T5W5c5.696:6;6;6>6>6=6<6<6=6=6>6>6=6>6=6?67(5(P(C*W,^-(.a-W-L-C-=-9-5-4-2-1-3-5-7-7-6-6-5-5-4-3-2-2-1-1-0-/-/-.-.-*(((1(?(I(K(J(H(D(B(@(>(=(<(<(;(;(;(;(<(<(<(<(<(=(<(<(=(<(=(=(=(=(=(=(=(","tint":"P7(("},"9203":{"spec":"R+-,R,I-^.U/a/g//090L0f091<1<1A1C1>1@1)2V2+343<3F3N3U3Z3^3`3a3c3e3g3)4+46)])A*W*++/+,+-+/+2+9+C+J+J+I+J+J+F+F+S+c+*,-,/,2,5,7,8,9,9,9,9,9,9,9,9,2(((J(B(=(;(9(9(7(7(6(6(6(6(6(5(5(5(5(6(7(7(8(8(9(8(8(9(9(9(9(9(:(:(:(:(U(E(6)a,R2H6F7<7d6L666g5]5W5V5T5W5c5.696:6;6;6>6>6=6<6<6=6=6>6>6=6>6=6?67(5(P(C*W,^-(.a-W-L-C-=-9-5-4-2-1-3-5-7-7-6-6-5-5-4-3-2-2-1-1-0-/-/-.-.-*(((1(?(I(K(J(H(D(B(@(>(=(<(<(;(;(;(;(<(<(<(<(<(=(<(<(=(<(=(=(=(=(=(=(=(","tint":"P7(("},"921":{"spec":"E+H,).40*3(5I5J515G4G3620130*/2.f-2.-.=.(0=396777707-7.7-7g6`6Z6T6P6Q6Y62))*-++,b,7-8-5-+-Y,@,a+F+.+R*<*7*:*8*=*d*1,5-J-J-F-E-D-C-@-=-:-7-5-5-7-2(((T(O(J(G(F(D(A(>(;(8(6(4(2(1(0(0(0(1(3(8(<(=(>(=(=(>(=(>(>(>(>(=(=(>(U(E(6)a,R2H6F7<7d6L666g5]5W5V5T5W5c5.696:6;6;6>6>6=6<6<6=6=6>6>6=6>6=6?67(5(P(C*W,^-(.a-W-L-C-=-9-5-4-2-1-3-5-7-7-6-6-5-5-4-3-2-2-1-1-0-/-/-.-.-*(((1(?(I(K(J(H(D(B(@(>(=(<(<(;(;(;(;(<(<(<(<(<(=(<(<(=(<(=(=(=(=(=(=(=(","tint":"P7(("},"922":{"spec":"3+C+Y+;,3-T-W-Z-a-5.-/f053)443Z1?0b.G-D,[+C+.+`*\\*\\*_*)+9+E+E+@+3+(+.+D+,)J)d)0*;*;*6*6*9*@*U*C+9,K,7,T+0+L***P)A)8)0)+)))))*).)3)7)7)5)0),).)6)1(((D(<(8(6(5(4(3(3(4(6(9(9(8(6(4(1(/(.(-(-(,(,(,(,(,(,(-(-(-(-(-(,(-(-(U(E(6)a,R2H6F7<7d6L666g5]5W5V5T5W5c5.696:6;6;6>6>6=6<6<6=6=6>6>6=6>6=6?67(5(P(C*W,^-(.a-W-L-C-=-9-5-4-2-1-3-5-7-7-6-6-5-5-4-3-2-2-1-1-0-/-/-.-.-*(((1(?(I(K(J(H(D(B(@(>(=(<(<(;(;(;(;(<(<(<(<(<(=(<(<(=(<(=(=(=(=(=(=(=(","tint":"P7(("},"9220":{"spec":"Y+>,3-A.40>1O1W1a1.2F2g2>3=383?3?34353<4P576D6O6[6d6,70737372727374737378)e)R*3+Q+Y+W+X+[+_+g+4,<,;,8,:,8,2,1,I,(-5-9-;-@-B-D-E-E-D-D-C-B-B-A-@-3(((N(F(A(?(=(<(;(:(:(9(9(8(8(8(8(7(7(9(;(<(<(<(>(=(=(>(=(>(>(>(>(>(>(>(U(E(6)a,R2H6F7<7d6L666g5]5W5V5T5W5c5.696:6;6;6>6>6=6<6<6=6=6>6>6=6>6=6?67(5(P(C*W,^-(.a-W-L-C-=-9-5-4-2-1-3-5-7-7-6-6-5-5-4-3-2-2-1-1-0-/-/-.-.-*(((1(?(I(K(J(H(D(B(@(>(=(<(<(;(;(;(;(<(<(<(<(<(=(<(<(=(<(=(=(=(=(=(=(=(","tint":"P7(("},"9221":{"spec":"W+6,b,d-F/D0S0Z0a0,1@1[1.2,2)20202g1)2f2/4R4^4(545<5C5H5L5M5M5N5P5R5S5T58)a)I*d*<+B+?+@+B+F+M+W+^+\\+Z+\\+[+U+U+*,D,P,T,V,Z,\\,^,_,`,`,_,_,_,_,_,_,3(((L(D(?(<(;(:(9(8(8(7(7(7(7(6(6(6(6(7(9(:(:(:(;(;(;(<(;(<(<(<(<(<(<(<(U(E(6)a,R2H6F7<7d6L666g5]5W5V5T5W5c5.696:6;6;6>6>6=6<6<6=6=6>6>6=6>6=6?67(5(P(C*W,^-(.a-W-L-C-=-9-5-4-2-1-3-5-7-7-6-6-5-5-4-3-2-2-1-1-0-/-/-.-.-*(((1(?(I(K(J(H(D(B(@(>(=(<(<(;(;(;(;(<(<(<(<(<(=(<(<(=(<(=(=(=(=(=(=(=(","tint":"P7(("},"9222":{"spec":"Y+6,_,\\-8/30A0G0M0V0d091F1F1D1J1K1E1G152)3A3K3T3^3f3-424647494;4=4?4@4B48)a)G*`*6+;+8+9+;+=+B+J+O+N+L+N+M+I+H+X+*,2,6,7,;,=,?,@,A,A,A,A,A,B,B,B,3(((L(C(>(<(:(:(8(8(7(7(6(6(6(5(5(5(5(6(7(8(8(8(9(9(9(:(9(:(:(:(:(:(:(:(U(E(6)a,R2H6F7<7d6L666g5]5W5V5T5W5c5.696:6;6;6>6>6=6<6<6=6=6>6>6=6>6=6?67(5(P(C*W,^-(.a-W-L-C-=-9-5-4-2-1-3-5-7-7-6-6-5-5-4-3-2-2-1-1-0-/-/-.-.-*(((1(?(I(K(J(H(D(B(@(>(=(<(<(;(;(;(;(<(<(<(<(<(=(<(<(=(<(=(=(=(=(=(=(=(","tint":"P7(("},"9223":{"spec":"R+-,S,L-c.Z/(0-030;0G0X0d0e0d0)1+1(1*1O162J2R2Z2c2*31363:3<3>3?3A3D3F3H36)])A*X*-+1+/+/+1+3+7+=+B+A+@+A+A+>+=+J+X+^+a+b+f+(,*,+,,,,,,,,,,,-,-,-,2(((J(B(=(;(:(9(7(7(6(6(6(5(5(5(5(4(4(5(6(7(7(7(8(7(8(8(8(9(9(9(9(9(9(9(U(E(6)a,R2H6F7<7d6L666g5]5W5V5T5W5c5.696:6;6;6>6>6=6<6<6=6=6>6>6=6>6=6?67(5(P(C*W,^-(.a-W-L-C-=-9-5-4-2-1-3-5-7-7-6-6-5-5-4-3-2-2-1-1-0-/-/-.-.-*(((1(?(I(K(J(H(D(B(@(>(=(<(<(;(;(;(;(<(<(<(<(<(=(<(<(=(<(=(=(=(=(=(=(=(","tint":"P7(("},"9224":{"spec":"O+@,E-*/61W2/383B3N3d3@4U4X4W4Z4[4W4X4=5c53696B6N6W6]6b6f6e6e6e6f6(7f6(75)f)[*G+.,=,<,=,@,C,K,V,^,],\\,\\,[,W,U,a,/-3-5-6-;-=-?-@-A-?-?->->->-=-=-2(((P(I(E(B(@(@(=(=(<(;(;(;(;(:(:(9(9(;(;(<(<(<(=(=(=(>(=(>(>(>(>(>(>(>(U(E(6)a,R2H6F7<7d6L666g5]5W5V5T5W5c5.696:6;6;6>6>6=6<6<6=6=6>6>6=6>6=6?67(5(P(C*W,^-(.a-W-L-C-=-9-5-4-2-1-3-5-7-7-6-6-5-5-4-3-2-2-1-1-0-/-/-.-.-*(((1(?(I(K(J(H(D(B(@(>(=(<(<(;(;(;(;(<(<(<(<(<(=(<(<(=(<(=(=(=(=(=(=(=(","tint":"P7(("},"9225":{"spec":"U+@,=-W.V0,2A2I2R2^233P3e3(4f3*4+4f3g3Q4=5Q5X5a5-666<6A6E6E6F6F6G6I6H6J67)f)W*=+`+,,*,+,.,1,9,C,K,K,J,J,I,E,C,Q,a,g,)-*-/-1-3-4-5-4-4-3-3-3-2-2-3(((O(H(C(@(?(>(<(;(;(:(:(9(9(9(9(8(8(:(;(;(;(;(=(<(<(=(<(=(=(=(=(=(=(=(U(E(6)a,R2H6F7<7d6L666g5]5W5V5T5W5c5.696:6;6;6>6>6=6<6<6=6=6>6>6=6>6=6?67(5(P(C*W,^-(.a-W-L-C-=-9-5-4-2-1-3-5-7-7-6-6-5-5-4-3-2-2-1-1-0-/-/-.-.-*(((1(?(I(K(J(H(D(B(@(>(=(<(<(;(;(;(;(<(<(<(<(<(=(<(<(=(<(=(=(=(=(=(=(=(","tint":"P7(("},"9226":{"spec":"M+;,>-_.g0C2X2_2g203@3S3a3c3c3e3g3e3g3B4\\4g4-555@5I5P5T5Y5Y5Z5[5\\5^5^5`54)c)W*A+g+5,3,3,6,8,>,E,J,I,I,H,G,D,C,K,U,W,Z,[,_,a,c,d,e,d,d,c,c,d,c,c,2(((O(H(D(A(@(?(=(<(;(:(:(9(9(9(9(8(8(9(:(:(:(:(<(;(;(<(;(<(<(<(<(<(<(<(U(E(6)a,R2H6F7<7d6L666g5]5W5V5T5W5c5.696:6;6;6>6>6=6<6<6=6=6>6>6=6>6=6?67(5(P(C*W,^-(.a-W-L-C-=-9-5-4-2-1-3-5-7-7-6-6-5-5-4-3-2-2-1-1-0-/-/-.-.-*(((1(?(I(K(J(H(D(B(@(>(=(<(<(;(;(;(;(<(<(<(<(<(=(<(<(=(<(=(=(=(=(=(=(=(","tint":"P7(("},"923":{"spec":"[+[+Z+Z+a+U+A+8+:+I+>,H.42>5a57575,6T6^6W6:6D5W4D4>4>4?4M4b465F5Q5U5P5N59)U)d)`)W)H)<)8)9)>)R)F*`+,-8-g,e,6-C-E-B-6-b,P,I,F,E,E,J,P,W,\\,_,`,^,],3(((D(:(4(1(/(/(.(.(/(2(7(;(<(:(:(;(<(=(=(<(;(:(:(9(9(:(:(;(;(<(<(<(<(<(U(E(6)a,R2H6F7<7d6L666g5]5W5V5T5W5c5.696:6;6;6>6>6=6<6<6=6=6>6>6=6>6=6?67(5(P(C*W,^-(.a-W-L-C-=-9-5-4-2-1-3-5-7-7-6-6-5-5-4-3-2-2-1-1-0-/-/-.-.-*(((1(?(I(K(J(H(D(B(@(>(=(<(<(;(;(;(;(<(<(<(<(<(=(<(<(=(<(=(=(=(=(=(=(=(","tint":"P7(("},"924":{"spec":"S+T+V+Y+c+\\+N+K+R+(,c,g.f1d3N3E2C2_3R5.7B8,9W858b7Y7V7P7L7D7?7<7<7:797:76)R)b)_)X)J)A)?)B)J)`)R*[+I,A,d+b+B,+-J-).7./.`-Y-U-T-P-N-J-H-F-E-D-C-C-2(((C(:(4(1(0(/(/(/(0(3(7(9(9(7(6(8(:(=(?(@(?(?(?(>(>(?(>(?(>(>(>(>(>(>(U(E(6)a,R2H6F7<7d6L666g5]5W5V5T5W5c5.696:6;6;6>6>6=6<6<6=6=6>6>6=6>6=6?67(5(P(C*W,^-(.a-W-L-C-=-9-5-4-2-1-3-5-7-7-6-6-5-5-4-3-2-2-1-1-0-/-/-.-.-*(((1(?(I(K(J(H(D(B(@(>(=(<(<(;(;(;(;(<(<(<(<(<(=(<(<(=(<(=(=(=(=(=(=(=(","tint":"P7(("},"9240":{"spec":"8+/,>-1/P1;3R3W3[3`3(4348424-40404)4)4[4[5<6G6Q6^6f6-7275757475757674777-)^)W*J+:,K,I,I,J,J,M,Q,S,O,L,L,J,F,D,U,,-6-:-<-A-C-E-E-F-E-D-D-C-C-B-B-1(((O(J(F(C(B(A(>(=(<(;(;(:(:(9(9(8(8(:(;(<(<(<(>(=(=(>(=(>(>(>(>(>(>(>(U(E(6)a,R2H6F7<7d6L666g5]5W5V5T5W5c5.696:6;6;6>6>6=6<6<6=6=6>6>6=6>6=6?67(5(P(C*W,^-(.a-W-L-C-=-9-5-4-2-1-3-5-7-7-6-6-5-5-4-3-2-2-1-1-0-/-/-.-.-*(((1(?(I(K(J(H(D(B(@(>(=(<(<(;(;(;(;(<(<(<(<(<(=(<(<(=(<(=(=(=(=(=(=(=(","tint":"P7(("},"9241":{"spec":"O+:,8-R.T0)2;2?2C2G2N2X2\\2V2Q2U2U2N2O2E3K4/5;5E5Q5Z5a5f5*6*6+6+6.6.6/6165)c)T*;+_+*,(,g+(,(,+,.,0,,,*,*,(,d+c+5,N,Z,_,`,e,g,)-*-+-*-*-)-*-)-)-)-2(((O(G(C(@(?(>(<(;(:(9(8(8(8(7(7(6(6(8(:(:(;(;(<(;(;(<(<(=(=(=(=(=(=(=(U(E(6)a,R2H6F7<7d6L666g5]5W5V5T5W5c5.696:6;6;6>6>6=6<6<6=6=6>6>6=6>6=6?67(5(P(C*W,^-(.a-W-L-C-=-9-5-4-2-1-3-5-7-7-6-6-5-5-4-3-2-2-1-1-0-/-/-.-.-*(((1(?(I(K(J(H(D(B(@(>(=(<(<(;(;(;(;(<(<(<(<(<(=(<(<(=(<(=(=(=(=(=(=(=(","tint":"P7(("},"9242":{"spec":"R+5,e,..X/^0-1115191?1I1M1G1C1I1I1A1C1;2=3\\3g314;4C4J4O4T4T4U4W4X4[4\\4]46)a)K*)+D+L+I+I+J+K+L+P+Q+N+L+M+L+G+G+Z+2,<,@,B,E,H,J,K,L,K,K,K,K,L,L,K,2(((M(E(@(=(<(;(9(9(8(7(7(6(6(5(5(5(5(6(8(9(9(9(:(9(:(;(:(;(;(;(;(;(;(;(U(E(6)a,R2H6F7<7d6L666g5]5W5V5T5W5c5.696:6;6;6>6>6=6<6<6=6=6>6>6=6>6=6?67(5(P(C*W,^-(.a-W-L-C-=-9-5-4-2-1-3-5-7-7-6-6-5-5-4-3-2-2-1-1-0-/-/-.-.-*(((1(?(I(K(J(H(D(B(@(>(=(<(<(;(;(;(;(<(<(<(<(<(=(<(<(=(<(=(=(=(=(=(=(=(","tint":"P7(("},"9243":{"spec":"V+3,\\,Y-5/10=0A0D0G0M0T0X0S0P0U0W0Q0S0@142M2W2_2)30373<3@3B3D3F3H3K3L3O37)`)F*_*5+:+7+7+7+7+9+<+=+:+9+:+9+5+5+D+W+_+c+d+(,*,,,-,.,.,.,.,.,/,/,0,3(((L(C(>(<(:(:(8(7(6(6(5(5(5(4(4(4(4(5(6(7(7(7(8(8(8(9(8(9(9(9(9(9(9(9(U(E(6)a,R2H6F7<7d6L666g5]5W5V5T5W5c5.696:6;6;6>6>6=6<6<6=6=6>6>6=6>6=6?67(5(P(C*W,^-(.a-W-L-C-=-9-5-4-2-1-3-5-7-7-6-6-5-5-4-3-2-2-1-1-0-/-/-.-.-*(((1(?(I(K(J(H(D(B(@(>(=(<(<(;(;(;(;(<(<(<(<(<(=(<(<(=(<(=(=(=(=(=(=(=(","tint":"P7(("},"9244":{"spec":"++g+=-:/b1W324:4@4F4O4Z4`4\\4Y4[4[4W4W4>5+6A6H6R6^6f6.7276767575767776767))Z)W*O+B,W,V,V,X,Y,\\,`,b,_,],],[,W,U,a,2-8-;-<-A-C-E-E-G-E-E-D-C-C-B-B-1(((O(J(G(D(C(B(?(>(=(<(<(;(;(:(:(9(9(;(<(<(<(<(>(=(=(>(=(>(>(>(>(>(>(>(U(E(6)a,R2H6F7<7d6L666g5]5W5V5T5W5c5.696:6;6;6>6>6=6<6<6=6=6>6>6=6>6=6?67(5(P(C*W,^-(.a-W-L-C-=-9-5-4-2-1-3-5-7-7-6-6-5-5-4-3-2-2-1-1-0-/-/-.-.-*(((1(?(I(K(J(H(D(B(@(>(=(<(<(;(;(;(;(<(<(<(<(<(=(<(<(=(<(=(=(=(=(=(=(=(","tint":"P7(("},"925":{"spec":"3+:+D+T+0,?,G,Z,B-A.?/O/6/Q.N-M,G,K-5/61W4,9g:F:I9c8Q8@818^7P7H7D7A7?7=7,)F)Y)])])X)W)^)-*D*\\*b*X*I*/*V)S),*R*@+S,7.d.U.?.0.).b-\\-T-N-J-H-G-E-D-1(((A(9(5(3(2(2(2(3(4(4(3(2(0(.(.(0(2(5(:(@(C(B(B(@(?(@(?(?(?(?(?(?(?(>(U(E(6)a,R2H6F7<7d6L666g5]5W5V5T5W5c5.696:6;6;6>6>6=6<6<6=6=6>6>6=6>6=6?67(5(P(C*W,^-(.a-W-L-C-=-9-5-4-2-1-3-5-7-7-6-6-5-5-4-3-2-2-1-1-0-/-/-.-.-*(((1(?(I(K(J(H(D(B(@(>(=(<(<(;(;(;(;(<(<(<(<(<(=(<(<(=(<(=(=(=(=(=(=(=(","tint":"P7(("},"926":{"spec":"g+>,`,R-`.O/_//0B0M030-/+.8-9,F+>+Z+6,a,1/P308W9A9a8P8@818_7Q7I7C7@7=7<7=)e)H*[*++,+++0+7+:+/+U*;*g)O)<)8)B)L)[)P*8,a-D.<./.(.b-\\-T-O-K-H-G-E-D-3(((L(C(=(:(9(9(8(7(6(3(1(0(.(-(-(-(.(/(2(8(?(A(A(@(?(@(?(?(?(?(?(?(>(>(U(E(6)a,R2H6F7<7d6L666g5]5W5V5T5W5c5.696:6;6;6>6>6=6<6<6=6=6>6>6=6>6=6?67(5(P(C*W,^-(.a-W-L-C-=-9-5-4-2-1-3-5-7-7-6-6-5-5-4-3-2-2-1-1-0-/-/-.-.-*(((1(?(I(K(J(H(D(B(@(>(=(<(<(;(;(;(;(<(<(<(<(<(=(<(<(=(<(=(=(=(=(=(=(=(","tint":"P7(("},"9260":{"spec":"D+;,I-:/U1@3W3[3]3]3]3_3\\3O3H3N3M3C3D3G4T576B6M6Y6b6)7.717171717273727471)c)]*O+<,M,K,J,K,I,I,I,H,A,>,@,=,8,6,M,)-5-9-:-?-A-C-D-E-D-C-B-B-B-A-A-2(((Q(J(F(C(B(A(>(=(<(;(:(9(9(8(8(8(7(:(;(<(<(<(>(=(=(>(=(>(>(>(>(>(>(>(U(E(6)a,R2H6F7<7d6L666g5]5W5V5T5W5c5.696:6;6;6>6>6=6<6<6=6=6>6>6=6>6=6?67(5(P(C*W,^-(.a-W-L-C-=-9-5-4-2-1-3-5-7-7-6-6-5-5-4-3-2-2-1-1-0-/-/-.-.-*(((1(?(I(K(J(H(D(B(@(>(=(<(<(;(;(;(;(<(<(<(<(<(=(<(<(=(<(=(=(=(=(=(=(=(","tint":"P7(("},"9261":{"spec":"U+=,6-J.C0R1d1f1g1f1e1g1c1V1P1V1V1L1M1T2+4V4e405<5D5K5P5T5U5V5V5X5Z5Z5]57)d)S*7+W+a+_+]+]+\\+[+[+Z+T+Q+R+Q+K+J+c+C,Q,W,Y,],_,a,b,c,c,c,b,b,b,b,b,3(((O(G(B(?(>(=(;(:(9(8(7(6(6(5(5(5(5(7(9(:(:(:(;(;(;(<(;(<(<(<(<(<(<(<(U(E(6)a,R2H6F7<7d6L666g5]5W5V5T5W5c5.696:6;6;6>6>6=6<6<6=6=6>6>6=6>6=6?67(5(P(C*W,^-(.a-W-L-C-=-9-5-4-2-1-3-5-7-7-6-6-5-5-4-3-2-2-1-1-0-/-/-.-.-*(((1(?(I(K(J(H(D(B(@(>(=(<(<(;(;(;(;(<(<(<(<(<(=(<(<(=(<(=(=(=(=(=(=(=(","tint":"P7(("},"9262":{"spec":"S+5,f,/.[/`0/1112121316141,1g0,1,1e0f0]1)3R3a3,474?4F4K4Q4R4S4T4W4Y4Z4]46)a)K**+F+M+J+I+I+H+H+I+H+D+A+B+A+=+<+O+*,8,>,@,D,F,H,I,K,K,K,J,K,K,K,K,2(((M(E(@(=(<(;(9(8(7(7(6(5(5(5(5(4(4(6(7(8(9(9(:(9(9(:(:(;(;(;(;(;(;(;(U(E(6)a,R2H6F7<7d6L666g5]5W5V5T5W5c5.696:6;6;6>6>6=6<6<6=6=6>6>6=6>6=6?67(5(P(C*W,^-(.a-W-L-C-=-9-5-4-2-1-3-5-7-7-6-6-5-5-4-3-2-2-1-1-0-/-/-.-.-*(((1(?(I(K(J(H(D(B(@(>(=(<(<(;(;(;(;(<(<(<(<(<(=(<(<(=(<(=(=(=(=(=(=(=(","tint":"P7(("},"9263":{"spec":"U+2,[,X-6/00<0>0@0A0B0D0D0>0;0?0@0;0=0)1d1D2Q2Z2d2,33383<3>3@3C3F3I3I3M37)_)E*^*5+:+6+5+6+5+5+6+6+2+1+2+1+-+-+<+Q+\\+a+b+f+(,*,+,-,,,-,-,.,/,.,/,3(((K(C(>(<(:(9(8(7(6(5(5(4(4(4(4(3(3(5(6(7(7(7(8(7(8(9(8(9(9(9(9(9(9(9(U(E(6)a,R2H6F7<7d6L666g5]5W5V5T5W5c5.696:6;6;6>6>6=6<6<6=6=6>6>6=6>6=6?67(5(P(C*W,^-(.a-W-L-C-=-9-5-4-2-1-3-5-7-7-6-6-5-5-4-3-2-2-1-1-0-/-/-.-.-*(((1(?(I(K(J(H(D(B(@(>(=(<(<(;(;(;(;(<(<(<(<(<(=(<(<(=(<(=(=(=(=(=(=(=(","tint":"P7(("},"927":{"spec":"L+A,K-8/L143V3T3.3/2X03/)./-/,@+7+D+G+Z+F-91R5U7X7E7;75717f6Y6N6D6=6>6I64)f)^*N+8,I,K,H,9,_+>+W*;*d)K)9)5):):)A)(*@+g,U-V-N-J-G-E-@-;-6-1-/-.-2-2(((Q(J(F(C(B(@(=(:(7(3(1(/(.(-(,(-(-(-(0(5(;(>(?(>(=(>(=(>(>(=(=(=(=(=(U(E(6)a,R2H6F7<7d6L666g5]5W5V5T5W5c5.696:6;6;6>6>6=6<6<6=6=6>6>6=6>6=6?67(5(P(C*W,^-(.a-W-L-C-=-9-5-4-2-1-3-5-7-7-6-6-5-5-4-3-2-2-1-1-0-/-/-.-.-*(((1(?(I(K(J(H(D(B(@(>(=(<(<(;(;(;(;(<(<(<(<(<(=(<(<(=(<(=(=(=(=(=(=(=(","tint":"P7(("},"928":{"spec":"H*@+P,D.`0]2W3b3?3C211S/J.M-I,V+H+H+9+6+c+/-T-J-@-<->-L-b-,.d-V-?---6-X-](I)@*4+d+?,K,M,?,g+G+c*G*/*U)B)<);)5)4)D)_)-*(*e)c)d)(*0*3*0*+*b)\\)_)+*/(((J(F(C(B(B(A(=(;(7(4(2(0(/(-(-(-(,(-(-(/(0(0(0(/(/(0(0(1(1(0(0(/(0(0(U(E(6)a,R2H6F7<7d6L666g5]5W5V5T5W5c5.696:6;6;6>6>6=6<6<6=6=6>6>6=6>6=6?67(5(P(C*W,^-(.a-W-L-C-=-9-5-4-2-1-3-5-7-7-6-6-5-5-4-3-2-2-1-1-0-/-/-.-.-*(((1(?(I(K(J(H(D(B(@(>(=(<(<(;(;(;(;(<(<(<(<(<(=(<(<(=(<(=(=(=(=(=(=(=(","tint":"P7(("},"9280":{"spec":"6+6,Q-U/D2>4X4Y4W4S4L4F4<4.4g3+4+4c3c3_4b5?6I6S6_6f6-7276757474757575757-)a)a*\\+Q,f,e,b,a,^,[,X,T,M,J,J,I,C,B,V,.-7-;-=-A-C-E-E-G-E-D-C-C-C-B-A-1(((R(L(H(F(D(C(@(?(=(<(;(:(9(9(9(8(8(:(;(<(<(<(>(=(=(>(=(>(>(>(>(>(>(>(U(E(6)a,R2H6F7<7d6L666g5]5W5V5T5W5c5.696:6;6;6>6>6=6<6<6=6=6>6>6=6>6=6?67(5(P(C*W,^-(.a-W-L-C-=-9-5-4-2-1-3-5-7-7-6-6-5-5-4-3-2-2-1-1-0-/-/-.-.-*(((1(?(I(K(J(H(D(B(@(>(=(<(<(;(;(;(;(<(<(<(<(<(=(<(<(=(<(=(=(=(=(=(=(=(","tint":"P7(("},"9281":{"spec":"N+A,L-8/M113B3A3<353+3b2U2D2;2A2@26272=3S4<5J5U5a5*61666:6;6:6;6<6>6=6?65)f)_*N+8,G,C,@,>,:,6,2,-,e+a+c+a+[+Z+2,Q,_,d,f,*---/-0-1-0-0-/-/-/-.-.-2(((Q(J(F(C(A(@(=(<(;(9(8(7(7(6(6(6(6(8(:(;(;(;(<(<(<(=(<(=(=(=(=(=(=(=(U(E(6)a,R2H6F7<7d6L666g5]5W5V5T5W5c5.696:6;6;6>6>6=6<6<6=6=6>6>6=6>6=6?67(5(P(C*W,^-(.a-W-L-C-=-9-5-4-2-1-3-5-7-7-6-6-5-5-4-3-2-2-1-1-0-/-/-.-.-*(((1(?(I(K(J(H(D(B(@(>(=(<(<(;(;(;(;(<(<(<(<(<(=(<(<(=(<(=(=(=(=(=(=(=(","tint":"P7(("},"9282":{"spec":"Y+D,B-\\.]022>2<28212(2_1S1C1<1B1A17181=2R3<4J4U4a4)5056595:5;5<5>5@5@5B58)g)Y*@+c+.,),f+d+`+\\+X+T+L+I+K+I+D+C+[+9,H,M,O,S,V,X,Y,Z,Y,Y,X,Y,Y,X,X,3(((P(H(C(A(?(>(;(:(9(8(7(6(6(5(5(5(4(6(8(9(:(:(;(:(:(;(;(;(;(;(<(<(<(<(U(E(6)a,R2H6F7<7d6L666g5]5W5V5T5W5c5.696:6;6;6>6>6=6<6<6=6=6>6>6=6>6=6?67(5(P(C*W,^-(.a-W-L-C-=-9-5-4-2-1-3-5-7-7-6-6-5-5-4-3-2-2-1-1-0-/-/-.-.-*(((1(?(I(K(J(H(D(B(@(>(=(<(<(;(;(;(;(<(<(<(<(<(=(<(<(=(<(=(=(=(=(=(=(=(","tint":"P7(("},"9283":{"spec":"\\+@,3->.-041A1C1B1?1;17111(1d0(1)1d0e0S1R263D3N3X3`3g3,41424345484:4<4>49)f)R*1+N+U+Q+P+O+M+K+I+G+B+@+A+@+<+<+K+b+.,3,5,9,;,=,>,@,?,?,?,@,@,@,@,3(((N(F(A(>(=(<(:(9(8(7(6(5(5(4(4(4(4(6(7(8(8(8(9(9(9(:(9(:(:(:(:(:(:(:(U(E(6)a,R2H6F7<7d6L666g5]5W5V5T5W5c5.696:6;6;6>6>6=6<6<6=6=6>6>6=6>6=6?67(5(P(C*W,^-(.a-W-L-C-=-9-5-4-2-1-3-5-7-7-6-6-5-5-4-3-2-2-1-1-0-/-/-.-.-*(((1(?(I(K(J(H(D(B(@(>(=(<(<(;(;(;(;(<(<(<(<(<(=(<(<(=(<(=(=(=(=(=(=(=(","tint":"P7(("},"9284":{"spec":"d+U,Z-@/M1)37313)3[2J2;2(2P1D1L1J1;1<1]2d4-6E6R6_6g6.7276767475757675767<)/*f*R+8,D,?,:,7,0,),c+\\+Q+L+O+L+E+D+f+W,1-:-<-A-C-E-E-G-E-D-D-C-C-B-B-3(((S(K(F(C(A(?(=(;(:(8(7(6(6(5(5(5(5(7(:(<(<(<(>(=(=(>(=(>(>(>(>(>(>(>(U(E(6)a,R2H6F7<7d6L666g5]5W5V5T5W5c5.696:6;6;6>6>6=6<6<6=6=6>6>6=6>6=6?67(5(P(C*W,^-(.a-W-L-C-=-9-5-4-2-1-3-5-7-7-6-6-5-5-4-3-2-2-1-1-0-/-/-.-.-*(((1(?(I(K(J(H(D(B(@(>(=(<(<(;(;(;(;(<(<(<(<(<(=(<(<(=(<(=(=(=(=(=(=(=(","tint":"P7(("},"9285":{"spec":"X*^+A-Q/M2T435:5>5@5A5A5>5956585957585V526>6C6K6W6_6f6+7/7.7.7.7.707/707c(V)Y*Z+U,/-/-/-0-/-/-/---*-(-g,f,c,a,*-4-7-9-:->-@-B-C-D-C-B-A-@-A-@-?-0(((P(L(I(G(E(D(A(@(?(=(<(;(;(:(:(:(:(;(<(<(<(<(>(=(=(>(=(>(>(>(>(>(>(>(U(E(6)a,R2H6F7<7d6L666g5]5W5V5T5W5c5.696:6;6;6>6>6=6<6<6=6=6>6>6=6>6=6?67(5(P(C*W,^-(.a-W-L-C-=-9-5-4-2-1-3-5-7-7-6-6-5-5-4-3-2-2-1-1-0-/-/-.-.-*(((1(?(I(K(J(H(D(B(@(>(=(<(<(;(;(;(;(<(<(<(<(<(=(<(<(=(<(=(=(=(=(=(=(=(","tint":"P7(("},"9286":{"spec":"5+2,H-F/02d3;4;47404e3\\3O3=343:393.3/374N556B6M6Z6c6*7/72727272727472747,)_)]*U+H,\\,Y,W,U,P,L,H,C,;,7,8,6,0,.,G,g,4-9-:-?-B-D-D-E-D-D-C-B-B-A-A-1(((Q(K(G(E(C(B(?(>(<(;(:(8(8(8(8(7(7(9(;(<(<(<(>(=(=(>(=(>(>(>(>(>(>(>(U(E(6)a,R2H6F7<7d6L666g5]5W5V5T5W5c5.696:6;6;6>6>6=6<6<6=6=6>6>6=6>6=6?67(5(P(C*W,^-(.a-W-L-C-=-9-5-4-2-1-3-5-7-7-6-6-5-5-4-3-2-2-1-1-0-/-/-.-.-*(((1(?(I(K(J(H(D(B(@(>(=(<(<(;(;(;(;(<(<(<(<(<(=(<(<(=(<(=(=(=(=(=(=(=(","tint":"P7(("},"929":{"spec":"Y+0,O,?-J.6/;/=/E/Z/T0F2B4+5?433a1G0(/_-0-S,:,),d+e+),5,I,W,X,Q,A,4,:,U,8)^)?*R*b*b*]*\\*_*f*<+g+V,d,S,5,U+2+M*2*`)U)L)E)C)D)E)I)P)U)U)R)L)G)I)S)3(((J(A(<(9(8(7(6(6(7(8(;(;(:(8(6(4(1(0(/(/(.(.(.(.(.(.(.(/(/(/(.(.(.(/(U(E(6)a,R2H6F7<7d6L666g5]5W5V5T5W5c5.696:6;6;6>6>6=6<6<6=6=6>6>6=6>6=6?67(5(P(C*W,^-(.a-W-L-C-=-9-5-4-2-1-3-5-7-7-6-6-5-5-4-3-2-2-1-1-0-/-/-.-.-*(((1(?(I(K(J(H(D(B(@(>(=(<(<(;(;(;(;(<(<(<(<(<(=(<(<(=(<(=(=(=(=(=(=(=(","tint":"P7(("},"930":{"spec":"U,[,e,4-S-V-A-6-8-I-F.T0e366H6*6*6I6]6a6Z6I6*6S5K5K5L5O5X5d50696@6B6>6>6L)2*K*L*I*<*.*(*)*/*F*<+K,A-G-:-8-A-F-F-C-;-0-e,c,b,b,b,e,(-,-.-0-0-.-.-5(((M(@(:(6(4(3(2(2(3(6(:(=(=(;(;(<(<(=(=(<(<(;(<(;(;(<(;(<(=(=(=(=(=(=(U(E(6)a,R2H6F7<7d6L666g5]5W5V5T5W5c5.696:6;6;6>6>6=6<6<6=6=6>6>6=6>6=6?67(5(P(C*W,^-(.a-W-L-C-=-9-5-4-2-1-3-5-7-7-6-6-5-5-4-3-2-2-1-1-0-/-/-.-.-*(((1(?(I(K(J(H(D(B(@(>(=(<(<(;(;(;(;(<(<(<(<(<(=(<(<(=(<(=(=(=(=(=(=(=(","tint":"P7(("},"9300":{"spec":"/+3,T-a/Y2Y4/5,5g4_4V4L4@4/4^3T3Q3J3A3\\3]4a5>6N6\\6f6-7274747372747574747*)`)c*b+Z,1---*-g,b,^,Z,V,N,G,B,?,:,5,=,U,--7-;-@-C-E-E-F-E-D-C-C-C-B-A-1(((R(M(I(G(E(C(@(?(=(<(;(:(9(8(8(8(7(9(:(;(<(<(>(=(=(>(=(>(>(>(>(>(>(>(U(E(6)a,R2H6F7<7d6L666g5]5W5V5T5W5c5.696:6;6;6>6>6=6<6<6=6=6>6>6=6>6=6?67(5(P(C*W,^-(.a-W-L-C-=-9-5-4-2-1-3-5-7-7-6-6-5-5-4-3-2-2-1-1-0-/-/-.-.-*(((1(?(I(K(J(H(D(B(@(>(=(<(<(;(;(;(;(<(<(<(<(<(=(<(<(=(<(=(=(=(=(=(=(=(","tint":"P7(("},"9301":{"spec":"=+8,L-F/+2[3/4.4*4b3X3N3A303Z2J2E2E2C2-364.5H5X5e5.666;6?6?6?6>6@6B6B6C6/)b)_*U+F,X,U,R,P,K,G,C,>,6,-,f+b+a+^+,,G,Z,c,g,,-/-1-2-3-2-1-0-0-0-0-/-1(((Q(K(G(D(C(A(?(=(<(:(9(8(8(7(6(6(6(8(9(:(;(;(<(<(<(=(<(=(=(=(=(=(=(=(U(E(6)a,R2H6F7<7d6L666g5]5W5V5T5W5c5.696:6;6;6>6>6=6<6<6=6=6>6>6=6>6=6?67(5(P(C*W,^-(.a-W-L-C-=-9-5-4-2-1-3-5-7-7-6-6-5-5-4-3-2-2-1-1-0-/-/-.-.-*(((1(?(I(K(J(H(D(B(@(>(=(<(<(;(;(;(;(<(<(<(<(<(=(<(<(=(<(=(=(=(=(=(=(=(","tint":"P7(("},"9302":{"spec":"W+A,>-V.U0(2624202*2_1T1G151`0P0K0K0J041E2G3g394F4O4W4\\4a4a4c4d4e4g4(5*58)f)W*=+_+*,f+c+a+]+Y+T+O+G+?+8+5+3+2+@+]+4,@,E,I,L,O,O,Q,P,P,P,P,P,P,P,3(((O(H(C(@(>(=(;(:(9(7(6(5(5(4(4(4(4(5(7(8(9(9(:(:(:(;(:(;(;(;(;(;(;(;(U(E(6)a,R2H6F7<7d6L666g5]5W5V5T5W5c5.696:6;6;6>6>6=6<6<6=6=6>6>6=6>6=6?67(5(P(C*W,^-(.a-W-L-C-=-9-5-4-2-1-3-5-7-7-6-6-5-5-4-3-2-2-1-1-0-/-/-.-.-*(((1(?(I(K(J(H(D(B(@(>(=(<(<(;(;(;(;(<(<(<(<(<(=(<(<(=(<(=(=(=(=(=(=(=(","tint":"P7(("},"9303":{"spec":"Q+4,g,1.`/g03111-1g0_0T0I0:0(0Y/U/W/X/?0D192S2b2.373>3B3G3I3J3L3O3Q3R3U36)`)L*++H+P+L+I+G+D+@+<+8+1+*+c*a*`*_*,+E+X+a+e+*,,,.,/,1,0,0,0,1,1,1,2,2(((M(E(@(>(<(;(9(8(7(6(5(4(4(3(3(3(2(4(5(6(7(7(8(8(8(9(8(9(9(9(9(9(9(9(U(E(6)a,R2H6F7<7d6L666g5]5W5V5T5W5c5.696:6;6;6>6>6=6<6<6=6=6>6>6=6>6=6?67(5(P(C*W,^-(.a-W-L-C-=-9-5-4-2-1-3-5-7-7-6-6-5-5-4-3-2-2-1-1-0-/-/-.-.-*(((1(?(I(K(J(H(D(B(@(>(=(<(<(;(;(;(;(<(<(<(<(<(=(<(<(=(<(=(=(=(=(=(=(=(","tint":"P7(("},"931":{"spec":"6,<,F,U,3-9-*-f,.-E-D.H083a4O4T3S3]416.7c7;8+8V7L7I7H7G7E7?7<79797977777B)d);*=*;*0*e)b)e)-*E*7+:,a,Y,B,@,Y,6-J-]-e-_-U-Q-P-N-M-L-I-G-E-D-D-C-B-4(((I(>(8(5(3(2(2(2(3(5(9(;(:(8(8(:(;(=(>(?(>(>(?(>(>(?(>(?(>(>(>(>(>(>(U(E(6)a,R2H6F7<7d6L666g5]5W5V5T5W5c5.696:6;6;6>6>6=6<6<6=6=6>6>6=6>6=6?67(5(P(C*W,^-(.a-W-L-C-=-9-5-4-2-1-3-5-7-7-6-6-5-5-4-3-2-2-1-1-0-/-/-.-.-*(((1(?(I(K(J(H(D(B(@(>(=(<(<(;(;(;(;(<(<(<(<(<(=(<(<(=(<(=(=(=(=(=(=(=(","tint":"P7(("},"932":{"spec":"^+,,?,],M-*.4.I.4/30/1?1)1F0B/=.6.=/g0]2X5_8a9@9W8>838)8_7Q7H7B7?7=7;797:)])7*A*G*D*B*H*Y*0+F+L+D+5+[*A*=*V*<+f++-2.J.;.,.c-^-Y-U-O-L-H-G-E-D-C-3(((H(?(9(7(6(6(5(7(7(7(6(4(3(1(1(2(4(7(;(@(A(@(@(?(?(?(>(?(?(?(?(>(>(>(U(E(6)a,R2H6F7<7d6L666g5]5W5V5T5W5c5.696:6;6;6>6>6=6<6<6=6=6>6>6=6>6=6?67(5(P(C*W,^-(.a-W-L-C-=-9-5-4-2-1-3-5-7-7-6-6-5-5-4-3-2-2-1-1-0-/-/-.-.-*(((1(?(I(K(J(H(D(B(@(>(=(<(<(;(;(;(;(<(<(<(<(<(=(<(<(=(<(=(=(=(=(=(=(=(","tint":"P7(("},"9320":{"spec":"2+:,b-7073?5W5S5M5F5;5+5\\4H4`343+3;3<3S3U4S536G6V6a6(7-70707/70717270737+)c)*+-,g,A-=-9-6-1---f,`,W,G,6,1,5,3,:,R,g,3-8->-A-C-D-D-C-C-B-B-B-@-@-1(((T(O(K(H(F(E(A(@(>(=(;(:(9(8(7(7(7(8(:(;(<(<(>(=(=(>(=(>(>(>(>(>(>(>(U(E(6)a,R2H6F7<7d6L666g5]5W5V5T5W5c5.696:6;6;6>6>6=6<6<6=6=6>6>6=6>6=6?67(5(P(C*W,^-(.a-W-L-C-=-9-5-4-2-1-3-5-7-7-6-6-5-5-4-3-2-2-1-1-0-/-/-.-.-*(((1(?(I(K(J(H(D(B(@(>(=(<(<(;(;(;(;(<(<(<(<(<(=(<(<(=(<(=(=(=(=(=(=(=(","tint":"P7(("},"9321":{"spec":"9+;,X-`/S2M4c4a4[4T4I4;4-4Z353L2D2Q2R2(3g3e4E5X5(626:6?6C6C6C6C6E6F6F6G6.)c)e*b+W,,-)-e,b,^,Y,T,N,F,7,g+b+e+d+*,A,W,b,g,--0-2-3-4-3-3-2-2-2-1-1-1(((R(M(I(F(D(C(@(?(=(;(:(9(8(7(6(7(6(7(9(:(;(;(<(<(<(=(<(=(=(=(=(=(=(=(U(E(6)a,R2H6F7<7d6L666g5]5W5V5T5W5c5.696:6;6;6>6>6=6<6<6=6=6>6>6=6>6=6?67(5(P(C*W,^-(.a-W-L-C-=-9-5-4-2-1-3-5-7-7-6-6-5-5-4-3-2-2-1-1-0-/-/-.-.-*(((1(?(I(K(J(H(D(B(@(>(=(<(<(;(;(;(;(<(<(<(<(<(=(<(<(=(<(=(=(=(=(=(=(=(","tint":"P7(("},"9322":{"spec":"A+7,D-5/O183L3J3D3<303_2P2;2S1g0_0/111I1P2Y3?4U4e40585=5B5B5C5D5G5G5I5K50)a)Z*L+9,J,G,D,A,=,7,1,+,b+R+A+<+A+@+G+a+;,I,O,U,X,Z,[,],\\,\\,[,\\,[,\\,\\,2(((P(J(F(C(A(@(=(<(;(9(8(7(6(4(4(4(4(5(7(8(9(:(;(:(;(<(;(<(<(<(<(<(<(<(U(E(6)a,R2H6F7<7d6L666g5]5W5V5T5W5c5.696:6;6;6>6>6=6<6<6=6=6>6>6=6>6=6?67(5(P(C*W,^-(.a-W-L-C-=-9-5-4-2-1-3-5-7-7-6-6-5-5-4-3-2-2-1-1-0-/-/-.-.-*(((1(?(I(K(J(H(D(B(@(>(=(<(<(;(;(;(;(<(<(<(<(<(=(<(<(=(<(=(=(=(=(=(=(=(","tint":"P7(("},"9323":{"spec":"S+:,1-B.80E1R1R1N1I1@151)1X090X/Q/Z/W/+0(1)2P2d213:3B3G3L3M3N3P3S3V3X3Z36)c)Q*3+S+\\+X+V+T+Q+M+H+D+<+0+c*_*a*_*e*;+R+`+f++,-,0,1,2,2,2,2,2,3,3,3,2(((N(F(B(?(=(<(:(9(8(6(6(5(4(3(3(3(2(3(5(6(7(7(8(8(8(9(8(9(9(9(9(9(9(9(U(E(6)a,R2H6F7<7d6L666g5]5W5V5T5W5c5.696:6;6;6>6>6=6<6<6=6=6>6>6=6>6=6?67(5(P(C*W,^-(.a-W-L-C-=-9-5-4-2-1-3-5-7-7-6-6-5-5-4-3-2-2-1-1-0-/-/-.-.-*(((1(?(I(K(J(H(D(B(@(>(=(<(<(;(;(;(;(<(<(<(<(<(=(<(<(=(<(=(=(=(=(=(=(=(","tint":"P7(("},"9324":{"spec":"8+=,^-+0d2c435(5Y4I414R373W2\\1`0T0g0(1F1*3Y4Y5:6O6\\6e6*7/7/7.7-7/7/70707-)d)(+g+_,5-/-(-b,Z,P,D,:,,,U+>+8+>+=+F++,R,*-4-;-?-B-C-D-C-B-A-A-@-@-?-1(((S(N(J(G(E(C(@(>(<(:(9(8(6(4(4(4(4(5(7(:(;(<(=(=(=(>(=(>(>(>(>(>(>(>(U(E(6)a,R2H6F7<7d6L666g5]5W5V5T5W5c5.696:6;6;6>6>6=6<6<6=6=6>6>6=6>6=6?67(5(P(C*W,^-(.a-W-L-C-=-9-5-4-2-1-3-5-7-7-6-6-5-5-4-3-2-2-1-1-0-/-/-.-.-*(((1(?(I(K(J(H(D(B(@(>(=(<(<(;(;(;(;(<(<(<(<(<(=(<(<(=(<(=(=(=(=(=(=(=(","tint":"P7(("},"933":{"spec":"5,X,J-T.?0E1Y1g182@2)2g0g/2/-.2-)-H-(.T.d0c448f8R8=828)8`7R7H7A7?7<7:797B)0*^*<+V+\\+Z+^+d+f+\\+C+++V*;*d)`)+*6*E*:+V,b-2.+.b-^-Y-V-O-L-H-G-E-D-C-4(((Q(G(B(?(=(=(;(;(9(6(4(2(1(/(/(0(0(1(5(:(?(@(@(?(?(?(>(?(?(?(?(>(>(>(U(E(6)a,R2H6F7<7d6L666g5]5W5V5T5W5c5.696:6;6;6>6>6=6<6<6=6=6>6>6=6>6=6?67(5(P(C*W,^-(.a-W-L-C-=-9-5-4-2-1-3-5-7-7-6-6-5-5-4-3-2-2-1-1-0-/-/-.-.-*(((1(?(I(K(J(H(D(B(@(>(=(<(<(;(;(;(;(<(<(<(<(<(=(<(<(=(<(=(=(=(=(=(=(=(","tint":"P7(("},"934":{"spec":"`+[,/.(0H294X4X4<4N3E2+1a/e.^-g,\\,+-.-B-4/_2D6X7U7H7A7>7:727(7a6[6V6V6]6;)2*1+f+S,d,e,b,W,C,g+E+(+Q*5*`)[)`)`)g)Q*f+9-V-U-O-L-J-H-D-@-=-:-8-7-9-3(((U(N(I(F(D(C(?(=(:(6(4(2(1(/(/(/(/(0(2(7(<(>(?(>(>(?(=(>(>(>(>(>(>(>(U(E(6)a,R2H6F7<7d6L666g5]5W5V5T5W5c5.696:6;6;6>6>6=6<6<6=6=6>6>6=6>6=6?67(5(P(C*W,^-(.a-W-L-C-=-9-5-4-2-1-3-5-7-7-6-6-5-5-4-3-2-2-1-1-0-/-/-.-.-*(((1(?(I(K(J(H(D(B(@(>(=(<(<(;(;(;(;(<(<(<(<(<(=(<(<(=(<(=(=(=(=(=(=(=(","tint":"P7(("},"9340":{"spec":"c*0,]-:0C3P5,6-6,6)6b5R5>5f4H434147444=4S405D5M5N5W5/6H6[6d6(7+7-7/7.717f(^)g*.,--G-E-C-B-?-;-5---b,W,M,K,K,H,J,Q,[,b,c,d,f,.-6-=-?-@-@-@-@-?-@-0(((S(O(K(I(G(E(B(A(?(=(<(;(:(9(9(9(8(9(:(:(;(;(<(;(<(=(=(>(>(>(>(>(>(>(U(E(6)a,R2H6F7<7d6L666g5]5W5V5T5W5c5.696:6;6;6>6>6=6<6<6=6=6>6>6=6>6=6?67(5(P(C*W,^-(.a-W-L-C-=-9-5-4-2-1-3-5-7-7-6-6-5-5-4-3-2-2-1-1-0-/-/-.-.-*(((1(?(I(K(J(H(D(B(@(>(=(<(<(;(;(;(;(<(<(<(<(<(=(<(<(=(<(=(=(=(=(=(=(=(","tint":"P7(("},"9341":{"spec":"<+>,]-e/X2U4.5/5-5g4\\4E4g3F3^2A2?2F2C2J2(3S324;474=4]4B5_5-656:6=6?6A6C6/)e)g*d+Z,0---+-)-e,a,X,L,>,.,c+`+a+^+_+*,9,D,E,D,F,Q,],g,+-.-/-/-/-/-/-1(((S(M(I(G(E(C(A(?(>(<(:(9(8(6(6(6(6(7(7(8(9(9(:(9(:(<(;(=(=(=(=(=(=(=(U(E(6)a,R2H6F7<7d6L666g5]5W5V5T5W5c5.696:6;6;6>6>6=6<6<6=6=6>6>6=6>6=6?67(5(P(C*W,^-(.a-W-L-C-=-9-5-4-2-1-3-5-7-7-6-6-5-5-4-3-2-2-1-1-0-/-/-.-.-*(((1(?(I(K(J(H(D(B(@(>(=(<(<(;(;(;(;(<(<(<(<(<(=(<(<(=(<(=(=(=(=(=(=(=(","tint":"P7(("},"9342":{"spec":"9+6,M-K/32)4B4A4?4:404[3A3d2B2*2)2/2-262Q273P3X3W3`3=4^485F5N5S5V5Y5Y5]5.)a)_*W+I,^,\\,Y,X,T,P,H,>,1,d+Z+X+X+V+X+b+.,8,9,8,;,E,P,Y,],`,a,a,b,a,b,1(((Q(K(H(E(C(B(?(>(<(;(9(8(7(6(6(6(6(6(7(8(8(8(9(9(9(;(:(<(<(<(<(<(<(<(U(E(6)a,R2H6F7<7d6L666g5]5W5V5T5W5c5.696:6;6;6>6>6=6<6<6=6=6>6>6=6>6=6?67(5(P(C*W,^-(.a-W-L-C-=-9-5-4-2-1-3-5-7-7-6-6-5-5-4-3-2-2-1-1-0-/-/-.-.-*(((1(?(I(K(J(H(D(B(@(>(=(<(<(;(;(;(;(<(<(<(<(<(=(<(<(=(<(=(=(=(=(=(=(=(","tint":"P7(("},"9343":{"spec":"H+@,Q-F/c1Q3g3f3c3]3Q393Y262O121017141;1Y1G2g213+313R3;4[4-575<5A5D5E5J53)f)a*U+B,T,R,O,M,I,D,;,.,`+Q+E+C+D+A+B+M+]+),+,(,*,6,D,O,T,X,X,Z,Z,Z,[,2(((R(K(G(D(B(A(>(=(<(:(8(7(6(5(5(5(4(5(6(7(7(8(8(8(8(:(:(;(;(;(<(<(<(<(U(E(6)a,R2H6F7<7d6L666g5]5W5V5T5W5c5.696:6;6;6>6>6=6<6<6=6=6>6>6=6>6=6?67(5(P(C*W,^-(.a-W-L-C-=-9-5-4-2-1-3-5-7-7-6-6-5-5-4-3-2-2-1-1-0-/-/-.-.-*(((1(?(I(K(J(H(D(B(@(>(=(<(<(;(;(;(;(<(<(<(<(<(=(<(<(=(<(=(=(=(=(=(=(=(","tint":"P7(("},"9344":{"spec":")+.,Q-`/Y2]46505c4O4*4.3*2*1)0@/=/E/@/G/309112;2(2,2f254<5)6B6O6Y6\\6`6e6()])a*b+Z,3-0-+-e,\\,N,7,\\+C+*+Z*X*Y*V*X*(+@+U+W+P+Q+f+A,[,*-2-6-9-:-:-;-1(((R(M(I(G(E(C(@(?(<(9(7(5(4(2(2(2(2(2(3(5(6(6(7(6(7(:(;(=(=(=(>(>(>(>(U(E(6)a,R2H6F7<7d6L666g5]5W5V5T5W5c5.696:6;6;6>6>6=6<6<6=6=6>6>6=6>6=6?67(5(P(C*W,^-(.a-W-L-C-=-9-5-4-2-1-3-5-7-7-6-6-5-5-4-3-2-2-1-1-0-/-/-.-.-*(((1(?(I(K(J(H(D(B(@(>(=(<(<(;(;(;(;(<(<(<(<(<(=(<(<(=(<(=(=(=(=(=(=(=(","tint":"P7(("},"9345":{"spec":"G*Q+<-U/[2,5N5V5Y5[5Z5S5H595e4U4V4[4Z4b425H5W5^5c5,6?6R6`6e6)7*7+7-7-7.7](P)V*\\+[,9-9-:-:-9-8-5-1-*-a,Z,Y,X,V,W,],c,)-)-+-.-4-:-?-?-@-@-?-@-?-?-/(((O(L(I(H(F(E(B(A(?(>(=(;(;(:(:(9(9(:(:(;(;(;(<(<(<(>(=(>(>(>(>(>(>(>(U(E(6)a,R2H6F7<7d6L666g5]5W5V5T5W5c5.696:6;6;6>6>6=6<6<6=6=6>6>6=6>6=6?67(5(P(C*W,^-(.a-W-L-C-=-9-5-4-2-1-3-5-7-7-6-6-5-5-4-3-2-2-1-1-0-/-/-.-.-*(((1(?(I(K(J(H(D(B(@(>(=(<(<(;(;(;(;(<(<(<(<(<(=(<(<(=(<(=(=(=(=(=(=(=(","tint":"P7(("},"935":{"spec":"g*e+=-</b1b3S4\\4D4X3V2B1;0</2.8-g,g,U,Q,C-X.B/8/./*/-/=/T/_/X/H///[.d.I/()Y)W*P+B,[,c,c,Z,G,.,M+2+Y*=*g)_)_)W)U)g)F*U*P*M*K*L*Q*Y*\\*Z*T*J*C*F*S*0(((O(J(G(E(D(C(?(=(:(7(5(3(1(/(/(/(.(/(0(1(2(2(2(2(2(3(3(4(3(3(2(2(2(3(U(E(6)a,R2H6F7<7d6L666g5]5W5V5T5W5c5.696:6;6;6>6>6=6<6<6=6=6>6>6=6>6=6?67(5(P(C*W,^-(.a-W-L-C-=-9-5-4-2-1-3-5-7-7-6-6-5-5-4-3-2-2-1-1-0-/-/-.-.-*(((1(?(I(K(J(H(D(B(@(>(=(<(<(;(;(;(;(<(<(<(<(<(=(<(<(=(<(=(=(=(=(=(=(=(","tint":"P7(("},"936":{"spec":"c+C,0-3.V/V0]0^0e081-2O325P5/54423a1F0</I.*.N-:-6-7-;-H-`-0.1.).V-F-M-,.<)g)P*,+C+I+C+B+D+J+^+C,)-2-e,N,3,S+0+T*A*5*+*c)a)a)b)g)/*5*5*2*+*e)g)2*3(((N(E(@(=(;(:(9(9(9(:(<(<(;(9(7(5(3(2(1(0(0(/(0(/(/(0(0(1(1(1(0(0(0(1(U(E(6)a,R2H6F7<7d6L666g5]5W5V5T5W5c5.696:6;6;6>6>6=6<6<6=6=6>6>6=6>6=6?67(5(P(C*W,^-(.a-W-L-C-=-9-5-4-2-1-3-5-7-7-6-6-5-5-4-3-2-2-1-1-0-/-/-.-.-*(((1(?(I(K(J(H(D(B(@(>(=(<(<(;(;(;(;(<(<(<(<(<(=(<(<(=(<(=(=(=(=(=(=(=(","tint":"P7(("},"9360":{"spec":"V*b+M-(0/3>5^5`5\\5T5D5g4B4Y3*3E2?2A27272O243M3Q3K3Q314Z4?5S5[5\\5X5R5W5g5b(X)_*f+d,@-@->-;-7-0-e,V,E,3,d+`+_+Z+X+a+-,6,6,4,6,A,O,\\,b,d,d,b,_,`,e,0(((Q(N(J(H(F(E(B(@(?(<(;(9(8(7(6(6(6(6(7(8(8(8(9(8(9(;(;(<(<(<(<(<(<(<(U(E(6)a,R2H6F7<7d6L666g5]5W5V5T5W5c5.696:6;6;6>6>6=6<6<6=6=6>6>6=6>6=6?67(5(P(C*W,^-(.a-W-L-C-=-9-5-4-2-1-3-5-7-7-6-6-5-5-4-3-2-2-1-1-0-/-/-.-.-*(((1(?(I(K(J(H(D(B(@(>(=(<(<(;(;(;(;(<(<(<(<(<(=(<(<(=(<(=(=(=(=(=(=(=(","tint":"P7(("},"9361":{"spec":"c*f+E-O/D2F4b4c4^4T4A4`373L2\\1<181<14181S1<2V2Z2T2\\2?3,4T4*5354515-515A5f(Z)[*Y+Q,*-(-f,d,^,V,J,:,(,U+I+F+E+A+A+K+Y+b+b+`+c+/,>,L,S,V,V,T,R,S,X,0(((P(L(H(F(D(C(@(?(=(;(9(7(6(5(5(5(4(5(6(6(7(7(8(7(8(:(:(;(;(;(;(;(;(<(U(E(6)a,R2H6F7<7d6L666g5]5W5V5T5W5c5.696:6;6;6>6>6=6<6<6=6=6>6>6=6>6=6?67(5(P(C*W,^-(.a-W-L-C-=-9-5-4-2-1-3-5-7-7-6-6-5-5-4-3-2-2-1-1-0-/-/-.-.-*(((1(?(I(K(J(H(D(B(@(>(=(<(<(;(;(;(;(<(<(<(<(<(=(<(<(=(<(=(=(=(=(=(=(=(","tint":"P7(("},"9362":{"spec":"6+.,?-5/S1D3]3_3[3S3C3c2;2Q1b0@0=0B0:0;0W0B1_1d1\\1a1D223Z314;4=4:474<4L4-)])X*L+;,O,N,L,J,E,?,2,c+R+@+2+/+0+,+++5+D+N+O+L+M+Y+),7,?,B,B,@,?,@,E,1(((P(J(F(D(B(A(>(=(;(9(8(6(5(4(4(3(3(4(4(5(6(6(6(6(7(8(8(:(:(:(:(:(:(:(U(E(6)a,R2H6F7<7d6L666g5]5W5V5T5W5c5.696:6;6;6>6>6=6<6<6=6=6>6>6=6>6=6?67(5(P(C*W,^-(.a-W-L-C-=-9-5-4-2-1-3-5-7-7-6-6-5-5-4-3-2-2-1-1-0-/-/-.-.-*(((1(?(I(K(J(H(D(B(@(>(=(<(<(;(;(;(;(<(<(<(<(<(=(<(<(=(<(=(=(=(=(=(=(=(","tint":"P7(("},"9363":{"spec":"?+0,6-].*1M2b2b2_2Y2M232R1.1D0g/d/(0b/d/=0d0>1C1=1B1a1I2-3A3J3M3K3J3N3\\30)^)S*@+),9,7,5,3,/,*,`+S+D+4+)+f*f*c*b*++9+B+C+A+B+M+Z+g+.,0,1,0,/,0,4,2(((O(H(D(B(@(?(<(;(:(8(7(5(4(3(3(3(3(3(4(5(5(5(6(5(6(7(7(9(9(9(9(9(9(9(U(E(6)a,R2H6F7<7d6L666g5]5W5V5T5W5c5.696:6;6;6>6>6=6<6<6=6=6>6>6=6>6=6?67(5(P(C*W,^-(.a-W-L-C-=-9-5-4-2-1-3-5-7-7-6-6-5-5-4-3-2-2-1-1-0-/-/-.-.-*(((1(?(I(K(J(H(D(B(@(>(=(<(<(;(;(;(;(<(<(<(<(<(=(<(<(=(<(=(=(=(=(=(=(=(","tint":"P7(("},"937":{"spec":"--<-Q-2.-/=/)/^._.1//062e4N6U6>6=6R6]6_6Z6O6;6/6.6064666>6D6K6Q6U6W6S6S6T)@*a*++1+e*V*P*Q*W*.+a+d,J-L-B-?-D-F-E-C-=-6-0-/-/-0-0-2-4-6-7-8-8-6-5-6(((R(E(>(:(7(6(5(5(6(8(<(=(=(<(<(<(<(=(=(<(<(<(=(<(<(=(<(=(=(=(>(>(>(=(U(E(6)a,R2H6F7<7d6L666g5]5W5V5T5W5c5.696:6;6;6>6>6=6<6<6=6=6>6>6=6>6=6?67(5(P(C*W,^-(.a-W-L-C-=-9-5-4-2-1-3-5-7-7-6-6-5-5-4-3-2-2-1-1-0-/-/-.-.-*(((1(?(I(K(J(H(D(B(@(>(=(<(<(;(;(;(;(<(<(<(<(<(=(<(<(=(<(=(=(=(=(=(=(=(","tint":"P7(("},"938":{"spec":"_,/-F-).g.=/0/+/3/L/M0H2W4_5P5g4e4V5H6,7H7S7H7=7<7=7?7@7?7;7978777876767P);*[*g*/+e*Y*U*X*a*9+(,^,8-2-a,^,.-?-J-T-V-R-L-K-K-K-J-J-G-F-E-D-D-B-B-6(((P(D(>(:(8(7(5(6(6(9(;(<(<(:(:(;(<(=(>(>(>(=(>(=(=(?(=(>(>(>(>(>(>(>(U(E(6)a,R2H6F7<7d6L666g5]5W5V5T5W5c5.696:6;6;6>6>6=6<6<6=6=6>6>6=6>6=6?67(5(P(C*W,^-(.a-W-L-C-=-9-5-4-2-1-3-5-7-7-6-6-5-5-4-3-2-2-1-1-0-/-/-.-.-*(((1(?(I(K(J(H(D(B(@(>(=(<(<(;(;(;(;(<(<(<(<(<(=(<(<(=(<(=(=(=(=(=(=(=(","tint":"P7(("},"9380":{"spec":"Y*e+R-/073F5e5(6d5_5S5<5]494N3,3c2_2L2A2I2^2g2f2c2*3B3c3D4U4W4R4D4:4@4[4c(Y)b*),g,C-B-A->-;-6---a,Q,A,3,.,*,b+\\+_+e+),g+f+(,0,;,F,L,L,I,D,@,B,K,0(((R(N(K(I(G(E(B(A(?(=(;(:(9(7(7(7(6(7(7(7(7(7(8(7(8(9(9(;(;(;(:(:(:(;(U(E(6)a,R2H6F7<7d6L666g5]5W5V5T5W5c5.696:6;6;6>6>6=6<6<6=6=6>6>6=6>6=6?67(5(P(C*W,^-(.a-W-L-C-=-9-5-4-2-1-3-5-7-7-6-6-5-5-4-3-2-2-1-1-0-/-/-.-.-*(((1(?(I(K(J(H(D(B(@(>(=(<(<(;(;(;(;(<(<(<(<(<(=(<(<(=(<(=(=(=(=(=(=(=(","tint":"P7(("},"9381":{"spec":"-+-,J-P/?2>4]4b4`4\\4Q4:4\\393P2.2e1^1H181<1K1Q1M1K1P1f1F2(3839323c2W2a2?3*)])^*Z+O,f,f,f,d,a,\\,S,H,9,),[+V+R+H+A+B+G+I+F+F+G+O+Y+e+*,*,g+a+]+`+*,1(((Q(L(H(F(D(C(@(?(=(;(:(8(7(6(6(5(5(5(5(5(5(5(6(5(6(7(7(8(8(8(8(8(8(9(U(E(6)a,R2H6F7<7d6L666g5]5W5V5T5W5c5.696:6;6;6>6>6=6<6<6=6=6>6>6=6>6=6?67(5(P(C*W,^-(.a-W-L-C-=-9-5-4-2-1-3-5-7-7-6-6-5-5-4-3-2-2-1-1-0-/-/-.-.-*(((1(?(I(K(J(H(D(B(@(>(=(<(<(;(;(;(;(<(<(<(<(<(=(<(<(=(<(=(=(=(=(=(=(=(","tint":"P7(("},"9382":{"spec":"*+*,D-G/4204O4R4O4I4:4_3;3S2e1B18141`0S0Z0.171410151M1/2T2g2)3b2T2H2Q2/3))\\)Z*U+J,a,a,`,^,Z,T,I,;,+,Y+K+F+B+:+4+6+<+@+=+<+=+F+Q+^+d+e+a+\\+W+Z+d+1(((P(K(H(E(D(B(@(>(=(;(9(8(7(5(5(5(4(4(4(5(5(5(5(5(5(7(7(8(8(8(8(7(8(8(U(E(6)a,R2H6F7<7d6L666g5]5W5V5T5W5c5.696:6;6;6>6>6=6<6<6=6=6>6>6=6>6=6?67(5(P(C*W,^-(.a-W-L-C-=-9-5-4-2-1-3-5-7-7-6-6-5-5-4-3-2-2-1-1-0-/-/-.-.-*(((1(?(I(K(J(H(D(B(@(>(=(<(<(;(;(;(;(<(<(<(<(<(=(<(<(=(<(=(=(=(=(=(=(=(","tint":"P7(("},"9383":{"spec":"2+g+5-e.>1+3E3I3H3D383b2D2b1:1[0S0O0>02090L0U0R0N0S0)1J1+2=2?292,2c1+2F2+)Z)S*D+2,E,D,D,C,@,;,2,f+X+I+<+8+5+-+(+*+0+3+1+0+1+9+D+O+U+V+S+N+J+M+V+1(((N(I(E(C(A(@(>(<(;(9(8(6(6(4(4(4(3(3(4(4(4(4(5(4(5(6(6(7(7(7(7(7(7(7(U(E(6)a,R2H6F7<7d6L666g5]5W5V5T5W5c5.696:6;6;6>6>6=6<6<6=6=6>6>6=6>6=6?67(5(P(C*W,^-(.a-W-L-C-=-9-5-4-2-1-3-5-7-7-6-6-5-5-4-3-2-2-1-1-0-/-/-.-.-*(((1(?(I(K(J(H(D(B(@(>(=(<(<(;(;(;(;(<(<(<(<(<(=(<(<(=(<(=(=(=(=(=(=(=(","tint":"P7(("},"9384":{"spec":"\\*f+P-)0.3;5]5a5_5[5R5=5a4A4Y393/3)3U2F2J2Z2a2^2]2c293X384H4I4B454*424L4d(Z)a*f+c,?-?->-=-9-5---b,T,E,8,2,.,e+^+_+d+f+d+c+e+-,7,B,G,G,D,?,:,=,E,0(((R(N(J(H(F(E(B(A(?(=(<(:(9(8(7(7(6(7(7(7(7(7(8(7(8(9(9(:(:(:(:(:(:(:(U(E(6)a,R2H6F7<7d6L666g5]5W5V5T5W5c5.696:6;6;6>6>6=6<6<6=6=6>6>6=6>6=6?67(5(P(C*W,^-(.a-W-L-C-=-9-5-4-2-1-3-5-7-7-6-6-5-5-4-3-2-2-1-1-0-/-/-.-.-*(((1(?(I(K(J(H(D(B(@(>(=(<(<(;(;(;(;(<(<(<(<(<(=(<(<(=(<(=(=(=(=(=(=(=(","tint":"P7(("},"9385":{"spec":">+6,E-8/T1B3]3a3b3a3\\3P3>3)3L252-2f1S1E1D1M1O1L1L1R1c1<2W2d2d2^2R2H2P2*3/)a)[*N+;,N,N,M,M,K,H,C,<,3,(,^+Y+U+M+F+E+H+H+F+F+H+M+V+_+c+c+`+[+W+Z+b+2(((P(J(F(D(B(A(>(=(<(:(9(8(7(6(6(6(5(5(5(5(5(5(6(5(6(7(7(8(8(8(8(7(8(8(U(E(6)a,R2H6F7<7d6L666g5]5W5V5T5W5c5.696:6;6;6>6>6=6<6<6=6=6>6>6=6>6=6?67(5(P(C*W,^-(.a-W-L-C-=-9-5-4-2-1-3-5-7-7-6-6-5-5-4-3-2-2-1-1-0-/-/-.-.-*(((1(?(I(K(J(H(D(B(@(>(=(<(<(;(;(;(;(<(<(<(<(<(=(<(<(=(<(=(=(=(=(=(=(=(","tint":"P7(("},"939":{"spec":"=,U,7-*.9/(050J041.2d203]2>2@1;040:1[2?4M6N8(9K808a7\\7V7P7F7?7;787875757D)/*T*g*7+6+4+:+J+_+3,7,0,c+K+0+,+E+g+J,>-,.5.(.^-X-V-R-P-K-H-F-D-D-B-A-4(((O(D(?(;(:(:(9(:(:(:(8(7(6(4(3(5(7(9(<(?(@(?(@(>(>(?(>(?(>(>(>(>(>(>(U(E(6)a,R2H6F7<7d6L666g5]5W5V5T5W5c5.696:6;6;6>6>6=6<6<6=6=6>6>6=6>6=6?67(5(P(C*W,^-(.a-W-L-C-=-9-5-4-2-1-3-5-7-7-6-6-5-5-4-3-2-2-1-1-0-/-/-.-.-*(((1(?(I(K(J(H(D(B(@(>(=(<(<(;(;(;(;(<(<(<(<(<(=(<(<(=(<(=(=(=(=(=(=(=(","tint":"P7(("},"940":{"spec":"4,d,g-J/S1,3@3K3W3_3N3Y2a1/1*0-/b.D/e/T0^22698I868g7`7Z7S7I7A7<7:7877757A)6*,+W+;,E,B,D,H,J,C,/,Y+E+*+S*M*Y*d*4+f+3-d-g-a-Z-W-T-Q-L-I-F-E-D-C-A-4(((T(K(F(C(A(@(>(=(<(9(7(5(4(2(2(2(3(4(7(<(?(?(@(>(>(?(>(?(?(>(>(>(>(>(U(E(6)a,R2H6F7<7d6L666g5]5W5V5T5W5c5.696:6;6;6>6>6=6<6<6=6=6>6>6=6>6=6?67(5(P(C*W,^-(.a-W-L-C-=-9-5-4-2-1-3-5-7-7-6-6-5-5-4-3-2-2-1-1-0-/-/-.-.-*(((1(?(I(K(J(H(D(B(@(>(=(<(<(;(;(;(;(<(<(<(<(<(=(<(<(=(<(=(=(=(=(=(=(=(","tint":"P7(("},"9400":{"spec":".+:,g-D0L3Y586<6:68626e5S5=5`4F4;4/4W3D3=3@3?3;3<3C3S3,4F4R4Q4I4:4.464Q4*)c),+3,1-K-J-H-G-D-A-<-5-+-`,U,O,H,=,5,2,2,1,.,/,1,6,>,G,K,J,F,@,<,>,G,1(((T(P(L(I(G(F(C(A(@(>(=(;(;(9(9(9(8(8(8(8(8(8(9(8(8(:(9(;(;(:(:(:(:(:(U(E(6)a,R2H6F7<7d6L666g5]5W5V5T5W5c5.696:6;6;6>6>6=6<6<6=6=6>6>6=6>6=6?67(5(P(C*W,^-(.a-W-L-C-=-9-5-4-2-1-3-5-7-7-6-6-5-5-4-3-2-2-1-1-0-/-/-.-.-*(((1(?(I(K(J(H(D(B(@(>(=(<(<(;(;(;(;(<(<(<(<(<(=(<(<(=(<(=(=(=(=(=(=(=(","tint":"P7(("},"9401":{"spec":"\\*),V-30<3L5.62606+6a5M525R4+4I3;3,3N262.23202*2(2.2@2\\2<3L3K3A3.3`2(3K3d([)d*+,*-F-F-E-C-?-;-3-)-[,L,>,7,/,b+X+U+V+U+Q+P+R+X+a+-,1,1,,,e+`+b+.,0(((R(N(K(I(G(F(B(A(?(=(<(:(:(8(8(7(6(6(6(6(6(6(7(6(6(8(8(9(9(9(8(8(8(9(U(E(6)a,R2H6F7<7d6L666g5]5W5V5T5W5c5.696:6;6;6>6>6=6<6<6=6=6>6>6=6>6=6?67(5(P(C*W,^-(.a-W-L-C-=-9-5-4-2-1-3-5-7-7-6-6-5-5-4-3-2-2-1-1-0-/-/-.-.-*(((1(?(I(K(J(H(D(B(@(>(=(<(<(;(;(;(;(<(<(<(<(<(=(<(<(=(<(=(=(=(=(=(=(=(","tint":"P7(("},"9402":{"spec":"-+-,G-J/7234R4V4U4Q4G444Y3:3S222d1V181`0Y0]0Z0R0Q0V0f0B1a12202g1U1F1O102*)])\\*W+K,b,b,a,`,],Y,Q,G,:,*,]+V+O+C+8+6+6+5+1+1+2+7+A+L+Q+P+L+E+@+C+N+1(((P(K(H(E(D(C(@(?(=(;(:(8(8(6(6(5(4(4(4(4(4(4(5(4(5(6(6(7(7(7(6(6(6(7(U(E(6)a,R2H6F7<7d6L666g5]5W5V5T5W5c5.696:6;6;6>6>6=6<6<6=6=6>6>6=6>6=6?67(5(P(C*W,^-(.a-W-L-C-=-9-5-4-2-1-3-5-7-7-6-6-5-5-4-3-2-2-1-1-0-/-/-.-.-*(((1(?(I(K(J(H(D(B(@(>(=(<(<(;(;(;(;(<(<(<(<(<(=(<(<(=(<(=(=(=(=(=(=(=(","tint":"P7(("},"9403":{"spec":"8+-,:-(/@1*3F3L3M3J3C333]2A2_1B161)1N070003010+0)0.0=0W041C1C1:1)1\\0f0F1-)])U*F+3,E,E,E,D,B,?,8,0,d+W+K+E+>+3+)+g*g*f*c*b*d*)+1+<+@+@+<+6+1+4+?+1(((O(I(E(C(A(@(>(=(;(:(8(7(6(5(5(4(4(4(3(3(3(3(4(3(4(5(5(6(6(6(5(5(5(6(U(E(6)a,R2H6F7<7d6L666g5]5W5V5T5W5c5.696:6;6;6>6>6=6<6<6=6=6>6>6=6>6=6?67(5(P(C*W,^-(.a-W-L-C-=-9-5-4-2-1-3-5-7-7-6-6-5-5-4-3-2-2-1-1-0-/-/-.-.-*(((1(?(I(K(J(H(D(B(@(>(=(<(<(;(;(;(;(<(<(<(<(<(=(<(<(=(<(=(=(=(=(=(=(=(","tint":"P7(("},"941":{"spec":"\\+\\,8.<0)3`4>5?5,5K4S3H2F1L0D/K.@.P.R.e.T0e3U6K7I7B7?7>7<767/7*7e6b6c6g69)2*5+/,a,4-3-1-)-[,E,(,O+8+\\*F*A*F*E*K*4+?,?-Q-P-M-K-J-I-E-C-@-=-<-<-<-3(((V(O(J(G(E(D(@(>(<(9(6(4(3(1(1(1(1(2(4(9(=(>(?(>(=(?(=(>(>(>(>(>(>(>(U(E(6)a,R2H6F7<7d6L666g5]5W5V5T5W5c5.696:6;6;6>6>6=6<6<6=6=6>6>6=6>6=6?67(5(P(C*W,^-(.a-W-L-C-=-9-5-4-2-1-3-5-7-7-6-6-5-5-4-3-2-2-1-1-0-/-/-.-.-*(((1(?(I(K(J(H(D(B(@(>(=(<(<(;(;(;(;(<(<(<(<(<(=(<(<(=(<(=(=(=(=(=(=(=(","tint":"P7(("},"942":{"spec":"++/,P-[/P2U4=5C555Y4,4-31261+0./Z.Z.F.C.</W0?131(1d0g051K1U1N1@1g0S0[0<1))^)a*_+V,0-3-2-,-`,N,6,_+H+++S*J*I*A*?*T*4+C+=+9+7+8+<+D+G+D+>+5+.+0+;+1(((R(M(I(G(E(D(A(?(<(9(7(5(4(2(1(1(1(1(2(4(5(5(5(4(5(6(5(6(6(6(5(5(5(6(U(E(6)a,R2H6F7<7d6L666g5]5W5V5T5W5c5.696:6;6;6>6>6=6<6<6=6=6>6>6=6>6=6?67(5(P(C*W,^-(.a-W-L-C-=-9-5-4-2-1-3-5-7-7-6-6-5-5-4-3-2-2-1-1-0-/-/-.-.-*(((1(?(I(K(J(H(D(B(@(>(=(<(<(;(;(;(;(<(<(<(<(<(=(<(<(=(<(=(=(=(=(=(=(=(","tint":"P7(("},"9420":{"spec":"P*X+@-U/V2d4L5T5V5U5N5>5f4H4b3?3+3T2,2H16121)1_0]0c021M1-2>2:2.2X1G1R182`(T)X*\\+Y,6-9-9-9-7-4---d,W,H,:,1,f+V+G+@+>+;+6+5+7+<+E+P+V+T+O+G+@+D+Q+/(((P(L(I(G(F(E(B(@(?(=(<(:(9(8(7(7(6(5(5(5(5(4(5(4(5(6(6(7(7(7(6(6(6(7(U(E(6)a,R2H6F7<7d6L666g5]5W5V5T5W5c5.696:6;6;6>6>6=6<6<6=6=6>6>6=6>6=6?67(5(P(C*W,^-(.a-W-L-C-=-9-5-4-2-1-3-5-7-7-6-6-5-5-4-3-2-2-1-1-0-/-/-.-.-*(((1(?(I(K(J(H(D(B(@(>(=(<(<(;(;(;(;(<(<(<(<(<(=(<(<(=(<(=(=(=(=(=(=(=(","tint":"P7(("},"9421":{"spec":"_*]+7-9/e1d3F4O4P4O4H494c3H3e2D222]161U0D0?070-0-010?0X071F1D171d0T0_0C1e(V)T*N+C,\\,^,^,^,\\,Y,S,K,?,1,d+[+R+B+4+.+++(+d*d*e*)+2+=+A+@+;+4+.+2+>+0(((O(J(G(E(C(B(@(?(=(;(:(9(8(6(6(5(4(4(4(4(4(3(4(3(4(5(5(6(6(6(5(5(5(6(U(E(6)a,R2H6F7<7d6L666g5]5W5V5T5W5c5.696:6;6;6>6>6=6<6<6=6=6>6>6=6>6=6?67(5(P(C*W,^-(.a-W-L-C-=-9-5-4-2-1-3-5-7-7-6-6-5-5-4-3-2-2-1-1-0-/-/-.-.-*(((1(?(I(K(J(H(D(B(@(>(=(<(<(;(;(;(;(<(<(<(<(<(=(<(<(=(<(=(=(=(=(=(=(=(","tint":"P7(("},"9422":{"spec":"2+(,6-g.@1/3K3S3U3T3Q3E353`2C2(2[1K1,1P0B0@0:04050;0K0d0>1K1H1=1/1g031R1+)[)S*E+3,G,G,G,H,F,D,?,9,0,d+Y+S+K+>+3+-+,+)+f*f*(+.+6+?+C+B+=+8+5+9+C+1(((O(I(E(C(A(@(>(=(<(:(9(8(7(6(6(5(4(4(4(4(4(3(4(4(4(5(5(6(6(6(5(5(5(6(U(E(6)a,R2H6F7<7d6L666g5]5W5V5T5W5c5.696:6;6;6>6>6=6<6<6=6=6>6>6=6>6=6?67(5(P(C*W,^-(.a-W-L-C-=-9-5-4-2-1-3-5-7-7-6-6-5-5-4-3-2-2-1-1-0-/-/-.-.-*(((1(?(I(K(J(H(D(B(@(>(=(<(<(;(;(;(;(<(<(<(<(<(=(<(<(=(<(=(=(=(=(=(=(=(","tint":"P7(("},"9423":{"spec":"A+.,/-M.R0/2G2L2M2N2L2C252c1J131f0X0<0d/X/V/P/I/I/M/Z//0H0U0T0K0<0/080W00)])P*8+^+-,,,,,,,+,*,f+a+Y+O+E+?+8+,+b*^*\\*Z*V*V*X*\\*c*,+0+/+++f*a*d*.+2(((N(G(C(@(?(>(<(;(:(8(7(6(6(5(4(4(3(3(3(3(3(2(3(3(3(4(4(5(5(5(4(4(4(5(U(E(6)a,R2H6F7<7d6L666g5]5W5V5T5W5c5.696:6;6;6>6>6=6<6<6=6=6>6>6=6>6=6?67(5(P(C*W,^-(.a-W-L-C-=-9-5-4-2-1-3-5-7-7-6-6-5-5-4-3-2-2-1-1-0-/-/-.-.-*(((1(?(I(K(J(H(D(B(@(>(=(<(<(;(;(;(;(<(<(<(<(<(=(<(<(=(<(=(=(=(=(=(=(=(","tint":"P7(("},"9424":{"spec":"W*\\+?-M/G2O435;5?5C5E5G5F5B585(5R424B3T202[1I1@1F1P1\\1/2F2O2H2:2+2d112S2b(U)X*X+R,--/-/-0-0-0-1-0---)-a,W,I,6,c+V+M+F+B+D+G+K+Q+Y+\\+Y+S+M+K+O+Z+0(((P(L(H(F(E(D(A(@(?(=(<(<(;(:(:(9(7(7(6(6(5(5(6(5(6(7(7(8(7(7(7(7(7(8(U(E(6)a,R2H6F7<7d6L666g5]5W5V5T5W5c5.696:6;6;6>6>6=6<6<6=6=6>6>6=6>6=6?67(5(P(C*W,^-(.a-W-L-C-=-9-5-4-2-1-3-5-7-7-6-6-5-5-4-3-2-2-1-1-0-/-/-.-.-*(((1(?(I(K(J(H(D(B(@(>(=(<(<(;(;(;(;(<(<(<(<(<(=(<(<(=(<(=(=(=(=(=(=(=(","tint":"P7(("},"9440":{"spec":"N*W+A-Y/]2,5S5[5]5`5_5W5H535U444[3;3H2[1=1.1_0S0T0Z0f0=1[1)2e1W1@111<1c1_(S)Y*^+\\,9-;-<-<-;-:-7-1-g,[,N,C,5,`+N+C+<+7+1+2+3+7+?+J+N+L+G+>+8+<+I+/(((P(M(J(H(F(E(B(A(?(>(=(;(;(9(8(7(6(6(5(5(4(4(5(4(5(6(6(7(7(6(6(5(6(7(U(E(6)a,R2H6F7<7d6L666g5]5W5V5T5W5c5.696:6;6;6>6>6=6<6<6=6=6>6>6=6>6=6?67(5(P(C*W,^-(.a-W-L-C-=-9-5-4-2-1-3-5-7-7-6-6-5-5-4-3-2-2-1-1-0-/-/-.-.-*(((1(?(I(K(J(H(D(B(@(>(=(<(<(;(;(;(;(<(<(<(<(<(=(<(<(=(<(=(=(=(=(=(=(=(","tint":"P7(("},"9441":{"spec":"R*[+C-Z/[2*5R5]5`5`5]5S5D5/5P4.4Q3,342B1a0Q0A06070?0M0d0A1N1H191e0Y0g0N1a(U)Z*_+[,8-;-<-=-;-9-5-/-f,Z,L,?,/,Y+E+9+2+,+g*g**+.+6+@+D+B+<+4+0+4+B+0(((P(M(I(G(F(E(B(A(?(>(<(;(:(9(8(7(6(5(4(4(4(3(4(4(4(5(5(6(6(6(5(5(5(6(U(E(6)a,R2H6F7<7d6L666g5]5W5V5T5W5c5.696:6;6;6>6>6=6<6<6=6=6>6>6=6>6=6?67(5(P(C*W,^-(.a-W-L-C-=-9-5-4-2-1-3-5-7-7-6-6-5-5-4-3-2-2-1-1-0-/-/-.-.-*(((1(?(I(K(J(H(D(B(@(>(=(<(<(;(;(;(;(<(<(<(<(<(=(<(<(=(<(=(=(=(=(=(=(=(","tint":"P7(("},"9442":{"spec":"b*]+2--/R1K3/4:4>4@4>474+4Y3>3_2D2_1)170W/G/8/./0/7/D/[/50@090+0[/S/a/F0f(V)Q*H+;,R,U,V,W,W,U,R,N,E,;,.,b+R+=+)+]*W*Q*M*M*P*T*\\*e*(+f*`*Z*W*\\*(+0(((N(I(F(D(C(B(?(>(=(;(:(9(9(7(6(5(4(4(3(2(2(2(2(2(2(3(3(4(4(4(3(3(4(4(U(E(6)a,R2H6F7<7d6L666g5]5W5V5T5W5c5.696:6;6;6>6>6=6<6<6=6=6>6>6=6>6=6?67(5(P(C*W,^-(.a-W-L-C-=-9-5-4-2-1-3-5-7-7-6-6-5-5-4-3-2-2-1-1-0-/-/-.-.-*(((1(?(I(K(J(H(D(B(@(>(=(<(<(;(;(;(;(<(<(<(<(<(=(<(<(=(<(=(=(=(=(=(=(=(","tint":"P7(("},"9443":{"spec":"5+f+,-R.`0E2c2,3/31303*3_2O292_1K1/1D0\\/C/7/+/b.c.)/5/I/a/,0g/\\/L/D/P/10,)Z)N*;+d+6,7,8,9,8,7,5,1,),`+V+M+A+/+_*V*Q*M*H*I*K*O*U*^*a*_*[*U*R*U*a*1(((M(G(C(A(@(?(=(<(;(9(8(7(7(6(5(4(3(3(2(2(2(2(2(2(2(3(3(4(4(3(3(3(3(4(U(E(6)a,R2H6F7<7d6L666g5]5W5V5T5W5c5.696:6;6;6>6>6=6<6<6=6=6>6>6=6>6=6?67(5(P(C*W,^-(.a-W-L-C-=-9-5-4-2-1-3-5-7-7-6-6-5-5-4-3-2-2-1-1-0-/-/-.-.-*(((1(?(I(K(J(H(D(B(@(>(=(<(<(;(;(;(;(<(<(<(<(<(=(<(<(=(<(=(=(=(=(=(=(=(","tint":"P7(("},"9460":{"spec":"`**,U-/033B5e5.61646666646.6c5O565R4_3.3G2/2\\1Q1T1Z1c162O2[2V2I232d1.2S2e(\\)c*),f,B-B-C-C-C-C-C-B->-9-0-e,U,@,-,^+T+M+H+I+K+M+T+\\+`+^+X+P+K+N+Z+0(((R(N(K(H(G(E(C(A(@(>(>(=(<(;(:(9(8(8(7(6(6(5(6(6(6(7(7(8(8(7(7(7(7(8(U(E(6)a,R2H6F7<7d6L666g5]5W5V5T5W5c5.696:6;6;6>6>6=6<6<6=6=6>6>6=6>6=6?67(5(P(C*W,^-(.a-W-L-C-=-9-5-4-2-1-3-5-7-7-6-6-5-5-4-3-2-2-1-1-0-/-/-.-.-*(((1(?(I(K(J(H(D(B(@(>(=(<(<(;(;(;(;(<(<(<(<(<(=(<(<(=(<(=(=(=(=(=(=(=(","tint":"P7(("},"9461":{"spec":",+,,F-H/5214U4a4e4(5*5+5g4`4P464U3e2f1,1B0)0T/G/G/K/S/d/?0L0F080b/P/Z/B0))])[*V+J,a,c,e,f,f,f,f,d,`,Z,O,@,,,T+=+-+c*\\*V*V*W*Y*_*)+-+*+e*\\*V*Y*g*1(((P(K(H(E(D(C(@(?(>(=(<(;(:(9(8(7(5(5(4(3(3(2(3(3(3(4(4(5(4(4(4(3(3(4(U(E(6)a,R2H6F7<7d6L666g5]5W5V5T5W5c5.696:6;6;6>6>6=6<6<6=6=6>6>6=6>6=6?67(5(P(C*W,^-(.a-W-L-C-=-9-5-4-2-1-3-5-7-7-6-6-5-5-4-3-2-2-1-1-0-/-/-.-.-*(((1(?(I(K(J(H(D(B(@(>(=(<(<(;(;(;(;(<(<(<(<(<(=(<(<(=(<(=(=(=(=(=(=(=(","tint":"P7(("},"9462":{"spec":"=+1,;-f.;1c2A3K3O3S3V3V3U3O3B3-3P2g101=0X/B///c.d.(///?/W/b/^/Q/=/./8/[//)_)V*E+0,B,C,D,E,E,F,F,E,A,<,3,g+U+@+,+^*U*N*I*I*J*L*R*Z*^*\\*W*O*J*M*Y*1(((O(I(E(B(A(@(>(=(<(:(:(9(9(7(7(6(4(4(3(2(2(2(2(2(2(3(3(4(3(3(3(2(3(3(U(E(6)a,R2H6F7<7d6L666g5]5W5V5T5W5c5.696:6;6;6>6>6=6<6<6=6=6>6>6=6>6=6?67(5(P(C*W,^-(.a-W-L-C-=-9-5-4-2-1-3-5-7-7-6-6-5-5-4-3-2-2-1-1-0-/-/-.-.-*(((1(?(I(K(J(H(D(B(@(>(=(<(<(;(;(;(;(<(<(<(<(<(=(<(<(=(<(=(=(=(=(=(=(=(","tint":"P7(("},"9463":{"spec":"X+F,H-g.-1H2`2g2+3.313333303(3Y2E2g1=1T040a/Q/G/I/M/U/d/:0E0A060d/W/`/?08)(*]*E+*,7,6,6,7,7,8,8,8,6,2,,,b+U+D+4+(+`*Z*V*V*X*Z*_*g**+(+d*]*X*[*f*3(((Q(I(D(A(@(?(=(<(;(:(9(8(8(7(6(6(5(4(3(3(3(2(3(3(3(4(4(4(4(4(4(3(4(4(U(E(6)a,R2H6F7<7d6L666g5]5W5V5T5W5c5.696:6;6;6>6>6=6<6<6=6=6>6>6=6>6=6?67(5(P(C*W,^-(.a-W-L-C-=-9-5-4-2-1-3-5-7-7-6-6-5-5-4-3-2-2-1-1-0-/-/-.-.-*(((1(?(I(K(J(H(D(B(@(>(=(<(<(;(;(;(;(<(<(<(<(<(=(<(<(=(<(=(=(=(=(=(=(=(","tint":"P7(("},"9464":{"spec":"V*]+A-R/M2Z4J5Z5`5c5d5a5Z5J505F4Q3K28110A/f.P.B.B.G.N.`.:/G/A/2/\\.K.W.=/b(V)Y*[+U,2-8-;-=-<-<-;-8-0-f,U,?,c+C+g*U*K*C*=*=*>*@*G*P*T*R*L*C*=*A*N*0(((P(L(I(G(F(E(B(A(@(>(=(<(;(9(8(6(4(3(2(2(1(1(1(1(1(2(2(3(3(2(2(2(2(3(U(E(6)a,R2H6F7<7d6L666g5]5W5V5T5W5c5.696:6;6;6>6>6=6<6<6=6=6>6>6=6>6=6?67(5(P(C*W,^-(.a-W-L-C-=-9-5-4-2-1-3-5-7-7-6-6-5-5-4-3-2-2-1-1-0-/-/-.-.-*(((1(?(I(K(J(H(D(B(@(>(=(<(<(;(;(;(;(<(<(<(<(<(=(<(<(=(<(=(=(=(=(=(=(=(","tint":"P7(("},"9480":{"spec":"D+E,c-)0X2V4>5O5_5/686<6;666+6Y5B5`404@3U232P171012181F1^132;2<212d1+2H21)(**+f+Z,0-3-7-=-A-D-E-D-A-<-4-)-Z,F,3,c+V+I+>+<+<+>+B+K+R+T+T+O+K+M+V+2(((T(N(I(G(E(D(B(A(@(?(>(=(<(;(;(:(8(8(7(6(5(5(5(5(5(6(6(7(7(7(7(7(7(7(U(E(6)a,R2H6F7<7d6L666g5]5W5V5T5W5c5.696:6;6;6>6>6=6<6<6=6=6>6>6=6>6=6?67(5(P(C*W,^-(.a-W-L-C-=-9-5-4-2-1-3-5-7-7-6-6-5-5-4-3-2-2-1-1-0-/-/-.-.-*(((1(?(I(K(J(H(D(B(@(>(=(<(<(;(;(;(;(<(<(<(<(<(=(<(<(=(<(=(=(=(=(=(=(=(","tint":"P7(("},"9481":{"spec":"F+C,Z-Y/?264\\4,5>5T5f5-6.6)6]5I5/5I4S3]202M1*1R0N0S0\\0+1C1W1^1^1V1P1Z1622)g)f*^+O,c,f,*-0-7-=-?-?-<-7-.-b,R,<,f+V+H+;+1+0+1+4+9+A+H+J+I+F+C+G+P+2(((S(M(H(E(D(C(A(@(@(>(=(<(<(;(:(9(8(7(6(5(5(4(5(4(4(5(5(6(6(6(6(6(6(7(U(E(6)a,R2H6F7<7d6L666g5]5W5V5T5W5c5.696:6;6;6>6>6=6<6<6=6=6>6>6=6>6=6?67(5(P(C*W,^-(.a-W-L-C-=-9-5-4-2-1-3-5-7-7-6-6-5-5-4-3-2-2-1-1-0-/-/-.-.-*(((1(?(I(K(J(H(D(B(@(>(=(<(<(;(;(;(;(<(<(<(<(<(=(<(<(=(<(=(=(=(=(=(=(=(","tint":"P7(("},"9482":{"spec":"I+>,H-4/H103T3f374F4Q4W4W4S4I464_3;3I2Y1/1O0/0X/S/T/Z/g/?0R0Z0Y0M0?0F0c03)e)]*L+6,G,J,O,U,Y,\\,_,^,[,W,O,D,5,`+M+>+1+e*\\*Z*Z*\\*`*)+/+1+0+,+g*)+3+2(((Q(J(E(C(B(A(?(>(=(<(;(:(:(9(8(7(6(6(5(4(3(3(3(3(3(4(4(5(5(5(5(4(4(5(U(E(6)a,R2H6F7<7d6L666g5]5W5V5T5W5c5.696:6;6;6>6>6=6<6<6=6=6>6>6=6>6=6?67(5(P(C*W,^-(.a-W-L-C-=-9-5-4-2-1-3-5-7-7-6-6-5-5-4-3-2-2-1-1-0-/-/-.-.-*(((1(?(I(K(J(H(D(B(@(>(=(<(<(;(;(;(;(<(<(<(<(<(=(<(<(=(<(=(=(=(=(=(=(=(","tint":"P7(("},"9483":{"spec":"V+>,7-J.A0R1(222=2G2P2U2W2W2S2J2>2+2N101T0?0(0X/U/X/^/)0<0K0Q0Q0I0@0F0]07)e)T*7+W+a+`+b+f+(,+,-,.,,,*,f+`+W+K+>+4+++c*\\*[*\\*]*a*g*,+.+.+*+g*)+0+3(((O(G(B(?(>(=(;(;(:(9(8(8(8(7(6(6(5(5(4(4(3(3(3(3(3(4(4(5(5(5(4(4(4(5(U(E(6)a,R2H6F7<7d6L666g5]5W5V5T5W5c5.696:6;6;6>6>6=6<6<6=6=6>6>6=6>6=6?67(5(P(C*W,^-(.a-W-L-C-=-9-5-4-2-1-3-5-7-7-6-6-5-5-4-3-2-2-1-1-0-/-/-.-.-*(((1(?(I(K(J(H(D(B(@(>(=(<(<(;(;(;(;(<(<(<(<(<(=(<(<(=(<(=(=(=(=(=(=(=(","tint":"P7(("},"9500":{"spec":":+3,E-;/W1M3:4X475T5e5.606+6`5N565R4_3+382J1X040(0(0-070O0*1=1I1K1G1K1`1.)`)[*O+=,S,Y,b,--7-=-@-@-=-8-0-e,U,@,+,X+G+4+f*b*a*c*f*.+7+>+B+B+@+A+H+1(((P(J(F(D(C(C(A(@(@(>(=(<(<(;(:(9(8(7(6(5(4(3(4(3(3(4(4(5(6(6(6(6(6(6(U(E(6)a,R2H6F7<7d6L666g5]5W5V5T5W5c5.696:6;6;6>6>6=6<6<6=6=6>6>6=6>6=6?67(5(P(C*W,^-(.a-W-L-C-=-9-5-4-2-1-3-5-7-7-6-6-5-5-4-3-2-2-1-1-0-/-/-.-.-*(((1(?(I(K(J(H(D(B(@(>(=(<(<(;(;(;(;(<(<(<(<(<(=(<(<(=(<(=(=(=(=(=(=(=(","tint":"P7(("},"9501":{"spec":"O+;,;-W.W042V2.3G3^3-4648464.4_3M303F2[111I0^/?/4/3/6/@/U/-0>0H0H0A0C0W05)c)V*=+`+/,2,9,B,J,O,R,S,P,M,F,=,1,_+N+>+/+_*S*O*N*O*R*Y*a*g**+*+g*(+.+2(((O(H(C(A(@(?(>(=(<(;(;(:(:(8(8(7(6(6(5(4(3(2(3(2(2(3(3(4(4(4(4(4(4(5(U(E(6)a,R2H6F7<7d6L666g5]5W5V5T5W5c5.696:6;6;6>6>6=6<6<6=6=6>6>6=6>6=6?67(5(P(C*W,^-(.a-W-L-C-=-9-5-4-2-1-3-5-7-7-6-6-5-5-4-3-2-2-1-1-0-/-/-.-.-*(((1(?(I(K(J(H(D(B(@(>(=(<(<(;(;(;(;(<(<(<(<(<(=(<(<(=(<(=(=(=(=(=(=(=(","tint":"P7(("},"9502":{"spec":"K+5,1-J.G0_1<2N2_2.393?3B3B3>353*3X2<2]1>1_0<0b/Y/Z/^/g/:0O0_0g0g0c0e0614)a)Q*7+Y+f+(,-,3,7,;,=,>,=,;,6,0,(,\\+O+C+7+*+`*\\*\\*]*`*g*.+3+5+5+3+4+9+2(((N(G(B(@(?(>(<(<(;(:(9(9(9(8(7(7(6(6(5(4(4(3(3(3(3(4(4(5(5(5(5(5(5(5(U(E(6)a,R2H6F7<7d6L666g5]5W5V5T5W5c5.696:6;6;6>6>6=6<6<6=6=6>6>6=6>6=6?67(5(P(C*W,^-(.a-W-L-C-=-9-5-4-2-1-3-5-7-7-6-6-5-5-4-3-2-2-1-1-0-/-/-.-.-*(((1(?(I(K(J(H(D(B(@(>(=(<(<(;(;(;(;(<(<(<(<(<(=(<(<(=(<(=(=(=(=(=(=(=(","tint":"P7(("},"9503":{"spec":"V+:,.-:.(041K1X1e112:2@2C2D2B2<252(2S1=1d0K0.0X/R/S/W/_/00C0P0X0X0T0W0f07)c)O*/+K+U+U+X+]+`+c+e+f+e+d+a+\\+V+M+C+:+0+e*\\*Z*Z*[*]*c*)+.+0+0+.+/+4+3(((N(F(A(>(=(<(;(:(9(8(8(7(7(6(6(6(5(5(5(4(3(3(3(3(3(4(3(4(5(5(5(5(5(5(U(E(6)a,R2H6F7<7d6L666g5]5W5V5T5W5c5.696:6;6;6>6>6=6<6<6=6=6>6>6=6>6=6?67(5(P(C*W,^-(.a-W-L-C-=-9-5-4-2-1-3-5-7-7-6-6-5-5-4-3-2-2-1-1-0-/-/-.-.-*(((1(?(I(K(J(H(D(B(@(>(=(<(<(;(;(;(;(<(<(<(<(<(=(<(<(=(<(=(=(=(=(=(=(=(","tint":"P7(("},"9504":{"spec":"P+6,+-:.+091P1[1f10272<2?2@2>272/2`1H1/1V0@0)0X/S/U/Z/d/60E0N0P0K0D0I0]05)a)N*/+M+W+W+Y+]+`+b+c+d+d+b+_+Z+S+H+>+5+,+c*\\*Z*Z*\\*_*e**+-+-+++(+*+0+2(((M(F(A(>(=(<(;(:(9(8(8(7(7(6(6(5(5(5(4(4(3(3(3(3(3(4(3(4(5(5(5(4(4(5(U(E(6)a,R2H6F7<7d6L666g5]5W5V5T5W5c5.696:6;6;6>6>6=6<6<6=6=6>6>6=6>6=6?67(5(P(C*W,^-(.a-W-L-C-=-9-5-4-2-1-3-5-7-7-6-6-5-5-4-3-2-2-1-1-0-/-/-.-.-*(((1(?(I(K(J(H(D(B(@(>(=(<(<(;(;(;(;(<(<(<(<(<(=(<(<(=(<(=(=(=(=(=(=(=(","tint":"P7(("},"9520":{"spec":"_*Y++-c.C1;3(4I4+5K5`5,62626/6(6`5S5=5b484@3>2L1916181=1S162Z283L3R3J3L3e(T)N*C+4,K,R,\\,)-3-;-?-A-?-=-:-4---c,W,G,2,Z+F+?+>+>+?+G+S+_+),0,2,.,/,0(((M(I(E(C(B(B(@(@(?(>(=(=(=(;(;(;(:(:(9(8(6(5(6(5(5(6(6(7(8(8(9(9(9(9(U(E(6)a,R2H6F7<7d6L666g5]5W5V5T5W5c5.696:6;6;6>6>6=6<6<6=6=6>6>6=6>6=6?67(5(P(C*W,^-(.a-W-L-C-=-9-5-4-2-1-3-5-7-7-6-6-5-5-4-3-2-2-1-1-0-/-/-.-.-*(((1(?(I(K(J(H(D(B(@(>(=(<(<(;(;(;(;(<(<(<(<(<(=(<(<(=(<(=(=(=(=(=(=(=(","tint":"P7(("},"9521":{"spec":"<+0,;-(/=1f2I3_364K4Y4c4(5)5(5d4`4Z4L4=4a3:3I2c1U1T1V1\\1/2K2)3@3P3S3P3Q3/)^)V*F+1,C,F,L,T,[,`,c,e,d,c,`,\\,X,Q,J,?,0,^+N+I+H+I+J+Q+Z+e+,,1,2,0,0,1(((O(I(E(B(A(A(?(>(>(<(<(;(;(:(:(9(9(9(9(8(7(6(6(6(6(6(6(7(8(9(9(9(9(9(U(E(6)a,R2H6F7<7d6L666g5]5W5V5T5W5c5.696:6;6;6>6>6=6<6<6=6=6>6>6=6>6=6?67(5(P(C*W,^-(.a-W-L-C-=-9-5-4-2-1-3-5-7-7-6-6-5-5-4-3-2-2-1-1-0-/-/-.-.-*(((1(?(I(K(J(H(D(B(@(>(=(<(<(;(;(;(;(<(<(<(<(<(=(<(<(=(<(=(=(=(=(=(=(=(","tint":"P7(("},"9522":{"spec":"N+9,6-O.M0e1C2V2*3=3J3R3W3Y3Y3V3T3N3C353]292M1+1^0\\0_0d051P1*2@2O2S2P2S25)b)S*9+\\+),+,0,7,=,A,D,F,E,E,C,@,<,6,/,f+X+H+:+5+4+5+6+<+E+N+U+Z+[+Z+Z+2(((O(G(C(@(?(>(=(<(;(:(:(9(9(8(8(8(7(8(7(6(5(5(5(4(4(5(5(6(7(7(8(8(8(8(U(E(6)a,R2H6F7<7d6L666g5]5W5V5T5W5c5.696:6;6;6>6>6=6<6<6=6=6>6>6=6>6=6?67(5(P(C*W,^-(.a-W-L-C-=-9-5-4-2-1-3-5-7-7-6-6-5-5-4-3-2-2-1-1-0-/-/-.-.-*(((1(?(I(K(J(H(D(B(@(>(=(<(<(;(;(;(;(<(<(<(<(<(=(<(<(=(<(=(=(=(=(=(=(=(","tint":"P7(("},"9523":{"spec":"R+:,5-J.D0X112>2M2[2d2+3/313230303-3f2^2M232S19101114191I1^132E2Q2T2S2V26)c)S*7+X+c+d+g+,,0,3,5,7,6,6,4,2,/,+,g+`+V+J+?+<+<+<+>+C+J+Q+W+[+\\+[+[+2(((N(G(B(@(>(>(<(;(:(9(9(8(8(7(7(7(7(7(7(6(6(5(5(5(5(6(5(6(7(7(8(8(8(8(U(E(6)a,R2H6F7<7d6L666g5]5W5V5T5W5c5.696:6;6;6>6>6=6<6<6=6=6>6>6=6>6=6?67(5(P(C*W,^-(.a-W-L-C-=-9-5-4-2-1-3-5-7-7-6-6-5-5-4-3-2-2-1-1-0-/-/-.-.-*(((1(?(I(K(J(H(D(B(@(>(=(<(<(;(;(;(;(<(<(<(<(<(=(<(<(=(<(=(=(=(=(=(=(=(","tint":"P7(("},"9524":{"spec":"c*P+Q,/.10W1I263+4_4B5V5^5^5X5K5;5a4:4L3L2?1-04/].X.Y.^.4/X/A0d0=1C1;1>1f(P)@**+O+c+-,<,P,b,/-7-9-8-5-/-g,Z,J,8,`+C+e*O*G*D*D*F*N*Z*(+4+=+?+<+<+0(((J(E(A(?(?(?(?(?(?(>(=(<(<(;(:(:(9(8(7(5(3(2(2(1(1(2(2(3(4(5(6(6(6(6(U(E(6)a,R2H6F7<7d6L666g5]5W5V5T5W5c5.696:6;6;6>6>6=6<6<6=6=6>6>6=6>6=6?67(5(P(C*W,^-(.a-W-L-C-=-9-5-4-2-1-3-5-7-7-6-6-5-5-4-3-2-2-1-1-0-/-/-.-.-*(((1(?(I(K(J(H(D(B(@(>(=(<(<(;(;(;(;(<(<(<(<(<(=(<(<(=(<(=(=(=(=(=(=(=(","tint":"P7(("},"9525":{"spec":"H+?,N-A/[1H3(4:4N4d4>5\\526<6=6:69676/6(6X5@5`4I4C4D4H4M4]405C5S5]5`5\\5^53)e)`*R+?,Q,R,V,],d,.-9-A-C-C-@->-:-5-1-+-`,U,K,H,H,I,J,O,U,\\,a,d,d,b,b,2(((Q(K(F(D(B(B(@(?(?(>(=(=(=(<(<(;(;(<(;(;(:(9(:(9(9(:(:(;(<(<(<(<(<(<(U(E(6)a,R2H6F7<7d6L666g5]5W5V5T5W5c5.696:6;6;6>6>6=6<6<6=6=6>6>6=6>6=6?67(5(P(C*W,^-(.a-W-L-C-=-9-5-4-2-1-3-5-7-7-6-6-5-5-4-3-2-2-1-1-0-/-/-.-.-*(((1(?(I(K(J(H(D(B(@(>(=(<(<(;(;(;(;(<(<(<(<(<(=(<(<(=(<(=(=(=(=(=(=(=(","tint":"P7(("},"9540":{"spec":"B+6,A--/C1+3N3e3?4[485V5,6565606,6d5V5E5g4>4J3c2T2R2U2[2/3M3*4B4R4V4P4S41)a)Y*H+4,E,H,N,X,a,+-7-?-@-@-=-9-3-,-d,Y,H,5,f+`+_+`+a+(,2,<,D,I,J,G,H,2(((P(I(E(C(A(A(?(?(>(>(=(=(=(<(;(;(:(;(:(9(8(7(8(7(7(8(8(9(:(:(;(;(;(;(U(E(6)a,R2H6F7<7d6L666g5]5W5V5T5W5c5.696:6;6;6>6>6=6<6<6=6=6>6>6=6>6=6?67(5(P(C*W,^-(.a-W-L-C-=-9-5-4-2-1-3-5-7-7-6-6-5-5-4-3-2-2-1-1-0-/-/-.-.-*(((1(?(I(K(J(H(D(B(@(>(=(<(<(;(;(;(;(<(<(<(<(<(=(<(<(=(<(=(=(=(=(=(=(=(","tint":"P7(("},"9541":{"spec":"R+A,E-g..1N2,3@3V3-4E4_41595955525,5`4S4:4V3*3H2;2:2=2B2U203J3_3-414-4046)f)[*E++,9,;,@,H,O,X,b,(-*-)-f,c,_,X,R,H,:,*,\\+W+V+W+X+_+g+0,7,<,=,;,;,2(((P(I(D(B(@(@(>(>(=(<(<(;(;(:(:(:(9(:(9(8(7(7(7(6(6(7(7(8(9(9(:(:(:(:(U(E(6)a,R2H6F7<7d6L666g5]5W5V5T5W5c5.696:6;6;6>6>6=6<6<6=6=6>6>6=6>6=6?67(5(P(C*W,^-(.a-W-L-C-=-9-5-4-2-1-3-5-7-7-6-6-5-5-4-3-2-2-1-1-0-/-/-.-.-*(((1(?(I(K(J(H(D(B(@(>(=(<(<(;(;(;(;(<(<(<(<(<(=(<(<(=(<(=(=(=(=(=(=(=(","tint":"P7(("},"9542":{"spec":"P+0,],`-C/E0Z0(171F1V1g142:2=2=2=2<26202b1L1/1X0P0Q0T0Y0g0:1N1^1)2.2,2/25)^)F*b*;+B+B+F+K+O+U+[+`+a+b+a+_+]+Y+V+P+G+=+3+0+0+1+2+7+=+D+I+M+N+M+N+2(((L(D(?(<(;(;(9(9(8(8(7(7(7(6(6(6(6(6(6(5(5(4(5(4(4(5(5(6(6(6(7(7(7(7(U(E(6)a,R2H6F7<7d6L666g5]5W5V5T5W5c5.696:6;6;6>6>6=6<6<6=6=6>6>6=6>6=6?67(5(P(C*W,^-(.a-W-L-C-=-9-5-4-2-1-3-5-7-7-6-6-5-5-4-3-2-2-1-1-0-/-/-.-.-*(((1(?(I(K(J(H(D(B(@(>(=(<(<(;(;(;(;(<(<(<(<(<(=(<(<(=(<(=(=(=(=(=(=(=(","tint":"P7(("},"9543":{"spec":"T+.,R,G-Y.P/b//0?0O0a031A1H1K1K1K1I1B1;1+1T040\\/R/Q/T/X/f/:0O0`0,101.1217)])A*V*(+-+,+0+5+:+A+H+M+N+O+N+M+J+F+B+<+3+g*]*Z*Y*Z*[*`*f*-+3+7+8+7+8+2(((J(B(=(:(9(9(8(7(7(6(6(6(6(5(5(5(5(5(5(4(3(3(3(3(3(3(3(4(5(5(5(5(5(5(U(E(6)a,R2H6F7<7d6L666g5]5W5V5T5W5c5.696:6;6;6>6>6=6<6<6=6=6>6>6=6>6=6?67(5(P(C*W,^-(.a-W-L-C-=-9-5-4-2-1-3-5-7-7-6-6-5-5-4-3-2-2-1-1-0-/-/-.-.-*(((1(?(I(K(J(H(D(B(@(>(=(<(<(;(;(;(;(<(<(<(<(<(=(<(<(=(<(=(=(=(=(=(=(=(","tint":"P7(("},"9544":{"spec":"K+@,M-</T1<3Z3*4<4P4-5O5+676:68696864616g5W5C5554585=5B5N5\\5(636:6<696;64)f)_*P+;,L,L,P,W,],g,4->-A-B-@->-;-7-4-0-)-b,[,Z,[,\\,],a,e,)-,-.-.-----2(((Q(J(F(C(B(A(?(?(>(=(=(=(=(<(<(;(;(<(<(;(;(:(;(:(;(<(;(<(<(=(=(=(=(=(U(E(6)a,R2H6F7<7d6L666g5]5W5V5T5W5c5.696:6;6;6>6>6=6<6<6=6=6>6>6=6>6=6?67(5(P(C*W,^-(.a-W-L-C-=-9-5-4-2-1-3-5-7-7-6-6-5-5-4-3-2-2-1-1-0-/-/-.-.-*(((1(?(I(K(J(H(D(B(@(>(=(<(<(;(;(;(;(<(<(<(<(<(=(<(<(=(<(=(=(=(=(=(=(=(","tint":"P7(("},"9560":{"spec":"M+?,E-,/91\\293K3b3<4`4K5-6<6>6;69646*6`5K5-5F4(4^3_3b3(494Q4(5;5G5J5E5H54)e)[*H+/,?,@,D,M,U,b,2-?-C-C-A->-9-4-.-f,Z,K,?,;,;,;,=,B,J,R,X,\\,\\,Z,Z,2(((P(I(E(B(A(@(>(>(>(=(=(=(=(<(<(;(;(;(;(:(9(9(9(9(9(:(9(;(;(;(<(<(<(<(U(E(6)a,R2H6F7<7d6L666g5]5W5V5T5W5c5.696:6;6;6>6>6=6<6<6=6=6>6>6=6>6=6?67(5(P(C*W,^-(.a-W-L-C-=-9-5-4-2-1-3-5-7-7-6-6-5-5-4-3-2-2-1-1-0-/-/-.-.-*(((1(?(I(K(J(H(D(B(@(>(=(<(<(;(;(;(;(<(<(<(<(<(=(<(<(=(<(=(=(=(=(=(=(=(","tint":"P7(("},"9561":{"spec":"X+>,4-D.70D1]1.2C2\\2?3)4L4\\4a4_4]4Z4Q4G434V313T2J2J2M2S2d2;3R3e3246424448)e)R*4+R+[+\\+a+(,0,=,M,Z,_,`,^,[,X,S,M,F,:,,,`+\\+\\+]+^+d++,3,9,=,?,=,=,3(((N(F(B(?(>(=(<(;(;(;(;(;(;(:(:(9(9(:(9(8(8(7(7(7(7(8(7(9(9(9(:(:(:(:(U(E(6)a,R2H6F7<7d6L666g5]5W5V5T5W5c5.696:6;6;6>6>6=6<6<6=6=6>6>6=6>6=6?67(5(P(C*W,^-(.a-W-L-C-=-9-5-4-2-1-3-5-7-7-6-6-5-5-4-3-2-2-1-1-0-/-/-.-.-*(((1(?(I(K(J(H(D(B(@(>(=(<(<(;(;(;(;(<(<(<(<(<(=(<(<(=(<(=(=(=(=(=(=(=(","tint":"P7(("},"9562":{"spec":"Z+;,*-0.V/Z0/1<1M1a1<2\\273D3H3H3H3G3B3<3.3Z2>2)2b1c1g1-2;2N2`203;3>3<3?39)c)M**+C+J+J+M+S+Z+d+0,:,=,>,=,;,9,6,2,,,d+Z+Q+N+N+O+P+U+[+a+f+*,+,),*,3(((M(E(@(=(<(;(:(:(9(9(9(9(9(8(8(8(7(8(8(7(6(6(7(6(6(7(6(8(8(8(9(9(9(9(U(E(6)a,R2H6F7<7d6L666g5]5W5V5T5W5c5.696:6;6;6>6>6=6<6<6=6=6>6>6=6>6=6?67(5(P(C*W,^-(.a-W-L-C-=-9-5-4-2-1-3-5-7-7-6-6-5-5-4-3-2-2-1-1-0-/-/-.-.-*(((1(?(I(K(J(H(D(B(@(>(=(<(<(;(;(;(;(<(<(<(<(<(=(<(<(=(<(=(=(=(=(=(=(=(","tint":"P7(("},"9563":{"spec":"V+2,Z,T-./(080D0Q0a061N1b1,202122232/2-2b1S1>1-1)1*1.131?1O1_1+2529272;27)_)E*\\*2+6+5+8+<+A+I+R+Y+\\+]+\\+[+Z+W+U+P+J+B+;+9+9+:+;+@+E+J+N+Q+R+Q+R+3(((K(C(>(;(:(:(8(8(8(7(7(7(7(6(6(6(6(6(6(6(5(5(5(5(5(5(5(6(6(7(7(7(7(7(U(E(6)a,R2H6F7<7d6L666g5]5W5V5T5W5c5.696:6;6;6>6>6=6<6<6=6=6>6>6=6>6=6?67(5(P(C*W,^-(.a-W-L-C-=-9-5-4-2-1-3-5-7-7-6-6-5-5-4-3-2-2-1-1-0-/-/-.-.-*(((1(?(I(K(J(H(D(B(@(>(=(<(<(;(;(;(;(<(<(<(<(<(=(<(<(=(<(=(=(=(=(=(=(=(","tint":"P7(("},"9580":{"spec":"Y+@,8-K.B0P1e1/2@2e2\\3\\4Q5)6/6.6/6.6(6e5W5D5+5Z4W4Z4`4e435D5U5a5*6,6)6+68)f)T*7+W+`+_+a+g+4,H,`,4-<-=-<-:-7-3-0-*-b,Y,Q,P,P,R,S,W,],b,f,(-)-g,g,3(((O(G(B(?(>(=(;(<(<(<(=(<(=(<(<(;(;(<(;(;(:(:(;(:(:(;(:(<(<(<(=(=(=(=(U(E(6)a,R2H6F7<7d6L666g5]5W5V5T5W5c5.696:6;6;6>6>6=6<6<6=6=6>6>6=6>6=6?67(5(P(C*W,^-(.a-W-L-C-=-9-5-4-2-1-3-5-7-7-6-6-5-5-4-3-2-2-1-1-0-/-/-.-.-*(((1(?(I(K(J(H(D(B(@(>(=(<(<(;(;(;(;(<(<(<(<(<(=(<(<(=(<(=(=(=(=(=(=(=(","tint":"P7(("},"9581":{"spec":"S+5,f,..X/_031@1Q1,2U2H334H4N4N4O4P4L4I4>4.4X3H3F3I3N3S3a304@4M4U4X4V4Y46)a)K*)+D+M+L+O+U+^+-,@,Q,W,Y,X,V,T,Q,N,J,C,;,3,2,3,4,5,:,>,D,H,J,K,I,J,2(((M(E(@(=(<(<(:(:(:(:(:(:(:(9(9(9(9(:(9(9(8(8(9(8(8(9(9(:(:(:(;(;(;(;(U(E(6)a,R2H6F7<7d6L666g5]5W5V5T5W5c5.696:6;6;6>6>6=6<6<6=6=6>6>6=6>6=6?67(5(P(C*W,^-(.a-W-L-C-=-9-5-4-2-1-3-5-7-7-6-6-5-5-4-3-2-2-1-1-0-/-/-.-.-*(((1(?(I(K(J(H(D(B(@(>(=(<(<(;(;(;(;(<(<(<(<(<(=(<(<(=(<(=(=(=(=(=(=(=(","tint":"P7(("},"9582":{"spec":"X+5,_,]-:/70H0R0^0.1E1b1;2G2M2N2P2S2R2S2N2F2;2424282=2B2L2V2a2)3/33333538)a)G*a*7+<+;+=+A+F+O+Z+c+f+(,g+g+f+d+c+a+]+Y+U+U+V+W+X+[+^+b+d+f+g+f+f+3(((L(C(?(<(;(:(9(8(8(8(8(7(7(7(7(7(6(7(7(7(6(6(7(6(6(7(7(8(8(8(8(8(8(8(U(E(6)a,R2H6F7<7d6L666g5]5W5V5T5W5c5.696:6;6;6>6>6=6<6<6=6=6>6>6=6>6=6?67(5(P(C*W,^-(.a-W-L-C-=-9-5-4-2-1-3-5-7-7-6-6-5-5-4-3-2-2-1-1-0-/-/-.-.-*(((1(?(I(K(J(H(D(B(@(>(=(<(<(;(;(;(;(<(<(<(<(<(=(<(<(=(<(=(=(=(=(=(=(=(","tint":"P7(("},"9583":{"spec":"R+,,O,E-V.L/\\/e/10A0Y071Q1]1c1d1g1)2)2*2f1^1R1I1I1L1Q1V1`1+262?2F2J2J2M26)])?*U*g*++*+,+0+5+>+I+S+V+X+X+W+V+U+T+R+N+J+E+E+F+G+H+K+O+R+U+W+X+X+X+2(((J(B(=(:(9(9(7(7(7(7(7(6(6(6(6(6(6(6(6(6(6(5(6(5(5(6(6(7(7(7(7(7(7(7(U(E(6)a,R2H6F7<7d6L666g5]5W5V5T5W5c5.696:6;6;6>6>6=6<6<6=6=6>6>6=6>6=6?67(5(P(C*W,^-(.a-W-L-C-=-9-5-4-2-1-3-5-7-7-6-6-5-5-4-3-2-2-1-1-0-/-/-.-.-*(((1(?(I(K(J(H(D(B(@(>(=(<(<(;(;(;(;(<(<(<(<(<(=(<(<(=(<(=(=(=(=(=(=(=(","tint":"P7(("},"9584":{"spec":"U+7,g,..V/\\001<1J1^1;2b2B3Q3W3X3Z3[3Y3Y3S3H3:3031353:3?3J3V3b3,4246454847)a)L*)+C+K+K+M+R+Y+c+2,>,B,D,C,B,@,>,<,:,5,0,*,+,,,-,.,2,5,9,<,=,?,>,>,3(((M(E(@(=(<(;(:(:(9(9(9(9(9(8(8(8(8(8(8(8(8(8(8(8(8(9(8(9(9(:(:(:(:(:(U(E(6)a,R2H6F7<7d6L666g5]5W5V5T5W5c5.696:6;6;6>6>6=6<6<6=6=6>6>6=6>6=6?67(5(P(C*W,^-(.a-W-L-C-=-9-5-4-2-1-3-5-7-7-6-6-5-5-4-3-2-2-1-1-0-/-/-.-.-*(((1(?(I(K(J(H(D(B(@(>(=(<(<(;(;(;(;(<(<(<(<(<(=(<(<(=(<(=(=(=(=(=(=(=(","tint":"P7(("},"9585":{"spec":"T+/,V,Q-(/c/80G0Z0/1L122J2G2A2F2B2/2f1\\2P3B3L2_1L1J1L1R1g1I2-3I3\\3b3[3^37)^)C*[*/+4+5+9+@+G+Q+`+),f+c+d+a+X+T+f+9,2,_+M+F+E+E+G+N+Y+f+/,6,7,4,5,2(((K(C(>(;(:(:(8(8(8(8(8(7(7(7(6(6(5(7(8(8(7(6(6(5(5(6(6(7(8(9(9(9(9(9(U(E(6)a,R2H6F7<7d6L666g5]5W5V5T5W5c5.696:6;6;6>6>6=6<6<6=6=6>6>6=6>6=6?67(5(P(C*W,^-(.a-W-L-C-=-9-5-4-2-1-3-5-7-7-6-6-5-5-4-3-2-2-1-1-0-/-/-.-.-*(((1(?(I(K(J(H(D(B(@(>(=(<(<(;(;(;(;(<(<(<(<(<(=(<(<(=(<(=(=(=(=(=(=(=(","tint":"P7(("},"9600":{"spec":"W+8,g,,.S/V0f0/1@1b1[2f3)5J5T5T5V5W5V5V5O5E5851545:5@5E5O5Z5c5+6062616168)b)L*(+B+I+G+H+N+Z+/,L,e,0-3-2-1-/-,-*-g,b,^,Y,Z,\\,],^,a,d,g,)-*-+-*-)-3(((M(E(@(=(<(;(:(:(:(;(<(<(<(;(;(;(:(;(;(;(;(:(;(;(;(<(;(<(<(=(=(=(=(=(U(E(6)a,R2H6F7<7d6L666g5]5W5V5T5W5c5.696:6;6;6>6>6=6<6<6=6=6>6>6=6>6=6?67(5(P(C*W,^-(.a-W-L-C-=-9-5-4-2-1-3-5-7-7-6-6-5-5-4-3-2-2-1-1-0-/-/-.-.-*(((1(?(I(K(J(H(D(B(@(>(=(<(<(;(;(;(;(<(<(<(<(<(=(<(<(=(<(=(=(=(=(=(=(=(","tint":"P7(("},"9601":{"spec":"Z+=,.-7.b/(1:1F1U1/2X2O3=4T4[4\\4^4a4`4b4_4Y4Q4O4T4Z4`4f4.555<5A5F5I5H5I59)d)O*.+I+P+N+Q+V+_+.,C,T,\\,^,],\\,Z,X,W,V,R,O,M,O,P,R,S,V,W,Y,Z,[,\\,[,[,3(((N(E(@(>(<(<(:(:(:(:(;(:(;(:(:(:(9(:(:(:(:(:(;(:(:(;(:(;(;(<(<(<(<(<(U(E(6)a,R2H6F7<7d6L666g5]5W5V5T5W5c5.696:6;6;6>6>6=6<6<6=6=6>6>6=6>6=6?67(5(P(C*W,^-(.a-W-L-C-=-9-5-4-2-1-3-5-7-7-6-6-5-5-4-3-2-2-1-1-0-/-/-.-.-*(((1(?(I(K(J(H(D(B(@(>(=(<(<(;(;(;(;(<(<(<(<(<(=(<(<(=(<(=(=(=(=(=(=(=(","tint":"P7(("},"9602":{"spec":"[+3,V,J-Z.L/X/^/*0C0+1[1E2Z2b2d2g2*3+3.3,3(3b2`2d2)3/353=3D3K3Q3W3Y3Z3\\39)`)C*W*)+++(+)+-+6+E+W+g+-,0,0,/,.,-,-,+,),g+d+f+g+),*,-,/,1,2,4,4,4,4,3(((K(B(=(:(9(8(7(7(7(7(8(8(8(7(7(7(7(8(7(7(7(7(8(7(8(8(8(9(9(9(9(9(9(9(U(E(6)a,R2H6F7<7d6L666g5]5W5V5T5W5c5.696:6;6;6>6>6=6<6<6=6=6>6>6=6>6=6?67(5(P(C*W,^-(.a-W-L-C-=-9-5-4-2-1-3-5-7-7-6-6-5-5-4-3-2-2-1-1-0-/-/-.-.-*(((1(?(I(K(J(H(D(B(@(>(=(<(<(;(;(;(;(<(<(<(<(<(=(<(<(=(<(=(=(=(=(=(=(=(","tint":"P7(("},"9603":{"spec":"P+f+F,5-@.//</D/O/_/90[091I1P1R1V1Y1Z1]1\\1Z1V1U1Z1_1d1)20272>2C2H2K2K2O25)Z);*M*]*_*^*_*c*(+2+?+J+O+Q+Q+Q+P+O+O+N+M+K+I+K+L+N+O+Q+S+U+V+X+X+X+Y+2(((I(@(<(9(8(8(6(6(6(6(6(6(6(5(5(5(5(6(6(6(6(6(6(6(6(7(6(7(7(7(7(7(7(8(U(E(6)a,R2H6F7<7d6L666g5]5W5V5T5W5c5.696:6;6;6>6>6=6<6<6=6=6>6>6=6>6=6?67(5(P(C*W,^-(.a-W-L-C-=-9-5-4-2-1-3-5-7-7-6-6-5-5-4-3-2-2-1-1-0-/-/-.-.-*(((1(?(I(K(J(H(D(B(@(>(=(<(<(;(;(;(;(<(<(<(<(<(=(<(<(=(<(=(=(=(=(=(=(=(","tint":"P7(("},"black 0961":{"spec":"b+f+-,6,G,Q,S,T,W,X,Z,\\,^,`,b,c,e,g,)-,---0-1-4-6-9-;->-A-B-D-F-H-J-L-N-;)Z).*.*(*`)\\)[)\\)\\)])])^)^)_)_)_)_)_)_)_)`)`)`)a)b)b)c)d)d)e)e)f)f)g)g)3(((F(<(6(3(2(2(1(0(0(0(/(/(/(/(/(/(/(/(/(/(/(/(0(/(/(0(0(0(0(0(0(0(0(0(U(E(6)a,R2H6F7<7d6L666g5]5W5V5T5W5c5.696:6;6;6>6>6=6<6<6=6=6>6>6=6>6=6?67(5(P(C*W,^-(.a-W-L-C-=-9-5-4-2-1-3-5-7-7-6-6-5-5-4-3-2-2-1-1-0-/-/-.-.-*(((1(?(I(K(J(H(D(B(@(>(=(<(<(;(;(;(;(<(<(<(<(<(=(<(<(=(<(=(=(=(=(=(=(=(","tint":"P7(("},"blue 0821":{"spec":"C.+/d/71b2.4Z445@5F5G5C585b4=4E3@2+1M/C.U-=-*-^,^,c,+-<-R-[-T-F-6-.-;-^-1*2+-,M,^,`,e,--1-1-1-/-+-a,R,<,a+?+[*?*.*d)^)X)X)Z)])b)**-***e)_)\\)a)-*:(((c(S(J(E(D(D(A(@(?(=(<(;(:(8(6(4(2(1(0(/(/(/(/(/(/(0(0(0(0(0(0(/(0(1(U(E(6)a,R2H6F7<7d6L666g5]5W5V5T5W5c5.696:6;6;6>6>6=6<6<6=6=6>6>6=6>6=6?67(5(P(C*W,^-(.a-W-L-C-=-9-5-4-2-1-3-5-7-7-6-6-5-5-4-3-2-2-1-1-0-/-/-.-.-*(((1(?(I(K(J(H(D(B(@(>(=(<(<(;(;(;(;(<(<(<(<(<(=(<(<(=(<(=(=(=(=(=(=(=(","tint":"P7(("},"green 0921":{"spec":"Q,e,B-,.g.Y/F0>1J2[3U475C5A565c4H4]3b2_1M02/]-(-R,L,J,K,[,:-_-B.\\.c.U.S.K)6*Y*(+/+0+:+N++,H,^,+-/---(-`,S,A,*,P+1+O*0*\\)T)R)Q)Q)V)a).*:*C*F*A*?*5(((P(E(>(;(;(<(<(=(=(=(<(;(;(:(9(8(7(6(4(2(0(/(/(.(.(/(/(0(1(1(2(2(2(2(U(E(6)a,R2H6F7<7d6L666g5]5W5V5T5W5c5.696:6;6;6>6>6=6<6<6=6=6>6>6=6>6=6?67(5(P(C*W,^-(.a-W-L-C-=-9-5-4-2-1-3-5-7-7-6-6-5-5-4-3-2-2-1-1-0-/-/-.-.-*(((1(?(I(K(J(H(D(B(@(>(=(<(<(;(;(;(;(<(<(<(<(<(=(<(<(=(<(=(=(=(=(=(=(=(","tint":"P7(("},"magenta 0521":{"spec":"=/\\/H0I1d2R3Q3>3e2G2^1/1I0_/].`-T-f-g-F.=0g2a4a5B6R6]6b6g6g6g6(7*7,7,7-7D*H+?,V,_,U,I,?,5,(,X+F+8+g*M*6*0*6*5*@*++),U,*-6-<-?-@-A-@-@-?-?-?-?->-=(((g(U(J(D(B(@(=(;(9(6(5(3(2(0(0(0(0(1(4(7(:(;(=(<(=(>(=(>(>(>(>(>(>(>(U(E(6)a,R2H6F7<7d6L666g5]5W5V5T5W5c5.696:6;6;6>6>6=6<6<6=6=6>6>6=6>6=6?67(5(P(C*W,^-(.a-W-L-C-=-9-5-4-2-1-3-5-7-7-6-6-5-5-4-3-2-2-1-1-0-/-/-.-.-*(((1(?(I(K(J(H(D(B(@(>(=(<(<(;(;(;(;(<(<(<(<(<(=(<(<(=(<(=(=(=(=(=(=(=(","tint":"P7(("},"red 0331":{"spec":">.L.`.>/-0E0E0?050d/O/=/(/N.C.L.J.:.<.+013@576K6W6^6d6g6*7*7*7+7-7.7/7/7/*d*J+Q+N+B+:+6+2+*+b*[*S*H*C*F*D*=*=*e*-,`,5-:->-@-A-A-B-A-A-@-@-@-@-?-:((([(K(A(<(;(9(7(6(5(4(3(2(1(1(1(1(1(3(8(;(<(<(>(=(=(>(=(>(>(>(>(>(>(>(U(E(6)a,R2H6F7<7d6L666g5]5W5V5T5W5c5.696:6;6;6>6>6=6<6<6=6=6>6>6=6>6=6?67(5(P(C*W,^-(.a-W-L-C-=-9-5-4-2-1-3-5-7-7-6-6-5-5-4-3-2-2-1-1-0-/-/-.-.-*(((1(?(I(K(J(H(D(B(@(>(=(<(<(;(;(;(;(<(<(<(<(<(=(<(<(=(<(=(=(=(=(=(=(=(","tint":"P7(("},"violet 0631":{"spec":"A.d.W/`0D2B3S3L363O2R1;0(/e-*-H,E,K,G,N,5-8.1/9/_.a.b/K193K4@5_506:6B6M60*/+f+A,Q,N,J,E,<,+,T+2+S*8*b)T)S)T)R)T)b):*O*Q*G*H*_*D++,H,[,e,*-.-0-3-:(((a(R(H(D(B(@(=(;(8(5(3(1(/(.(.(.(.(.(/(1(2(2(2(2(3(6(8(:(<(<(=(=(=(=(U(E(6)a,R2H6F7<7d6L666g5]5W5V5T5W5c5.696:6;6;6>6>6=6<6<6=6=6>6>6=6>6=6?67(5(P(C*W,^-(.a-W-L-C-=-9-5-4-2-1-3-5-7-7-6-6-5-5-4-3-2-2-1-1-0-/-/-.-.-*(((1(?(I(K(J(H(D(B(@(>(=(<(<(;(;(;(;(<(<(<(<(<(=(<(<(=(<(=(=(=(=(=(=(=(","tint":"P7(("},"yellow 0131":{"spec":"F+Q+a+9,a,9-C-N-_-<.</81W3@5f50666;6=6B6B6D6F6M6X6`6f6+7/7.7.7-7.7/7.7172)P)(*/*3*0*/*2*8*B*Z*J+F,,-:-=-=-<-;-:-:-9-:-:->-A-B-C-D-C-B-A-@-@-?-@-2(((E(<(7(5(4(4(3(3(4(7(:(;(<(<(<(<(;(<(<(<(<(<(>(=(=(>(=(>(>(>(>(>(>(>(U(E(6)a,R2H6F7<7d6L666g5]5W5V5T5W5c5.696:6;6;6>6>6=6<6<6=6=6>6>6=6>6=6?67(5(P(C*W,^-(.a-W-L-C-=-9-5-4-2-1-3-5-7-7-6-6-5-5-4-3-2-2-1-1-0-/-/-.-.-*(((1(?(I(K(J(H(D(B(@(>(=(<(<(;(;(;(;(<(<(<(<(<(=(<(<(=(<(=(=(=(=(=(=(=(","tint":"P7(("}}}