{"tintAndOverprintData":{"black":{"spec":")(+(3(?(H(J(I(G(E(D(B(A(A(@(@(@(@(@(@(A(A(B(B(B(C(C(C(C(C(D(D(D(D(D(E(E(*(,(3(<(A(B(A(?(=(;(:(9(8(8(8(7(7(7(7(8(8(8(8(8(8(8(9(9(9(9(9(9(9(9(9(9(*(,(2(8(;(;(:(8(6(4(3(2(2(1(1(1(1(1(0(1(1(1(1(1(1(1(1(1(1(1(1(1(1(1(1(1(*(,(7(N(a(()()e(b(`(^(]([([([(Z(Z(Z(Z([([([([([([([([([([([([([(\\(\\(\\(\\(*(,(4(C(N(Q(Q(N(L(J(H(G(F(F(E(E(E(E(E(E(E(E(E(E(E(E(E(E(E(E(E(E(E(E(E(E(*(,(2(9(<(<(;(9(7(5(4(3(2(1(1(1(1(1(1(1(1(1(1(1(1(1(1(1(1(1(1(1(1(1(1(1(*(,(=())R)c)c)_)\\)X)U)S)R)P)P)O)O)O)O)P)P)P)P)O)O)O)O)O)O)O)N)N)N)N)M)M)+(,(8(R(g(/).)+)()f(c(b(a(`(_(_(^(^(^(^(^(^(^(^(^(^(](](](](](](](\\(\\(\\(*(+(2(9(=(=(<(:(7(6(4(3(3(2(2(2(1(1(1(1(1(2(2(2(2(2(2(2(2(2(2(2(2(2(2(2(+(-(C(E)H*g*)+d*^*Z*V*S*Q*O*N*M*M*M*N*O*O*O*N*N*N*M*M*M*L*L*K*K*K*J*J*I*+(-(;(_(?)L)L)H)D)A)?)<);):)9)8)8)8)8)8)8)8)8)8)7)7)7)6)6)6)6)5)5)5)4)4)*(,(2(:(>(?(>(;(9(7(6(5(4(3(3(3(3(3(3(3(3(3(3(3(3(3(3(3(3(3(3(3(3(3(3(3(+(-(K(g)H+6,:,3,,,f+a+]+Z+X+W+V+V+W+X+Y+Y+Y+Y+X+X+W+V+V+V+U+T+T+T+S+R+R+*(,(?(0)_)2*2*.***f)b)`)^)\\)\\)[)Z)Z)Z)[)Z)Z)Z)Z)Y)Y)X)X)X)W)W)V)V)V)U)U)*(,(2(;(?(@(?(<(:(8(6(5(5(4(4(3(3(3(3(3(3(3(4(4(4(4(4(4(4(4(4(4(4(4(4(4(+(.(S(M*W,^-e-\\-T-L-E-@-<-9-9-7-7-9-;->->->->-=-<-<-;-;-;-:-:-9-9-8-7-7-*(,(B(?)<*W*X*R*M*H*D*A*?*=*=*<*;*;*<*<*<*<*;*;*;*:*:*9*9*9*8*7*7*7*6*6**(,(2(<(A(B(A(>(<(:(8(7(6(5(5(5(5(5(5(5(5(5(5(5(5(5(5(5(5(5(5(5(5(5(5(5(,(.(\\(5+*.O/Z/O/D/:/1/*/e.b.a._.`.c.f.*/*/*/*/)/)/(/(/g.g.f.f.e.d.d.c.c.*(-(G(V)f*K+M+F+@+:+5+1+.+,+++*+*+*+*+++++*+*+)+)+(+g*g*g*f*e*e*d*d*c*b**(,(3(<(B(C(A(?(<(:(9(7(6(6(6(5(5(5(5(5(5(5(5(5(6(6(6(6(6(6(6(6(6(6(6(6(-(/(b(V+5/<1M1@121f0Z0Q0K0H0G0E0F0K0P0U0V0W0W0W0W0V0V0V0V0U0U0T0T0T0R0R0+(-(J(d)C+0,4,,,e+^+Y+T+Q+O+N+L+L+L+M+N+N+M+M+L+L+K+J+J+I+I+H+G+G+F+E+E+)(+(2(=(C(D(C(@(=(;(:(8(7(7(6(6(6(6(6(6(6(6(7(7(7(7(7(7(7(7(7(7(7(7(7(7(-(0(*)?,O0<3U3F363g2Y2N2G2C2C2A2C2I2Q2X2X2Y2Y2X2Y2X2X2X2Y2X2X2W2W2W2V2V2+(-(M(4*a+V,Z,R,J,C,<,7,4,2,0,/,.,/,0,2,1,1,0,/,/,.,-,-,-,,,+,*,),),(,g+)(+(3(>(D(F(D(B(?(=(;(:(9(8(8(7(7(7(7(7(8(8(8(8(8(8(8(8(8(8(8(8(8(9(9(9(.(1(3)e,c185[5K585f4U4H4@4;4:484:4C4M4V4W4X4Y4X4Y4Y4Y4Z4\\4[4[4Z4[4\\4[4\\4+(-(P(B*?,=-C-:-1-)-b,\\,Y,V,U,S,S,T,U,W,V,V,V,U,T,S,R,R,R,Q,P,O,N,N,L,L,)(+(2(>(D(F(D(B(?(<(;(9(8(8(7(7(7(7(7(7(7(7(8(8(8(8(8(8(8(8(8(8(8(8(8(8(.(1(7)>-b2\\6H767a6L696+6b5]5\\5[5^5)656@6B6C6C6C6E6C6D6E6G6F6E6E6F6G6F6F6+(-(S(Q*\\,d-+.b-X-O-G-A-=-:-9-7-7-8-:-<-<-;-:-9-9-8-7-6-6-5-4-3-2-2-0-/-)(*(2(>(E(G(E(C(@(=(;(:(9(8(8(8(8(8(8(8(8(8(8(8(9(9(9(9(9(9(9(9(9(9(9(9(","tint":"P7,6H4d2@1\\/8.T,0+L)(("},"cyan":{"spec":"-(.(Z(D+R.-1L2L3^3^3J3(392=120X.>-e+T*^)A)3)()a(_(a(f(.)8)>);)5)0)-)5)K)+(-(H(c)G+H,f,7-9-6-/-c,T,?,d+?+W*-*D)()Y(R(M(I(H(I(L(P(U(X(V(S(Q(P(U(`(*(+(3(>(D(F(F(C(A(>(<(;(9(8(7(5(3(1(0(/(.(.(.(.(.(/(/(/(/(/(/(/(/(0(1(2(-(/(](R+,/K1f2b32404^3=3Q2X1R0;/e-N,>+F*(*Y)N)F)D)F)K)T)_)e)b)\\)V)S)\\)3*,(.(I(g)L+L,(-7-8-4---b,T,A,(,F+a*:*T)9)*)c(^(Z(Y(Z(](a(f())g(d(b(a(f(1)*(,(3(>(D(F(E(C(@(>(<(:(9(8(6(5(3(2(1(0(/(/(/(/(0(0(0(0(0(0(0(0(1(1(2(4(/(1(a(\\+@/e1;314=4:4(4I3^2*2)1W/G.9-/,<+_*Q*F*?*=*?*D*M*W*\\*Y*S*N*K*T**++(-(J(+*U+V,0-<-<-7-0-f,X,G,0,Q+/+L*)*P)C)<)7)3)2)3)5)9)>)A)?)<):)9)=)H))(+(2(=(D(E(E(B(@(=(;(:(8(7(6(5(3(2(1(0(0(0(0(0(0(0(0(0(0(0(0(0(1(1(2(3(.(0(c(d+R/=2Q3A4K4G444V3.3=2?140*/b-`,2,X+K+@+9+7+9+=+E+O+S+P+J+E+C+J+^++(-(K(0*^+^,5->-=-8-1-g,Z,L,8,\\+?+`*A*+*_)X)S)P)O)O)R)U)Z)\\)Z)X)U)T)X)b))(+(2(=(D(E(D(B(?(=(;(9(8(7(6(5(4(2(1(1(1(1(1(1(1(1(1(1(1(1(1(1(1(2(3(4(-(0(g(9,:0+374_4e4^4L414N3d2/2,1*0*/,.@-g,Y,O,G,E,G,K,T,^,b,_,Y,T,R,Y,.-+(-(N(:*/,2-G-M-J-D-=-4-(-[,J,2,X+=+a*M*A*;*6*3*2*2*4*8*<*>*<*9*7*6*:*C*)(+(3(>(E(G(F(C(A(>(<(;(9(8(8(7(6(5(4(3(3(3(3(3(3(3(3(3(4(4(3(4(4(4(5(6(.(0(+)H,^0^3e4B5B585f4M4-4I3\\2c1+160C/].F.:.0.).g-).-.6.?.C.?.;.7.5.<.P.+(-(O(A*>,B-S-V-R-K-D-;-2-g,Z,F,1,\\+F+5+++e*a*]*\\*]*^*b*f*g*e*c*a*`*c*,+*(+(3(>(E(F(E(C(@(>(<(:(9(8(7(6(6(5(4(4(4(4(4(4(4(4(4(5(5(5(5(5(5(5(6(7(-(0(/)Y,E1S4T5g5a5T5B5,5Q444Q3b252L1d0G030(0_/Y/X/Y/]/e/.000-0)0g/e/+0=0+(-(R(L*O,T-c-c-]-V-O-G-?-6-,-],M,>,-,`+X+S+O+L+K+K+L+O+R+S+Q+O+N+M+O+V+)(+(3(?(F(H(G(D(B(?(=(<(;(:(9(8(8(7(6(6(6(6(6(6(6(6(6(7(7(7(7(7(7(7(8(8(.(0(3)+-)2D5=6F6;6,6Z5F505Z4@4]3<3`2E2/2`1W1O1J1I1J1M1U1]1^1Z1W1W1V1[1*2+(-(R(K*Q,X-d-a-Z-R-K-D-<-6-.-c,X,M,B,9,2,.,+,(,(,g+(,*,-,-,+,*,),(,),.,)(+(3(?(G(I(G(E(B(?(>(<(;(:(:(9(9(8(8(8(8(8(8(8(8(8(8(8(9(9(9(9(9(9(9(:(.(1(6)6-D2(6\\6[6L6:6)6W5E575g4O494+4[3N3C3=36323333363=3C3D3@3?3@3@3D3P3+(-(S(Q*\\,d--.(.`-W-P-J-C-?-:-3-,-f,`,Z,V,S,P,O,N,N,N,P,R,Q,O,N,N,M,N,Q,)(+(3(@(H(J(I(F(C(@(?(=(<(;(;(:(:(:(9(9(9(:(:(:(:(:(:(:(:(:(:(:(;(;(;(;(.(1(8)@-[2I667+7W6C626b5V5N5J5?57595856525.5*5(5)5)5*50545350515354555<5,(/(U(T*^,b-(.a-X-O-I-C-=-:-9-5-2-2-0-/---,-*-(-(-g,g,(-)-(-f,e,e,e,d,e,*(+(3(A(J(L(K(H(E(B(A(?(>(=(=(=(<(<(<(<(<(=(=(=(=(=(=(=(=(=(>(>(>(>(>(>(.(0(8)A-d2\\6H797c6M6<6.6c5_5_5\\5^5*656>6@6@6?6?6A6@6@6B6D6B6@6B6E6E6C6E6,(.(V(W*g,0.6.-.d-[-S-M-H-F-E-C-B-E-F-H-H-H-F-F-F-E-D-D-D-B-A-A-A-@->->-)(+(3(?(G(H(G(D(A(?(=(<(;(:(:(9(9(9(9(9(:(:(:(:(:(:(:(:(;(;(;(;(;(;(;(;(","tint":"P7,6H4d2@1\\/8.T,0+L)(("},"magenta":{"spec":"+(-(W(a*a,=-O,[+-+B*(*S)?)5)()X(O(Q(T(_(Y)0,4/c1`3f4J5]5(6-616367696:6=6*(,(D(H)B*L*6*])F)1)d(Y(P(K(E(=(:(:(<(A([(^)-+),L,\\,d,g,)-)-)-(-)-(-g,g,*(,(3(=(B(B(?(<(8(5(3(1(0(0(/(.(.(.(/(0(2(7(<(>(?(?(?(?(?(?(?(?(?(?(?(?(*(-(X(g*.-P-e,3,E+\\*A*-*Y)O)B)2)*)+).)9)2*D,B/,2f3)5L5^5)6.61626669696<6*(,(D(K)J*W*B***S)?)2)g(^(Y(S(K(G(H(J(O()))*4+,,L,[,a,d,f,f,e,e,e,e,d,d,)(+(1(;(?(?(=(:(6(4(2(0(/(.(.(-(-(-(.(/(1(5(8(:(;(;(;(;(:(:(:(:(:(:(:(:(+(-([(4+M-<.U-d,8,P+6+b*O*E*8*(*`)a)d)/*f*1-b/@2.4+5J5[5e5*6,6-616364676*(,(F(T)Z*-+Z*B*,*X)K)A)7)2),)d(a(a(c(()A)=*C+7,T,b,(-+-,-,-+-+-+-+-*-*-*(+(1(;(?(@(=(:(7(4(2(1(0(/(/(.(.(.(/(/(1(5(8(9(:(:(:(:(:(:(:(:(:(:(9(:(+(.(](A+-.)/G.X---G,-,Y+F+=+0+`*X*Z*]*(+]+`-G0Y2>465R5a5*6.61626567686;6*(,(H(X)e*=+-+W*B*/*c)Y)P)K)E)>):);)<)A)X)O*M+:,T,_,d,(-)-(-g,g,g,g,f,f,)(+(1(;(@(@(>(;(7(5(3(2(1(0(/(/(/(/(0(0(2(5(7(9(9(9(9(9(9(9(9(9(9(9(9(9(+(.(b(W+].-0Q/c.9.R-8-d,P,F,:,),a+c+g+3,g,d.<1=3T4B5Y5f5-616263656767696*(-(J(e)<+Z+M+7+c*Q*E*;*1*,*f)_)[)\\)])b)8*++c+J,a,*-/-1-2-2-1-1-1-1-0-0-)(+(2(<(A(B(@(<(9(7(5(3(2(2(1(0(0(1(1(2(3(6(8(9(:(:(:(:(:(9(9(9(9(9(9(9(,(.(g(2,_/P1=1Q0g/B/g.Q.>.3.f-U-M-Q-V-b-U.H0L274=5`526>6D6E6F6F6J6M6M6P6*(,(K(,*N+4,*,W+E+4+(+_*V*Q*L*D*A*B*C*H*[*E+1,O,_,e,(-*-+-*-)-)-)-(-g,g,)(+(2(<(B(B(@(=(:(8(6(4(3(3(2(1(1(2(2(3(4(6(8(9(9(9(9(9(9(9(9(9(9(9(9(9(,(/(,)H,R0\\2T2,2F1d0K060c/Z/O/@/9/>/D/P/<0Z1E3Y4N5(666@6E6F6G6G6K6N6N6Q6+(-(M(5*b+P,J,9,),Z+O+F+>+:+5+/+,+-+.+2+B+b+C,Y,e,*-+-----,-+-+-+-*-)-)-)(+(2(<(B(C(B(?(;(9(7(6(5(4(3(3(3(3(3(4(5(6(8(9(9(9(9(9(9(9(9(9(9(9(9(9(-(/(/)W,:1b3f3C3`2@2(2U1D1<121e0`0f0.1:1]1(3:495`526<6B6F6G6G6G6J6K6J6L6+(-(O(<*0,e,c,T,E,8,.,e+^+Z+V+P+N+O+P+T+`+8,O,^,f,(-)-*-*-)-(-g,g,f,e,e,*(+(2(>(D(F(D(A(>(;(9(8(7(6(6(6(5(5(6(6(7(9(:(:(;(;(;(;(;(;(;(;(;(;(;(;(-(0(3)(-)235D5g4G4*4T3A323+3d2Z2W2_2(343N3C485_566A6F6K6N6N6N6N6Q6Q6P6R6+(-(Q(H*H,E-F-:---a,W,P,I,F,B,=,;,=,>,B,J,Z,g,0-4-4-4-5-5-4-2-2-1-1-/-/-*(,(3(?(F(G(F(C(@(=(;(:(9(8(8(7(7(7(7(8(8(9(:(:(:(;(;(;(;(;(;(;(;(;(;(;(.(0(4)1-Q2@6b6K6/6U5?5.5`4Z4V4N4M4X4b4-5=5V5,6:6C6F6I6L6N6N6N6M6P6P6O6Q6+(-(Q(H*O,S-W-M-B-8-/-(-c,`,],Z,X,Z,[,],a,g,+---.---------,-*-)-)-(-g,g,)(+(2(=(D(F(E(B(?(<(;(9(8(8(7(7(7(7(7(7(7(8(8(8(9(9(9(9(9(9(9(9(9(9(9(9(.(1(5)8-f2(7U7C7,7V6C636)6d5c5`5c5.6:6D6G6I6K6L6N6N6O6Q6T6S6R6R6T6T6S6U6+(-(S(N*X,_-e-\\-R-J-B-<-7-5-3-1-1-2-4-5-6-5-5-4-4-3-2-2-2-1-0-/-/-.-,-,-)(+(2(>(E(F(E(B(?(=(;(9(9(8(8(7(7(7(7(7(8(8(8(8(8(8(8(8(8(8(9(9(9(9(9(9(","tint":"P7,6H4d2@1\\/8.T,0+L)(("},"yellow":{"spec":"+(-(;(W(f(g(c(a(_(`(.)-*<-c1K4?5Q5`5.6:6@6G6J6L6M6L6N6P6Q6P6O6N6P6Q6P6R6*(,(6(H(R(R(P(N(L(M(U(8)Z*F,4-=-=-?-?-A-A-A-@-@-?->-=-=-=-;-:-9-9-8-7-6-*(+(2(:(>(>(=(;(:(:(<(D(R(W(S(M(I(F(C(B(A(@(?(?(>(>(=(=(=(<(<(<(<(<(<(;(+(-(>(f(B)G)D)A)?)?)L)K*V-42U4F5W5g556A6H6N6P6R6T6S6V6Y6\\6Z6Y6X6\\6^6]6`6*(,(8(P(_(b(_(](\\(\\(c(D)a*G,3-9-9-:-:-<-<-<-<-;-;-9-8-8-8-7-6-5-5-4-2-2-*(,(2(:(>(?(>(<(;(;(<(D(R(W(R(L(H(E(C(B(A(@(?(?(>(>(>(=(=(=(<(<(<(<(<(<(+(-(C(>)0*A*>*:*7*6*C*?+@.G2W4A5O5_5-696?6G6J6M6O6O6P6T6V6V6T6T6W6X6W6Z6*(,(:(Z(3):)8)6)3)2)9)V))+D,*-0-0-1-2-3-4-5-4-4-3-2-1-1-1-/-.-----,-*-*-*(,(3(;(?(@(?(=(;(;(<(C(O(T(P(J(G(D(B(A(@(?(>(>(=(=(=(<(<(<(<(<(;(;(;(;(+(.(H(X)d*A+@+;+7+5+@+;,//]2[4@5M5\\5*666<6A6D6G6H6H6I6L6O6N6M6M6O6O6N6P6*(-(>(()M)Z)X)U)R)P)V)2*>+M,.-4-4-5-5-7-7-7-7-6-6-4-4-4-4-2-1-0-0-/-.-.-*(+(2(;(@(A(@(>(<(;(<(B(M(Q(M(H(E(C(A(@(?(>(>(=(=(=(<(<(<(<(;(;(;(;(;(;(+(.(O(6*_+M,M,H,B,?,I,A-(0:3f4D5P5^5,676<6@6B6D6F6F6G6J6L6L6K6L6N6N6L6O6+(-(A(8)**=*<*8*5*3*8*Q*U+Z,6-:-:-<-=->-?-?-?->->-=-<-<-<-;-9-8-8-8-7-7-*(,(3(<(A(B(A(?(=(<(=(A(J(M(J(F(C(A(@(?(>(>(=(=(=(<(<(<(<(<(;(;(;(;(;(;(,(.(W(]*0-6.:.3.+.f-/.c.61b355K5T5b5/6;6?6C6C6F6H6H6I6L6O6N6M6M6P6O6N6P6+(-(E(J)M*)+)+d*_*\\*`*6+.,e,:-=-<->-?-A-A-A-A-A-@-?->-?->-=-<-;-;-:-8-9-*(+(2(<(B(C(B(?(=(<(<(?(F(I(F(C(A(?(>(>(=(=(<(<(<(<(<(;(;(;(;(;(;(;(;(;(,(/(_(D+G./080/0e/\\/a/L0A2C4@5O5V5c5/6:6>6B6C6E6G6G6H6K6M6M6K6L6N6N6L6O6*(-(I(])2+V+W+R+L+H+I+Z+D,,-<-=-=-?-@-B-B-B-A-A-@-?-?-?-?-=-<-;-;-:-9-9-)(+(2(<(B(D(C(@(>(<(<(>(C(E(C(@(?(>(=(=(<(<(<(<(<(<(;(;(;(;(;(;(;(;(;(;(-(/(f(),W/_1.2d1X1M1O102L3)5R5Z5`5,696C6G6J6K6M6N6N6O6R6U6T6S6S6U6U6T6V6+(-(L(.*S+B,D,=,7,1,1,<,Z,5-?-?-?-A-B-D-D-D-C-C-C-A-A-A-A-?->-=-=-<-;-;-*(+(3(>(D(F(E(B(?(>(=(>(A(B(A(?(>(=(<(<(<(<(<(<(<(<(<(<(<(<(<(<(<(<(<(<(-(0(-)J,f0V3-4a3R3F3C3Y3S4H5]5`5d506<6F6J6L6M6N6P6O6P6S6U6U6T6T6V6V6U6W6*(-(O(=*3,,-0-(-a,Z,W,],.-<-A-@-?-A-C-E-E-D-C-C-C-A-@-A-@-?->-=-=-<-:-:-)(+(2(>(E(G(E(C(@(>(=(=(>(>(=(<(;(;(;(;(;(;(;(;(;(;(;(;(;(;(;(;(;(;(;(;(.(1(3))-32O526e5S5D5;5@5R5_5e5c5f516>6H6K6M6M6N6P6P6Q6S6V6U6T6T6W6W6U6W6+(-(T(Q*Y,\\-a-Y-Q-I-D-C-G-I-J-H-G-I-K-M-M-M-L-L-K-J-I-I-I-H-G-F-E-D-C-C-)(*(2(>(E(G(E(C(@(>(<(<(;(;(:(:(9(9(9(9(9(:(:(:(:(:(:(:(:(:(:(:(:(:(:(:(.(1(5)8-_2\\6H7;7g6T6C666,6g5(6e5g536@6I6L6M6M6N6O6O6O6Q6S6S6R6R6S6S6R6T6+(-(T(T*e,0.6...d-[-T-M-H-F-E-B-B-D-F-G-H-H-G-G-F-E-D-D-D-C-B-A-A-@->->-)(*(2(?(F(H(F(D(A(>(<(;(:(9(9(9(9(9(9(9(9(9(9(:(:(:(:(:(:(:(:(:(:(:(:(:(","tint":"P7,6H4d2@1\\/8.T,0+L)(("}}}