{"inks":{"blue fluorescent":{"edited":false,"entranceProfile":"lab","inkDefinition":"solid","inkName":"blue fluorescent","mc":"","opacity":0.0,"position":[0,0,4],"solidValues":[66.0,-28.0,-31.0]},"colored cold foil":{"edited":false,"entranceProfile":"lab","inkDefinition":"solid","inkName":"colored cold foil","mc":"","opacity":0.0,"position":[2,0,6],"solidValues":[33.0,50.0,33.0]},"colored foil block hot stamped":{"edited":false,"entranceProfile":"lab","inkDefinition":"solid","inkName":"colored foil block hot stamped","mc":"","opacity":0.0,"position":[2,0,2],"solidValues":[28.0,45.0,30.0]},"colored metallic ink":{"edited":false,"entranceProfile":"lab","inkDefinition":"solid","inkName":"colored metallic ink","mc":"","opacity":0.0,"position":[0,0,2],"solidValues":[21.0,19.0,44.0]},"crease":{"edited":false,"entranceProfile":"lab","inkDefinition":"solid","inkName":"crease","mc":"","opacity":0.0,"position":[3,0,5],"solidValues":[36.0,51.0,34.0]},"die cut":{"edited":false,"entranceProfile":"lab","inkDefinition":"solid","inkName":"die cut","mc":"","opacity":0.0,"position":[3,0,6],"solidValues":[48.0,66.0,46.0]},"emboss-deboss - detailed":{"edited":false,"entranceProfile":"lab","inkDefinition":"solid","inkName":"emboss-deboss - detailed","mc":"","opacity":0.0,"position":[3,0,3],"solidValues":[85.0,-18.0,21.0]},"emboss-deboss - rounded":{"edited":false,"entranceProfile":"lab","inkDefinition":"solid","inkName":"emboss-deboss - rounded","mc":"","opacity":0.0,"position":[3,0,0],"solidValues":[76.0,-31.0,43.0]},"emboss-deboss - sculptured 3d":{"edited":false,"entranceProfile":"lab","inkDefinition":"solid","inkName":"emboss-deboss - sculptured 3D","mc":"","opacity":0.0,"position":[3,0,4],"solidValues":[91.0,-11.0,13.0]},"emboss-deboss - sharp rounded":{"edited":false,"entranceProfile":"lab","inkDefinition":"solid","inkName":"emboss-deboss - sharp rounded","mc":"","opacity":0.0,"position":[3,0,1],"solidValues":[73.0,-36.0,55.0]},"emboss-deboss - wide rounded":{"edited":false,"entranceProfile":"lab","inkDefinition":"solid","inkName":"emboss-deboss - wide rounded","mc":"","opacity":0.0,"position":[3,0,2],"solidValues":[80.0,-25.0,32.0]},"gloss spot uv varnish":{"edited":false,"entranceProfile":"lab","inkDefinition":"solid","inkName":"gloss spot UV varnish","mc":"","opacity":0.0,"position":[1,0,6],"solidValues":[85.0,4.0,-12.0]},"gold cold foil":{"edited":false,"entranceProfile":"lab","inkDefinition":"solid","inkName":"gold cold foil","mc":"","opacity":0.0,"position":[2,0,5],"solidValues":[56.0,4.0,48.0]},"gold foil block hot stamped":{"edited":false,"entranceProfile":"lab","inkDefinition":"solid","inkName":"gold foil block hot stamped","mc":"","opacity":0.0,"position":[2,0,1],"solidValues":[49.0,6.0,41.0]},"gold metallic ink":{"edited":false,"entranceProfile":"lab","inkDefinition":"solid","inkName":"gold metallic ink","mc":"","opacity":0.0,"position":[0,0,1],"solidValues":[52.0,3.0,25.0]},"green fluorescent":{"edited":false,"entranceProfile":"lab","inkDefinition":"solid","inkName":"green fluorescent","mc":"","opacity":0.0,"position":[0,0,5],"solidValues":[78.0,-58.0,62.0]},"magenta fluorescent":{"edited":false,"entranceProfile":"lab","inkDefinition":"solid","inkName":"magenta fluorescent","mc":"","opacity":0.0,"position":[1,0,3],"solidValues":[48.0,60.0,-20.0]},"matt spot uv varnish":{"edited":false,"entranceProfile":"lab","inkDefinition":"solid","inkName":"matt spot UV varnish","mc":"","opacity":0.0,"position":[1,0,4],"solidValues":[62.0,9.0,-28.0]},"metallic flitter":{"edited":false,"entranceProfile":"lab","inkDefinition":"solid","inkName":"metallic flitter","mc":"","opacity":0.0,"position":[4,0,0],"solidValues":[73.0,0.0,0.0]},"non-metallic flitter":{"edited":false,"entranceProfile":"lab","inkDefinition":"solid","inkName":"non-metallic flitter","mc":"","opacity":0.0,"position":[4,0,1],"solidValues":[19.0,15.0,-37.0]},"opaque white spot color":{"edited":false,"entranceProfile":"lab","inkDefinition":"solid","inkName":"opaque white spot color","mc":"","opacity":0.0,"position":[0,0,3],"solidValues":[97.0,0.0,0.0]},"orange fluorescent":{"edited":false,"entranceProfile":"lab","inkDefinition":"solid","inkName":"orange fluorescent","mc":"","opacity":0.0,"position":[1,0,0],"solidValues":[72.0,32.0,61.0]},"pink fluorescent":{"edited":false,"entranceProfile":"lab","inkDefinition":"solid","inkName":"pink fluorescent","mc":"","opacity":0.0,"position":[1,0,2],"solidValues":[55.0,73.0,-8.0]},"red fluorescent":{"edited":false,"entranceProfile":"lab","inkDefinition":"solid","inkName":"red fluorescent","mc":"","opacity":0.0,"position":[1,0,1],"solidValues":[59.0,61.0,30.0]},"satin foil block hot stamped":{"edited":false,"entranceProfile":"lab","inkDefinition":"solid","inkName":"satin foil block hot stamped","mc":"","opacity":0.0,"position":[2,0,3],"solidValues":[63.0,3.0,55.0]},"satin spot uv varnish":{"edited":false,"entranceProfile":"lab","inkDefinition":"solid","inkName":"satin spot UV varnish","mc":"","opacity":0.0,"position":[1,0,5],"solidValues":[74.0,7.0,-19.0]},"silver cold foil":{"edited":false,"entranceProfile":"lab","inkDefinition":"solid","inkName":"silver cold foil","mc":"","opacity":0.0,"position":[2,0,4],"solidValues":[49.0,0.0,0.0]},"silver foil block hot stamped":{"edited":false,"entranceProfile":"lab","inkDefinition":"solid","inkName":"silver foil block hot stamped","mc":"","opacity":0.0,"position":[2,0,0],"solidValues":[41.0,0.0,0.0]},"silver metallic ink":{"edited":false,"entranceProfile":"lab","inkDefinition":"solid","inkName":"silver metallic ink","mc":"","opacity":0.0,"position":[0,0,0],"solidValues":[58.0,-1.0,-2.0]},"yellow fluorescent":{"edited":false,"entranceProfile":"lab","inkDefinition":"solid","inkName":"yellow fluorescent","mc":"","opacity":0.0,"position":[0,0,6],"solidValues":[91.0,-5.0,88.0]}}}