{"tintAndOverprintData":{"801":{"spec":"M(6)0*D+A-4/O0G1]1+212.2V1a0P/4.[,E+8*G)/)d(](Y(Z([(](c(+)/)-)()b(`(e(1)4(K(.)U)A*a*>+R+Y+^+_+^+U+@+a*=*[):)](K(B(>(;(:(:(:(;(=(@(A(A(?(=(<(>(B(*(((8(8(9(9(;(<(:(:(9(8(7(5(3(1(/(-(+(*(*()()()()()()()()(*(*()()()()(*(U(E(6)a,R2H6F7<7d6L666g5]5W5V5T5W5c5.696:6;6;6>6>6=6<6<6=6=6>6>6=6>6=6?67(5(P(C*W,^-(.a-W-L-C-=-9-5-4-2-1-3-5-7-7-6-6-5-5-4-3-2-2-1-1-0-/-/-.-.-*(((1(?(I(K(J(H(D(B(@(>(=(<(<(;(;(;(;(<(<(<(<(<(=(<(<(=(<(=(=(=(=(=(=(=(","tint":"P7(("},"802":{"spec":"=);)9)5)/)f(]([(\\(d(F);+6/C3X4*443;2*1O/3.W,E+S*@*:*9*:*G*a*@+^+5,<,3,4,D(M(R(N(H(A(=(<(<(?(L(8)X*=,],J,4,]+=+[*9*W)9)f(_(](\\(](a(*)5)@)H)J)G)G),(((1(.(+(*(*(*(*(*(*(-(3(9(;(9(7(6(4(3(1(/(-(,(+(+(+(+(+(,(-(.(.(.(.(.(U(E(6)a,R2H6F7<7d6L666g5]5W5V5T5W5c5.696:6;6;6>6>6=6<6<6=6=6>6>6=6>6=6?67(5(P(C*W,^-(.a-W-L-C-=-9-5-4-2-1-3-5-7-7-6-6-5-5-4-3-2-2-1-1-0-/-/-.-.-*(((1(?(I(K(J(H(D(B(@(>(=(<(<(;(;(;(;(<(<(<(<(<(=(<(<(=(<(=(=(=(=(=(=(=(","tint":"P7(("},"803":{"spec":"W)S)N)F);)*)](Y(Y(`(B)6+1/63042323O41627*8@8d7?7g6^6_6`6\\6Q6J6L6S6X6[6^6M(X(\\(W(M(C(=(;(;(=(J(6)V*8,M,5,3,T,6-L-`-g-\\-M-D-@-@-?-=-8-5-5-7-8-9-9--(((4(/(,(*(*(*()(*(*(-(3(8(:(7(7(9(;(=(>(?(>(=(>(=(=(>(=(=(=(=(>(>(>(>(U(E(6)a,R2H6F7<7d6L666g5]5W5V5T5W5c5.696:6;6;6>6>6=6<6<6=6=6>6>6=6>6=6?67(5(P(C*W,^-(.a-W-L-C-=-9-5-4-2-1-3-5-7-7-6-6-5-5-4-3-2-2-1-1-0-/-/-.-.-*(((1(?(I(K(J(H(D(B(@(>(=(<(<(;(;(;(;(<(<(<(<(<(=(<(<(=(<(=(=(=(=(=(=(=(","tint":"P7(("},"804":{"spec":"2)3)3)4)6)6)7)B)Z)K*V+^,>-1--,*+,+O,</S2E7c;V<,;H9T8?8,8T777d6^6a6c6e6e6A(J(N(N(K(G(G(K(T(f(C)^)**e)K)1)1)V)U*c+R-9/L/c.>.+.b-Z-Q-F-?-;-<-<-<-;-+(((1(.(,(+(+(+(+(-(.(0(0(/(.(,(,(.(2(7(>(D(E(C(B(?(?(@(>(>(>(>(>(>(>(>(U(E(6)a,R2H6F7<7d6L666g5]5W5V5T5W5c5.696:6;6;6>6>6=6<6<6=6=6>6>6=6>6=6?67(5(P(C*W,^-(.a-W-L-C-=-9-5-4-2-1-3-5-7-7-6-6-5-5-4-3-2-2-1-1-0-/-/-.-.-*(((1(?(I(K(J(H(D(B(@(>(=(<(<(;(;(;(;(<(<(<(<(<(=(<(<(=(<(=(=(=(=(=(=(=(","tint":"P7(("},"805":{"spec":"V)Z)_)(*7*@*I*^*D+3,H,b+/+H*V)1)0)U)W*=,/0R6e;J<d:W939Y8:8T787,7,7+7+7+7M([(e(g(()e(f(.)<)N)V)G)4)e(R(C(C(P())N)f*>-:/E/`.C.5.+._-P-F-@-@-?->->--(((6(1(/(.(.(.(.(/(0(.(-(,(+(*(*(*(,(.(3(=(D(E(D(A(@(A(?(?(>(>(>(>(>(>(U(E(6)a,R2H6F7<7d6L666g5]5W5V5T5W5c5.696:6;6;6>6>6=6<6<6=6=6>6>6=6>6=6?67(5(P(C*W,^-(.a-W-L-C-=-9-5-4-2-1-3-5-7-7-6-6-5-5-4-3-2-2-1-1-0-/-/-.-.-*(((1(?(I(K(J(H(D(B(@(>(=(<(<(;(;(;(;(<(<(<(<(<(=(<(<(=(<(=(=(=(=(=(=(=(","tint":"P7(("},"806":{"spec":"M*,+Y+\\,F.I/b/c/@/D.)-E+B*W)-)T(R(`(0)R)S+K0a66:*:99a8L818N747*7*7*7)7*7_(@)d)A*`**+,+++]*E*b)<)c(R(B(9(8(=(C(O(>)0+D-O.K.8./.f-\\-N-D-@-?-?->-=-/(((D(?(<(:(9(9(6(3(0(-(,(+(*()()()(*(*(-(4(=(A(B(@(@(@(?(?(>(>(>(>(>(>(U(E(6)a,R2H6F7<7d6L666g5]5W5V5T5W5c5.696:6;6;6>6>6=6<6<6=6=6>6>6=6>6=6?67(5(P(C*W,^-(.a-W-L-C-=-9-5-4-2-1-3-5-7-7-6-6-5-5-4-3-2-2-1-1-0-/-/-.-.-*(((1(?(I(K(J(H(D(B(@(>(=(<(<(;(;(;(;(<(<(<(<(<(=(<(<(=(<(=(=(=(=(=(=(=(","tint":"P7(("},"807":{"spec":"-*Y*X+7-C/c0O1H1@0].--C+=*O)f(Q(N(S(U(b(g)--`1g4>5(5_4b4d4V4@404_3T3_3C4T(7)c)N*;+N+W+R+6+O*d);)a(O(?(7(6(8(9(=(W(_)O+U,^,U,Q,R,R,L,D,=,7,2,6,B,.(((D(A(?(>(=(<(8(4(1(-(,(*()()()()()()(+(/(6(:(<(:(:(;(:(;(:(:(9(9(9(:(U(E(6)a,R2H6F7<7d6L666g5]5W5V5T5W5c5.696:6;6;6>6>6=6<6<6=6=6>6>6=6>6=6?67(5(P(C*W,^-(.a-W-L-C-=-9-5-4-2-1-3-5-7-7-6-6-5-5-4-3-2-2-1-1-0-/-/-.-.-*(((1(?(I(K(J(H(D(B(@(>(=(<(<(;(;(;(;(<(<(<(<(<(=(<(<(=(<(=(=(=(=(=(=(=(","tint":"P7(("},"808":{"spec":"F*Q*a*:+g+=,=,=,D,Z,Z-a/?273;2Y0</^->,8+N*6*b)U)Q)R)U)^),*6*6*0*e)\\)c)8*](4)G)P)Y)X)S)S)U)])5*(+d+8,a+;+W*3*O)4)e(\\(U(P(N(N(O(S(X([([(Y(U(Q(T([(/(((=(7(4(2(2(1(0(1(2(4(8(8(7(4(2(0(.(-(,(+(+(*(*(*(*(+(+(+(+(+(+(+(+(+(U(E(6)a,R2H6F7<7d6L666g5]5W5V5T5W5c5.696:6;6;6>6>6=6<6<6=6=6>6>6=6>6=6?67(5(P(C*W,^-(.a-W-L-C-=-9-5-4-2-1-3-5-7-7-6-6-5-5-4-3-2-2-1-1-0-/-/-.-.-*(((1(?(I(K(J(H(D(B(@(>(=(<(<(;(;(;(;(<(<(<(<(<(=(<(<(=(<(=(=(=(=(=(=(=(","tint":"P7(("},"809":{"spec":"(*e)`)Z)Q)B)5)0)2);)a)Z+Q/I3>4D3G3Z4_516(6:5d3Z262+2*2.2?2X243O3f3.4(4*4S(`(f(`(W(L(F(D(D(H(V(D)b*?,S,<,;,X,/-4-0-^,?,b+U+Q+P+Q+W+_+),1,9,<,9,9,.(((6(0(-(+(+(*(*(*(+(.(4(9(:(8(8(9(;(<(<(;(9(7(7(6(6(7(6(8(8(9(:(:(:(:(U(E(6)a,R2H6F7<7d6L666g5]5W5V5T5W5c5.696:6;6;6>6>6=6<6<6=6=6>6>6=6>6=6?67(5(P(C*W,^-(.a-W-L-C-=-9-5-4-2-1-3-5-7-7-6-6-5-5-4-3-2-2-1-1-0-/-/-.-.-*(((1(?(I(K(J(H(D(B(@(>(=(<(<(;(;(;(;(<(<(<(<(<(=(<(<(=(<(=(=(=(=(=(=(=(","tint":"P7(("},"810":{"spec":"b)`)\\)X)R)G)=);)?)N);*0,6/J121Z/Z/R144C6W8/:S9O8^7H7B7=727a6W6V6[6_6`6c6Q(^(c(_(W(N(I(H(I(O(`(M)X*O+F+d*b*N+H,;-1.O.E.*.X-O-L-I-E->-:-9-:-;-:-;--(((5(0(-(,(+(+(+(+(,(.(3(6(5(3(3(5(8(<(?(A(A(?(?(>(>(>(=(>(>(>(>(>(>(>(U(E(6)a,R2H6F7<7d6L666g5]5W5V5T5W5c5.696:6;6;6>6>6=6<6<6=6=6>6>6=6>6=6?67(5(P(C*W,^-(.a-W-L-C-=-9-5-4-2-1-3-5-7-7-6-6-5-5-4-3-2-2-1-1-0-/-/-.-.-*(((1(?(I(K(J(H(D(B(@(>(=(<(<(;(;(;(;(<(<(<(<(<(=(<(<(=(<(=(=(=(=(=(=(=(","tint":"P7(("},"811":{"spec":"R)T)W)[)d)g)+*;*^*Y+W,f,K,f+g*.*+*g*M,V.a2[8;<];8:89]8G8,8J737)7*7+7*7+7K(X(a(a(_([([(a(.)D)\\)a)W)H)0)Z(Y(/)T)F*g+0.B/4/P.8.-.d-Z-M-D-?-?-?->->--(((5(0(.(-(,(-(-(/(0(0(/(.(,(+(+(,(.(1(7(?(D(D(C(@(@(@(>(?(>(>(>(>(>(>(U(E(6)a,R2H6F7<7d6L666g5]5W5V5T5W5c5.696:6;6;6>6>6=6<6<6=6=6>6>6=6>6=6?67(5(P(C*W,^-(.a-W-L-C-=-9-5-4-2-1-3-5-7-7-6-6-5-5-4-3-2-2-1-1-0-/-/-.-.-*(((1(?(I(K(J(H(D(B(@(>(=(<(<(;(;(;(;(<(<(<(<(<(=(<(<(=(<(=(=(=(=(=(=(=(","tint":"P7(("},"812":{"spec":"`*.+B+b+X,6-C-T-).5.W-K,G+U*])7)3)H)_)F*T,Q1G74:^9-9V8D8+8J737*7*7*7)7*7e(A)X)d)/*/*/*4*<*@*4*W)=)*)T(F(D(L(T(b(V)I+R-N.F.4.+.c-Z-M-D-@-?-?->-=-0(((A(:(7(5(4(4(3(3(2(/(-(,(+(*(*(*(+(+(/(5(>(A(B(@(?(@(>(?(>(>(>(>(>(>(U(E(6)a,R2H6F7<7d6L666g5]5W5V5T5W5c5.696:6;6;6>6>6=6<6<6=6=6>6>6=6>6=6?67(5(P(C*W,^-(.a-W-L-C-=-9-5-4-2-1-3-5-7-7-6-6-5-5-4-3-2-2-1-1-0-/-/-.-.-*(((1(?(I(K(J(H(D(B(@(>(=(<(<(;(;(;(;(<(<(<(<(<(=(<(<(=(<(=(=(=(=(=(=(=(","tint":"P7(("},"813":{"spec":"O*9+4,L-O/e0G1F1T0H/e-;,2+@*N)0)-)5)9)L)-+g.>4=7>7Z6J6E6<6e5M5>515)505H5`(F)1*X*@+O+S+Q+=+_*9*Q)5)b(O(C(B(E(F(M(0)K*H,L-L->-8-5-2-(-_,Y,T,Q,S,Z,/(((G(B(@(>(=(<(8(5(2(/(-(+(*(*()(*(*(*(,(2(9(=(>(=(<(=(<(<(<(<(;(;(;(<(U(E(6)a,R2H6F7<7d6L666g5]5W5V5T5W5c5.696:6;6;6>6>6=6<6<6=6=6>6>6=6>6=6?67(5(P(C*W,^-(.a-W-L-C-=-9-5-4-2-1-3-5-7-7-6-6-5-5-4-3-2-2-1-1-0-/-/-.-.-*(((1(?(I(K(J(H(D(B(@(>(=(<(<(;(;(;(;(<(<(<(<(<(=(<(<(=(<(=(=(=(=(=(=(=(","tint":"P7(("},"814":{"spec":"T)I*U+C-`/Y1V2c2<2<1b/<.--,,c*0*c)e)Z)[)L*\\+B,4,e+_+a+/,D,M,D,5,^+M+W+<,L(0)b)T*H+d+2,5,e+L+)+B*d)J)/)[(V(V(R(R(d(A)O)I)D)A)B)G)N)Q)N)H)@):)=)J)-(((C(A(@(@(@(?(;(9(5(2(0(.(,(+(+(+(*(+(,(-(.(.(.(-(-(.(.(/(.(.(.(-(-(.(U(E(6)a,R2H6F7<7d6L666g5]5W5V5T5W5c5.696:6;6;6>6>6=6<6<6=6=6>6>6=6>6=6?67(5(P(C*W,^-(.a-W-L-C-=-9-5-4-2-1-3-5-7-7-6-6-5-5-4-3-2-2-1-1-0-/-/-.-.-*(((1(?(I(K(J(H(D(B(@(>(=(<(<(;(;(;(;(<(<(<(<(<(=(<(<(=(<(=(=(=(=(=(=(=(","tint":"P7(("},"901":{"spec":"))Z)a*G,Z.X0.2[2(323;3=3(352(1L/1.U,>+A*`)O)B);):);)?)I)W)^)Z)R)G)@)G)[)>([(G)6*)+J+c+2,6,9,<,<,4,_+B+^*;*X)7)`(T(N(I(F(F(F(G(K(P(R(Q(N(J(G(J(Q(+(((=(=(=(=(>(?(=(<(;(:(9(7(5(2(0(.(-(+(+(*(*(*(*(*(*(*(*(+(+(*(*(*(*(+(U(E(6)a,R2H6F7<7d6L666g5]5W5V5T5W5c5.696:6;6;6>6>6=6<6<6=6=6>6>6=6>6=6?67(5(P(C*W,^-(.a-W-L-C-=-9-5-4-2-1-3-5-7-7-6-6-5-5-4-3-2-2-1-1-0-/-/-.-.-*(((1(?(I(K(J(H(D(B(@(>(=(<(<(;(;(;(;(<(<(<(<(<(=(<(<(=(<(=(=(=(=(=(=(=(","tint":"P7(("},"902":{"spec":"g*(+)+,+8+/+_*Y*^*2+3,R.I2C5a5>5e4L4U3L291]/C.G-.-(-g,+->-_-F.*/G/Q/G/E/()>)K)I)D)8)/),).)5)N)J*(,--8-*-^,S,=,`+A+_*>*g)^)\\)[)\\)c)/*<*I*S*V*R*Q*0(((>(6(2(0(.(.(-(.(/(2(8(<(<(;(:(9(8(7(5(3(1(0(/(/(/(/(/(1(1(2(3(3(3(3(U(E(6)a,R2H6F7<7d6L666g5]5W5V5T5W5c5.696:6;6;6>6>6=6<6<6=6=6>6>6=6>6=6?67(5(P(C*W,^-(.a-W-L-C-=-9-5-4-2-1-3-5-7-7-6-6-5-5-4-3-2-2-1-1-0-/-/-.-.-*(((1(?(I(K(J(H(D(B(@(>(=(<(<(;(;(;(;(<(<(<(<(<(=(<(<(=(<(=(=(=(=(=(=(=(","tint":"P7(("},"9020":{"spec":"`*G+=,O-L/W0)171I1e1T2U3O4*5.5+50595:5:595;5:5;5?5G5R5[5_5Y5V5\\5c5)6-626e(L)6*Z*?+I+H+K+R+[+-,E,[,d,e,c,b,c,b,`,_,_,^,],^,`,d,f,g,d,c,d,f,(-(-)-0(((H(B(?(=(<(;(:(:(:(:(;(;(;(:(:(:(:(;(;(;(;(;(<(;(;(<(;(<(<(<(<(=(=(=(U(E(6)a,R2H6F7<7d6L666g5]5W5V5T5W5c5.696:6;6;6>6>6=6<6<6=6=6>6>6=6>6=6?67(5(P(C*W,^-(.a-W-L-C-=-9-5-4-2-1-3-5-7-7-6-6-5-5-4-3-2-2-1-1-0-/-/-.-.-*(((1(?(I(K(J(H(D(B(@(>(=(<(<(;(;(;(;(<(<(<(<(<(=(<(<(=(<(=(=(=(=(=(=(=(","tint":"P7(("},"9021":{"spec":"/*4+W,g..2-4E4H4J4L4K4J4F4@4946494?4@4U4.5=5@5A5E5K5V5^5b5\\5Y5]5f5,60636U(C)C*E+G,`,],\\,\\,[,Z,Z,X,T,Q,O,N,N,L,R,[,_,`,_,`,b,e,g,(-e,d,d,g,)-)-*-.(((K(I(G(E(C(B(?(>(=(<(;(:(:(9(9(9(9(:(:(;(;(;(<(;(;(<(;(<(<(<(<(=(=(=(U(E(6)a,R2H6F7<7d6L666g5]5W5V5T5W5c5.696:6;6;6>6>6=6<6<6=6=6>6>6=6>6=6?67(5(P(C*W,^-(.a-W-L-C-=-9-5-4-2-1-3-5-7-7-6-6-5-5-4-3-2-2-1-1-0-/-/-.-.-*(((1(?(I(K(J(H(D(B(@(>(=(<(<(;(;(;(;(<(<(<(<(<(=(<(<(=(<(=(=(=(=(=(=(=(","tint":"P7(("},"9022":{"spec":"+*5+_,:/K2R4*5,5-5.5+5g4b4Y4H43444?4?4F4]455?5B5F5M5W5`5c5^5Z5_5g5-61646T(D)G*O+T,.-+-*-)-(-f,e,c,^,W,M,L,N,L,M,U,\\,`,_,a,c,f,(-)-f,d,e,g,)-*-*-.(((L(J(I(G(E(C(A(?(>(<(<(;(:(9(9(9(9(9(:(:(;(;(<(;(;(<(;(<(<(<(<(=(=(=(U(E(6)a,R2H6F7<7d6L666g5]5W5V5T5W5c5.696:6;6;6>6>6=6<6<6=6=6>6>6=6>6=6?67(5(P(C*W,^-(.a-W-L-C-=-9-5-4-2-1-3-5-7-7-6-6-5-5-4-3-2-2-1-1-0-/-/-.-.-*(((1(?(I(K(J(H(D(B(@(>(=(<(<(;(;(;(;(<(<(<(<(<(=(<(<(=(<(=(=(=(=(=(=(=(","tint":"P7(("},"9023":{"spec":"9*C+,-E/U2Y415455545/5d4U4C4+4X3Z3d3c3g364K4X4Y4W4]435I5X5Y5Y5_5(6/63676X(J)N*T+X,1-.---,-*-(-c,^,U,L,C,B,D,B,A,G,M,R,P,P,Q,Y,`,e,d,d,e,(-*-*-+-.(((M(K(I(G(E(D(A(@(>(<(;(:(:(8(8(8(8(9(9(:(:(:(;(:(:(<(;(<(<(<(=(=(=(=(U(E(6)a,R2H6F7<7d6L666g5]5W5V5T5W5c5.696:6;6;6>6>6=6<6<6=6=6>6>6=6>6=6?67(5(P(C*W,^-(.a-W-L-C-=-9-5-4-2-1-3-5-7-7-6-6-5-5-4-3-2-2-1-1-0-/-/-.-.-*(((1(?(I(K(J(H(D(B(@(>(=(<(<(;(;(;(;(<(<(<(<(<(=(<(<(=(<(=(=(=(=(=(=(=(","tint":"P7(("},"903":{"spec":"R+R+P+P+Z+G+.+c*f*9+;,Z.M2B5V5,515)6U6(74777(7V6M6L6R6V6W6M6H6K6S6X6Z6_66)Q)_)[)T)B)5)0)1)8)Q)M**,--4-c,c,5-C-H-L-L-F->-:-9-;-;-;-7-5-5-7-8-8-9-2(((C(9(4(0(/(.(.(.(/(3(8(<(<(:(:(;(<(=(=(=(=(=(=(<(<(>(=(=(=(=(>(>(>(>(U(E(6)a,R2H6F7<7d6L666g5]5W5V5T5W5c5.696:6;6;6>6>6=6<6<6=6=6>6>6=6>6=6?67(5(P(C*W,^-(.a-W-L-C-=-9-5-4-2-1-3-5-7-7-6-6-5-5-4-3-2-2-1-1-0-/-/-.-.-*(((1(?(I(K(J(H(D(B(@(>(=(<(<(;(;(;(;(<(<(<(<(<(=(<(<(=(<(=(=(=(=(=(=(=(","tint":"P7(("},"904":{"spec":"L*Q*W*b*7+A+I+`+Q,c-H/S0)1W0O/;.:.,0V2B5C8@:+:_8g7N7G7A767b6V6U6Z6]6^6b6_(4)B)D)D)?)?)G)Z)9*_*;+D+<+`*@*>*(+e+c,).U.N./.[-Q-N-K-G->-:-8-9-:-:-:-/(((<(6(2(0(0(0(1(3(5(6(6(5(3(1(1(3(6(;(?(B(A(@(?(>(>(?(=(>(>(>(>(>(>(>(U(E(6)a,R2H6F7<7d6L666g5]5W5V5T5W5c5.696:6;6;6>6>6=6<6<6=6=6>6>6=6>6=6?67(5(P(C*W,^-(.a-W-L-C-=-9-5-4-2-1-3-5-7-7-6-6-5-5-4-3-2-2-1-1-0-/-/-.-.-*(((1(?(I(K(J(H(D(B(@(>(=(<(<(;(;(;(;(<(<(<(<(<(=(<(<(=(<(=(=(=(=(=(=(=(","tint":"P7(("},"9040":{"spec":"2*=+(-C/T2\\475<5?5C5E5F5E5B5:5.5)5e4R4=4)4^3S3K3L3R3]3,4;4=4845414+434K4V(G)L*S+X,2-1-0-0-0-0-0-0---)-d,`,\\,S,J,B,=,9,4,4,6,:,>,C,C,A,?,=,;,=,E,.(((M(K(I(G(E(D(A(@(?(=(<(<(;(:(:(:(9(9(9(9(8(8(9(8(9(:(9(:(:(:(:(:(:(:(U(E(6)a,R2H6F7<7d6L666g5]5W5V5T5W5c5.696:6;6;6>6>6=6<6<6=6=6>6>6=6>6=6?67(5(P(C*W,^-(.a-W-L-C-=-9-5-4-2-1-3-5-7-7-6-6-5-5-4-3-2-2-1-1-0-/-/-.-.-*(((1(?(I(K(J(H(D(B(@(>(=(<(<(;(;(;(;(<(<(<(<(<(=(<(<(=(<(=(=(=(=(=(=(=(","tint":"P7(("},"9041":{"spec":"f)*+J,V.Y1X364A4N4\\4g4-5/5/5+5c4f4,5(5`4S4B4)4S3L3N3V3_3+464C4R4`4g4(5.5R(?)=*=+>,W,W,Y,],a,e,g,g,f,d,`,_,_,[,V,Q,J,A,7,4,5,7,9,=,A,E,I,N,P,P,Q,.(((I(H(F(D(C(B(@(?(>(=(<(;(;(:(:(:(:(:(:(9(9(8(9(8(8(9(9(:(:(;(;(;(;(;(U(E(6)a,R2H6F7<7d6L666g5]5W5V5T5W5c5.696:6;6;6>6>6=6<6<6=6=6>6>6=6>6=6?67(5(P(C*W,^-(.a-W-L-C-=-9-5-4-2-1-3-5-7-7-6-6-5-5-4-3-2-2-1-1-0-/-/-.-.-*(((1(?(I(K(J(H(D(B(@(>(=(<(<(;(;(;(;(<(<(<(<(<(=(<(<(=(<(=(=(=(=(=(=(=(","tint":"P7(("},"9042":{"spec":"-*0+Q,^.b1`394?4E4K4O4Q4R4R4M4G4H4L4G4@48444.4)4+424<4G4Q4P4M4Q4U4W4]4(5T(B)@*A+B,Z,X,X,Z,[,\\,\\,\\,[,X,U,S,S,O,K,G,E,C,?,@,B,E,H,K,J,I,I,J,J,L,O,.(((J(H(G(E(C(B(?(>(=(<(;(:(:(9(9(9(9(9(9(9(9(9(:(9(9(:(:(;(:(;(;(;(;(;(U(E(6)a,R2H6F7<7d6L666g5]5W5V5T5W5c5.696:6;6;6>6>6=6<6<6=6=6>6>6=6>6=6?67(5(P(C*W,^-(.a-W-L-C-=-9-5-4-2-1-3-5-7-7-6-6-5-5-4-3-2-2-1-1-0-/-/-.-.-*(((1(?(I(K(J(H(D(B(@(>(=(<(<(;(;(;(;(<(<(<(<(<(=(<(<(=(<(=(=(=(=(=(=(=(","tint":"P7(("},"9043":{"spec":")*(+B,G.A1:3U3^3e3,414548494743494C4E4F4F4H4I4J4N4U4_4g4+5f4d4)51575<5A5S(>)9*6+3,K,K,L,N,O,P,R,S,Q,P,M,N,O,N,M,L,L,L,K,L,N,Q,S,T,R,Q,R,T,V,W,X,.(((I(F(E(C(B(A(>(>(<(;(;(:(:(9(9(9(9(9(9(9(:(9(:(:(:(;(:(;(;(;(;(;(<(<(U(E(6)a,R2H6F7<7d6L666g5]5W5V5T5W5c5.696:6;6;6>6>6=6<6<6=6=6>6>6=6>6=6?67(5(P(C*W,^-(.a-W-L-C-=-9-5-4-2-1-3-5-7-7-6-6-5-5-4-3-2-2-1-1-0-/-/-.-.-*(((1(?(I(K(J(H(D(B(@(>(=(<(<(;(;(;(;(<(<(<(<(<(=(<(<(=(<(=(=(=(=(=(=(=(","tint":"P7(("},"9044":{"spec":"7*4+L,L.@163S3^3(42494<4<4:434g3a3Z3C3*3P2<2d1Q1K1N1W1d172B2H2L2K2G2M2c2X(C)>*8+3,I,J,L,O,Q,S,T,T,R,O,I,E,@,6,+,a+Y+P+H+F+F+I+M+T+W+Y+Z+Y+W+Y+`+.(((J(G(E(C(B(A(>(>(=(;(;(:(:(9(8(8(7(7(7(6(6(5(6(5(6(7(6(7(7(7(7(7(8(8(U(E(6)a,R2H6F7<7d6L666g5]5W5V5T5W5c5.696:6;6;6>6>6=6<6<6=6=6>6>6=6>6=6?67(5(P(C*W,^-(.a-W-L-C-=-9-5-4-2-1-3-5-7-7-6-6-5-5-4-3-2-2-1-1-0-/-/-.-.-*(((1(?(I(K(J(H(D(B(@(>(=(<(<(;(;(;(;(<(<(<(<(<(=(<(<(=(<(=(=(=(=(=(=(=(","tint":"P7(("},"9045":{"spec":"E*;+H,;._0H2b2.3:3F3N3T3U3U3P3G3D3@303\\2F222X1B1<1>1F1Q1b1/292B2F2F2K2[2\\(G)<*0+d+7,7,9,=,@,C,E,E,D,A,=,:,6,/,f+^+U+L+B+@+A+C+F+L+P+S+V+W+W+X+]+/(((I(F(C(A(@(?(=(<(<(:(:(9(9(8(8(8(7(7(7(6(6(5(6(5(5(6(6(7(7(7(7(7(7(8(U(E(6)a,R2H6F7<7d6L666g5]5W5V5T5W5c5.696:6;6;6>6>6=6<6<6=6=6>6>6=6>6=6?67(5(P(C*W,^-(.a-W-L-C-=-9-5-4-2-1-3-5-7-7-6-6-5-5-4-3-2-2-1-1-0-/-/-.-.-*(((1(?(I(K(J(H(D(B(@(>(=(<(<(;(;(;(;(<(<(<(<(<(=(<(<(=(<(=(=(=(=(=(=(=(","tint":"P7(("},"905":{"spec":"9+E+W+3,d,<-G-^-I.A/]/8/=.J->,8+0+0,N-=/Y2G7.:]9]848f7\\7L747c6^6b6c6c6f6.)K)c),*4*1*0*8*H*]*g*Y*B*.*Q)6)3)J),*T*e+R-O.F./._-Y-U-N-E->-;-<-<-<-<-1(((D(<(7(5(4(4(4(5(5(3(2(0(.(-(,(.(0(2(7(>(A(A(A(?(>(?(>(>(>(>(>(>(>(>(U(E(6)a,R2H6F7<7d6L666g5]5W5V5T5W5c5.696:6;6;6>6>6=6<6<6=6=6>6>6=6>6=6?67(5(P(C*W,^-(.a-W-L-C-=-9-5-4-2-1-3-5-7-7-6-6-5-5-4-3-2-2-1-1-0-/-/-.-.-*(((1(?(I(K(J(H(D(B(@(>(=(<(<(;(;(;(;(<(<(<(<(<(=(<(<(=(<(=(=(=(=(=(=(=(","tint":"P7(("},"906":{"spec":"6+(,/-W..1K2f2(3P2b1T0-/[-[,O+U*M*c*0+M+Y-;2a6N8=8a7W7P7D7.7^6Z6\\6]6^6b6-)[)P*=++,8,8,7,-,Z+<+U*5*\\)?)))f(-)2)<)/*Y+D-).c-X-T-P-L-C-<-:-:-:-:-:-1(((N(H(D(A(@(?(<(:(7(3(1(/(-(,(,(,(,(-(0(6(=(?(@(>(>(?(>(>(>(>(>(>(>(>(U(E(6)a,R2H6F7<7d6L666g5]5W5V5T5W5c5.696:6;6;6>6>6=6<6<6=6=6>6>6=6>6=6?67(5(P(C*W,^-(.a-W-L-C-=-9-5-4-2-1-3-5-7-7-6-6-5-5-4-3-2-2-1-1-0-/-/-.-.-*(((1(?(I(K(J(H(D(B(@(>(=(<(<(;(;(;(;(<(<(<(<(<(=(<(<(=(<(=(=(=(=(=(=(=(","tint":"P7(("},"9060":{"spec":"0*g*6,+.S0@2\\2,3=3R3/4U435A5A5=5C5M5O5O5N5P5O5P5S5Z5e5.616+6(6,666<6@6D6U(>)2*(+_+4,4,8,>,E,P,^,)---,-)-*-+-*-(-g,f,f,d,e,g,+---.-+-)-*---.-/-0-.(((G(D(C(A(@(?(=(=(<(<(<(;(<(;(;(;(:(;(;(;(;(;(<(;(;(=(<(=(<(=(=(=(=(=(U(E(6)a,R2H6F7<7d6L666g5]5W5V5T5W5c5.696:6;6;6>6>6=6<6<6=6=6>6>6=6>6=6?67(5(P(C*W,^-(.a-W-L-C-=-9-5-4-2-1-3-5-7-7-6-6-5-5-4-3-2-2-1-1-0-/-/-.-.-*(((1(?(I(K(J(H(D(B(@(>(=(<(<(;(;(;(;(<(<(<(<(<(=(<(<(=(<(=(=(=(=(=(=(=(","tint":"P7(("},"9061":{"spec":"**4+_,:/K2T4055585:5955505)5W4@4@4P4R4Z415F5O5R5W5]5(60636-6*6.666=6A6C6S(C)G*O+T,/-.---.---,-*-(-d,\\,R,P,T,S,T,\\,c,f,e,g,(-,-.-.-+-*-*---/-/-/-.(((L(J(I(G(E(D(A(@(>(=(<(;(;(9(9(9(9(:(:(;(;(;(<(;(<(=(<(=(=(=(=(=(=(=(U(E(6)a,R2H6F7<7d6L666g5]5W5V5T5W5c5.696:6;6;6>6>6=6<6<6=6=6>6>6=6>6=6?67(5(P(C*W,^-(.a-W-L-C-=-9-5-4-2-1-3-5-7-7-6-6-5-5-4-3-2-2-1-1-0-/-/-.-.-*(((1(?(I(K(J(H(D(B(@(>(=(<(<(;(;(;(;(<(<(<(<(<(=(<(<(=(<(=(=(=(=(=(=(=(","tint":"P7(("},"9062":{"spec":"8*C+.-J/\\2d4?5E5J5N5P5R5Q5P5I5@5@5B575*5^4W4P4K4M4S4^4*55535/5.5.5.555D5X(J)O*W+[,6-4-3-4-4-5-5-4-2-/-*-(-g,a,Z,U,Q,O,K,L,N,Q,T,X,V,U,S,S,S,T,Y,.(((N(K(I(G(E(D(A(@(?(=(=(<(<(;(;(:(:(:(:(:(:(9(:(:(:(;(:(;(;(;(;(;(;(<(U(E(6)a,R2H6F7<7d6L666g5]5W5V5T5W5c5.696:6;6;6>6>6=6<6<6=6=6>6>6=6>6=6?67(5(P(C*W,^-(.a-W-L-C-=-9-5-4-2-1-3-5-7-7-6-6-5-5-4-3-2-2-1-1-0-/-/-.-.-*(((1(?(I(K(J(H(D(B(@(>(=(<(<(;(;(;(;(<(<(<(<(<(=(<(<(=(<(=(=(=(=(=(=(=(","tint":"P7(("},"9063":{"spec":"N)V*<,R.^1)4L4[4)545<5A5D5D5@5:5>5F5D5?555*5Y4J4E4I4R4Z4d4*515=5I5P5S5V5J(6)6*;+@,^,`,c,(-*---/-/-.-,-(-(-(-e,b,^,X,R,K,I,J,M,O,R,S,U,Y,\\,_,_,_,-(((H(G(F(E(D(C(@(@(>(=(<(<(;(:(:(:(:(;(:(:(:(9(:(9(:(;(:(;(;(<(<(<(<(<(U(E(6)a,R2H6F7<7d6L666g5]5W5V5T5W5c5.696:6;6;6>6>6=6<6<6=6=6>6>6=6>6=6?67(5(P(C*W,^-(.a-W-L-C-=-9-5-4-2-1-3-5-7-7-6-6-5-5-4-3-2-2-1-1-0-/-/-.-.-*(((1(?(I(K(J(H(D(B(@(>(=(<(<(;(;(;(;(<(<(<(<(<(=(<(<(=(<(=(=(=(=(=(=(=(","tint":"P7(("},"9064":{"spec":"@*<+Q,M.=1/3I3V3d344L4*5@5J5I5C5I5S5T5U5S5T5T5T5W5]5(60636.6*6/676=6A6E6[(G)@*8+1,G,F,I,M,R,[,f,.-0-/-,-,---+-*-)-(-(-f,g,(-,-.-.-,-*-+---/-/-0-/(((J(G(E(C(A(@(>(>(=(=(<(<(<(;(;(;(:(;(;(;(;(;(<(;(<(=(<(=(=(=(=(=(=(=(U(E(6)a,R2H6F7<7d6L666g5]5W5V5T5W5c5.696:6;6;6>6>6=6<6<6=6=6>6>6=6>6=6?67(5(P(C*W,^-(.a-W-L-C-=-9-5-4-2-1-3-5-7-7-6-6-5-5-4-3-2-2-1-1-0-/-/-.-.-*(((1(?(I(K(J(H(D(B(@(>(=(<(<(;(;(;(;(<(<(<(<(<(=(<(<(=(<(=(=(=(=(=(=(=(","tint":"P7(("},"907":{"spec":"X*Q+d,\\.E143Z3W3e2Y140D.1-.,e*2*)*4*1*A*-,d/9416/6]5Y5\\5]5P5@565/5(515G5c(P)J*@+5,I,L,I,5,W+0+E*e)K)/)\\(X(\\([(`(H)a*G,0-0-(-f,f,f,a,[,V,S,P,S,Z,0(((L(H(E(C(B(A(=(9(6(2(0(.(,(+(+(+(+(+(.(3(9(<(=(;(;(<(;(<(<(;(;(;(;(<(U(E(6)a,R2H6F7<7d6L666g5]5W5V5T5W5c5.696:6;6;6>6>6=6<6<6=6=6>6>6=6>6=6?67(5(P(C*W,^-(.a-W-L-C-=-9-5-4-2-1-3-5-7-7-6-6-5-5-4-3-2-2-1-1-0-/-/-.-.-*(((1(?(I(K(J(H(D(B(@(>(=(<(<(;(;(;(;(<(<(<(<(<(=(<(<(=(<(=(=(=(=(=(=(=(","tint":"P7(("},"908":{"spec":".)b)++V,./.1=2e223<3F3L3<3N2F1-0T.8-^+\\*6*c)S)I)G)H)M)X))*1*-*d)V)L)T),*?(_(L)>*2+S+(,6,:,=,@,B,<,),M+++H*e)C)*)\\(U(O(K(J(K(L(P(V(Y(X(T(O(L(N(W(+(((>(>(>(>(?(?(=(<(;(:(9(7(6(3(1(/(-(,(+(+(*(*(*(*(*(+(+(+(+(+(+(*(*(+(U(E(6)a,R2H6F7<7d6L666g5]5W5V5T5W5c5.696:6;6;6>6>6=6<6<6=6=6>6>6=6>6=6?67(5(P(C*W,^-(.a-W-L-C-=-9-5-4-2-1-3-5-7-7-6-6-5-5-4-3-2-2-1-1-0-/-/-.-.-*(((1(?(I(K(J(H(D(B(@(>(=(<(<(;(;(;(;(<(<(<(<(<(=(<(<(=(<(=(=(=(=(=(=(=(","tint":"P7(("},"9080":{"spec":"<*7+J,E.31c2:3A3F3K3O3S3U3V3U3Q3V3`3b3d3d3f3g3)4-434<4D4I4E4C4G4P4V4Z4_4Y(E)=*5+-,B,@,@,B,B,C,E,E,D,C,A,A,B,A,@,@,@,@,?,@,B,E,G,H,F,E,E,H,J,K,L,/(((I(F(D(B(A(@(=(=(<(:(:(9(9(8(8(8(8(9(9(9(9(9(:(9(9(:(9(:(:(:(;(;(;(;(U(E(6)a,R2H6F7<7d6L666g5]5W5V5T5W5c5.696:6;6;6>6>6=6<6<6=6=6>6>6=6>6=6?67(5(P(C*W,^-(.a-W-L-C-=-9-5-4-2-1-3-5-7-7-6-6-5-5-4-3-2-2-1-1-0-/-/-.-.-*(((1(?(I(K(J(H(D(B(@(>(=(<(<(;(;(;(;(<(<(<(<(<(=(<(<(=(<(=(=(=(=(=(=(=(","tint":"P7(("},"9081":{"spec":";*0+;,).J012F2N2T2Z2_2c2f2(3g2e2*333638393;3=3>3C3I3R3Y3^3Z3Y3^3e3,40444Y(B)5*g*[+.,,,-,/,0,1,2,3,3,2,0,0,2,1,0,0,0,1,/,1,3,6,7,9,7,6,7,9,;,<,=,/(((H(D(B(@(?(>(<(;(:(9(9(8(8(7(7(7(7(8(8(8(8(8(9(8(8(9(9(9(9(9(:(:(:(:(U(E(6)a,R2H6F7<7d6L666g5]5W5V5T5W5c5.696:6;6;6>6>6=6<6<6=6=6>6>6=6>6=6?67(5(P(C*W,^-(.a-W-L-C-=-9-5-4-2-1-3-5-7-7-6-6-5-5-4-3-2-2-1-1-0-/-/-.-.-*(((1(?(I(K(J(H(D(B(@(>(=(<(<(;(;(;(;(<(<(<(<(<(=(<(<(=(<(=(=(=(=(=(=(=(","tint":"P7(("},"9082":{"spec":"d)N*I+a,(/A0U0^0f0,12171;1>1>1>1D1M1P1S1U1X1Z1]1a1g11282=2;2:2?2G2M2Q2V2Q(2)[)C*/+@+@+B+D+F+G+I+K+K+J+I+J+L+K+K+L+L+M+L+N+O+S+T+V+T+T+U+W+Y+Z+[+.(((B(?(>(<(;(:(9(8(7(7(6(6(6(5(5(5(5(6(6(6(6(6(6(6(6(7(6(7(7(7(7(7(8(8(U(E(6)a,R2H6F7<7d6L666g5]5W5V5T5W5c5.696:6;6;6>6>6=6<6<6=6=6>6>6=6>6=6?67(5(P(C*W,^-(.a-W-L-C-=-9-5-4-2-1-3-5-7-7-6-6-5-5-4-3-2-2-1-1-0-/-/-.-.-*(((1(?(I(K(J(H(D(B(@(>(=(<(<(;(;(;(;(<(<(<(<(<(=(<(<(=(<(=(=(=(=(=(=(=(","tint":"P7(("},"9083":{"spec":"H*,+_+,-c.-0=0C0H0M0R0W0Z0]0^0]0c0*1-101215171:1>1D1L1S1W1V1V1Z1b1g1,202](@)g)H*-+8+7+7+9+:+;+=+>+>+>+=+>+?+>+>+?+?+@+?+A+C+E+G+H+G+G+H+J+L+M+N+/(((D(@(=(;(:(:(8(7(7(6(5(5(5(4(4(4(4(5(5(5(5(5(6(5(5(6(6(6(6(6(7(7(7(7(U(E(6)a,R2H6F7<7d6L666g5]5W5V5T5W5c5.696:6;6;6>6>6=6<6<6=6=6>6>6=6>6=6?67(5(P(C*W,^-(.a-W-L-C-=-9-5-4-2-1-3-5-7-7-6-6-5-5-4-3-2-2-1-1-0-/-/-.-.-*(((1(?(I(K(J(H(D(B(@(>(=(<(<(;(;(;(;(<(<(<(<(<(=(<(<(=(<(=(=(=(=(=(=(=(","tint":"P7(("},"9084":{"spec":".*A*\\*F+M,8-B-F-K-P-T-X-\\-_-b-c-(.-.1.4.6.:.<.?.C.G.N.S.W.X.Y.].b.g.+///U(-)D)V)**/*.*/*0*2*3*4*6*6*7*7*8*9*9*9*:*;*;*<*=*>*@*B*C*C*C*D*F*G*H*I*.(((=(8(6(5(4(3(2(2(2(1(1(1(1(0(0(0(0(1(1(1(1(1(1(1(1(2(1(2(2(2(2(2(2(2(U(E(6)a,R2H6F7<7d6L666g5]5W5V5T5W5c5.696:6;6;6>6>6=6<6<6=6=6>6>6=6>6=6?67(5(P(C*W,^-(.a-W-L-C-=-9-5-4-2-1-3-5-7-7-6-6-5-5-4-3-2-2-1-1-0-/-/-.-.-*(((1(?(I(K(J(H(D(B(@(>(=(<(<(;(;(;(;(<(<(<(<(<(=(<(<(=(<(=(=(=(=(=(=(=(","tint":"P7(("},"909":{"spec":"J+P+X+g+G,H,6,/,6,M,S-30N3\\5,6O5?535M4V3S2E1206/].V.W.[.//Q/50Y061?171713)P)c)f)(*\\)Q)M)P)X)2*/+C,7-<-0-(-a,Q,;,b+E+g*P*G*D*D*E*L*W*d*0+:+=+:+:+2(((D(;(6(3(1(1(0(0(2(5(:(<(=(;(:(:(9(8(7(5(3(2(2(1(1(2(2(3(4(5(6(6(6(6(U(E(6)a,R2H6F7<7d6L666g5]5W5V5T5W5c5.696:6;6;6>6>6=6<6<6=6=6>6>6=6>6=6?67(5(P(C*W,^-(.a-W-L-C-=-9-5-4-2-1-3-5-7-7-6-6-5-5-4-3-2-2-1-1-0-/-/-.-.-*(((1(?(I(K(J(H(D(B(@(>(=(<(<(;(;(;(;(<(<(<(<(<(=(<(<(=(<(=(=(=(=(=(=(=(","tint":"P7(("},"910":{"spec":"3,7,>,J,(-b,H,=,A,X,a-<0L3N5Q5)5,5]5C6U6b6f6Z6J6C6C6J6O6P6H6C6F6M6R6U6X6A)a)7*8*6*g)X)S)T)\\)8*3+B,2-2-b,a,1-=-A-F-F-A-9-7-6-8-9-9-5-3-3-5-6-7-7-4(((H(=(7(4(2(1(0(0(2(5(:(<(<(:(:(;(;(=(=(=(=(<(=(<(<(=(<(=(=(=(=(=(>(>(U(E(6)a,R2H6F7<7d6L666g5]5W5V5T5W5c5.696:6;6;6>6>6=6<6<6=6=6>6>6=6>6=6?67(5(P(C*W,^-(.a-W-L-C-=-9-5-4-2-1-3-5-7-7-6-6-5-5-4-3-2-2-1-1-0-/-/-.-.-*(((1(?(I(K(J(H(D(B(@(>(=(<(<(;(;(;(;(<(<(<(<(<(=(<(<(=(<(=(=(=(=(=(=(=(","tint":"P7(("},"9100":{"spec":"])^*;,C.A1?3[3e3-444:4>4@4A4?4:4?4H4H4G4D4E4D4D4H4O4Z4c4)5d4a4e4+52565>5O(:)5*4+3,M,M,N,Q,R,T,U,V,T,S,P,P,Q,O,M,L,K,K,I,J,L,P,R,T,Q,P,P,R,T,U,W,-(((H(F(E(C(B(A(?(>(=(;(;(:(:(9(9(9(9(:(9(9(9(9(:(:(:(;(:(;(;(;(;(;(;(<(U(E(6)a,R2H6F7<7d6L666g5]5W5V5T5W5c5.696:6;6;6>6>6=6<6<6=6=6>6>6=6>6=6?67(5(P(C*W,^-(.a-W-L-C-=-9-5-4-2-1-3-5-7-7-6-6-5-5-4-3-2-2-1-1-0-/-/-.-.-*(((1(?(I(K(J(H(D(B(@(>(=(<(<(;(;(;(;(<(<(<(<(<(=(<(<(=(<(=(=(=(=(=(=(=(","tint":"P7(("},"9101":{"spec":"/*,+C,B.61+3E3M3T3[3`3d3g3g3e3`3d3,4+4(4d3c3b3a3e3+464A4G4C4@4D4I4O4T4]4U(@)9*3+.,E,D,E,G,H,J,K,L,K,I,F,F,G,E,B,@,?,>,<,=,?,C,F,H,E,D,D,F,G,I,K,.(((I(F(E(C(A(@(>(=(<(;(:(9(9(8(9(8(8(9(9(9(9(9(9(9(9(:(9(:(:(:(:(:(;(;(U(E(6)a,R2H6F7<7d6L666g5]5W5V5T5W5c5.696:6;6;6>6>6=6<6<6=6=6>6>6=6>6=6?67(5(P(C*W,^-(.a-W-L-C-=-9-5-4-2-1-3-5-7-7-6-6-5-5-4-3-2-2-1-1-0-/-/-.-.-*(((1(?(I(K(J(H(D(B(@(>(=(<(<(;(;(;(;(<(<(<(<(<(=(<(<(=(<(=(=(=(=(=(=(=(","tint":"P7(("},"9102":{"spec":"6*,+8,(.J022I2Q2X2^2b2g2)3*3)3d2(3-3+3f2a2_2]2\\2`2f203<3C3A3>3A3D3I3O3Z3W(@)3*f*[+.,-,.,0,1,2,4,4,3,3,0,/,/,-,*,g+f+e+c+d+f+),-,/,.,,,,,-,/,0,3,.(((G(D(B(A(?(>(<(;(:(9(9(8(8(7(7(7(7(7(7(7(7(7(8(7(8(9(8(9(9(9(9(9(9(9(U(E(6)a,R2H6F7<7d6L666g5]5W5V5T5W5c5.696:6;6;6>6>6=6<6<6=6=6>6>6=6>6=6?67(5(P(C*W,^-(.a-W-L-C-=-9-5-4-2-1-3-5-7-7-6-6-5-5-4-3-2-2-1-1-0-/-/-.-.-*(((1(?(I(K(J(H(D(B(@(>(=(<(<(;(;(;(;(<(<(<(<(<(=(<(<(=(<(=(=(=(=(=(=(=(","tint":"P7(("},"9103":{"spec":"O*A+G,/.F0f192?2D2I2M2P2S2T2R2N2Q2U2Q2L2F2D2A2@2D2J2U2_2g2f2c2e2)3-343?3`(I);**+Y+),g+g+(,),*,+,,,+,*,g+g+f+c+`+^+\\+[+Y+Z+\\+`+b+e+d+c+b+c+e+g+*,/(((I(E(B(@(?(>(<(;(:(9(8(8(8(7(7(7(6(7(7(7(7(6(7(7(7(8(7(8(8(8(8(8(8(9(U(E(6)a,R2H6F7<7d6L666g5]5W5V5T5W5c5.696:6;6;6>6>6=6<6<6=6=6>6>6=6>6=6?67(5(P(C*W,^-(.a-W-L-C-=-9-5-4-2-1-3-5-7-7-6-6-5-5-4-3-2-2-1-1-0-/-/-.-.-*(((1(?(I(K(J(H(D(B(@(>(=(<(<(;(;(;(;(<(<(<(<(<(=(<(<(=(<(=(=(=(=(=(=(=(","tint":"P7(("},"911":{"spec":"7+B+Q+*,U,+-6-P-E.W/5162I292:1.0-0T1a3a5c7-9V8_7:7+7+7)7b6S6J6J6P6U6W6X6-)J)_)(*.*****2*G*e*I+a+(,a+I+++*+N+A,.-]-7./.X-K-E-D-B-?-9-5-4-6-7-7-7-1(((C(;(7(4(3(4(4(6(8(8(8(7(6(3(3(5(8(;(>(@(?(>(>(=(=(>(=(>(=(=(=(>(>(>(U(E(6)a,R2H6F7<7d6L666g5]5W5V5T5W5c5.696:6;6;6>6>6=6<6<6=6=6>6>6=6>6=6?67(5(P(C*W,^-(.a-W-L-C-=-9-5-4-2-1-3-5-7-7-6-6-5-5-4-3-2-2-1-1-0-/-/-.-.-*(((1(?(I(K(J(H(D(B(@(>(=(<(<(;(;(;(;(<(<(<(<(<(=(<(<(=(<(=(=(=(=(=(=(=(","tint":"P7(("},"912":{"spec":"F+Z+6,a,(.M.Y.0/Z/N0(1E0M/\\.N-C,:,=-].F0I3?749^8+8N7F7@767b6U6R6U6X6Z6[62)T)2*C*S*R*P*W*g*:+D+6+a*M*/*S)O)g)I*/+6,O-:./.]-Q-N-J-G->-9-7-8-8-8-8-2(((G(?(;(8(7(7(7(7(7(5(4(2(0(.(.(/(1(4(8(=(@(?(?(>(>(?(=(>(>(=(>(>(>(>(U(E(6)a,R2H6F7<7d6L666g5]5W5V5T5W5c5.696:6;6;6>6>6=6<6<6=6=6>6>6=6>6=6?67(5(P(C*W,^-(.a-W-L-C-=-9-5-4-2-1-3-5-7-7-6-6-5-5-4-3-2-2-1-1-0-/-/-.-.-*(((1(?(I(K(J(H(D(B(@(>(=(<(<(;(;(;(;(<(<(<(<(<(=(<(<(=(<(=(=(=(=(=(=(=(","tint":"P7(("},"9120":{"spec":"**J*7+;,g--/C/W/.0O0J1c2:4g43525:5E5H5H5H5J5J5K5O5U5a5+6.6(6e5)63696=6C6S(1)R)0*R*_*`*f*/+:+Q+2,S,c,g,e,f,(-g,e,e,d,d,c,d,f,)-,---)-(-(-+---.-/-.(((@(<(;(9(8(8(7(7(8(9(;(;(;(:(:(:(:(;(;(;(;(;(<(;(;(=(<(=(<(=(=(=(=(=(U(E(6)a,R2H6F7<7d6L666g5]5W5V5T5W5c5.696:6;6;6>6>6=6<6<6=6=6>6>6=6>6=6?67(5(P(C*W,^-(.a-W-L-C-=-9-5-4-2-1-3-5-7-7-6-6-5-5-4-3-2-2-1-1-0-/-/-.-.-*(((1(?(I(K(J(H(D(B(@(>(=(<(<(;(;(;(;(<(<(<(<(<(=(<(<(=(<(=(=(=(=(=(=(=(","tint":"P7(("},"9121":{"spec":"1*L*3+.,L-I.].0/G/)0g0J2/4f45555<5H5J5K5J5L5L5M5Q5W5b5,606)6f5*636:6>6B6V(2)P)**F*P*R*W*`*,+C+),O,b,(-f,g,)-(-f,e,e,e,c,e,f,*-,---*-(-)-+-.-.-/-.(((?(;(9(8(7(7(6(6(7(9(:(;(;(:(:(:(:(;(;(;(;(;(<(;(;(=(<(=(<(=(=(=(=(=(U(E(6)a,R2H6F7<7d6L666g5]5W5V5T5W5c5.696:6;6;6>6>6=6<6<6=6=6>6>6=6>6=6?67(5(P(C*W,^-(.a-W-L-C-=-9-5-4-2-1-3-5-7-7-6-6-5-5-4-3-2-2-1-1-0-/-/-.-.-*(((1(?(I(K(J(H(D(B(@(>(=(<(<(;(;(;(;(<(<(<(<(<(=(<(<(=(<(=(=(=(=(=(=(=(","tint":"P7(("},"9122":{"spec":"B*`*K+L,5.4/E/R/c/>0,1-2(3D3K3J3P3Y3[3]3]3`3a3c3g3/494B4G4C4A4G4N4U4Z4^4[(:)\\)9*X*a*a*e*++4+E+^+4,=,?,>,>,@,?,>,=,=,>,=,>,A,D,F,H,E,D,E,G,J,K,L,/(((B(=(;(9(8(8(7(7(7(8(9(9(9(8(8(8(8(9(9(9(9(9(:(9(9(:(9(:(:(:(:(;(;(;(U(E(6)a,R2H6F7<7d6L666g5]5W5V5T5W5c5.696:6;6;6>6>6=6<6<6=6=6>6>6=6>6=6?67(5(P(C*W,^-(.a-W-L-C-=-9-5-4-2-1-3-5-7-7-6-6-5-5-4-3-2-2-1-1-0-/-/-.-.-*(((1(?(I(K(J(H(D(B(@(>(=(<(<(;(;(;(;(<(<(<(<(<(=(<(<(=(<(=(=(=(=(=(=(=(","tint":"P7(("},"9123":{"spec":"^*;+e+c,F.A/Q/\\/+0@0b0Q192L2Q2P2V2^2`2b2b2e2g2)3-343>3F3K3G3G3L3S3Y3^3b3e(G)**D*`*g*f*(+.+5+A+S+b+(,*,(,),*,),(,(,(,),(,),+,.,0,2,0,/,0,2,4,5,6,0(((E(?(<(:(9(8(7(7(7(7(8(7(8(7(7(7(7(7(7(7(7(7(8(8(8(9(8(9(9(9(9(9(9(9(U(E(6)a,R2H6F7<7d6L666g5]5W5V5T5W5c5.696:6;6;6>6>6=6<6<6=6=6>6>6=6>6=6?67(5(P(C*W,^-(.a-W-L-C-=-9-5-4-2-1-3-5-7-7-6-6-5-5-4-3-2-2-1-1-0-/-/-.-.-*(((1(?(I(K(J(H(D(B(@(>(=(<(<(;(;(;(;(<(<(<(<(<(=(<(<(=(<(=(=(=(=(=(=(=(","tint":"P7(("},"913":{"spec":";+.,6-`.91U2.353+3P2V1>01/2.a,a+V+2,B,b,0/;3e6)8U7@7;777/7]6P6M6Q6T6U6X6.)])S*B+/,<,;,<,7,,,U+3+V*=*^)F)A)K)P)[)O*0,E-\\-U-L-J-G-D-<-7-5-6-7-7-7-1(((O(H(E(B(@(?(=(;(8(5(3(1(/(-(-(.(.(/(2(8(=(>(?(=(=(>(=(>(=(=(=(>(>(>(U(E(6)a,R2H6F7<7d6L666g5]5W5V5T5W5c5.696:6;6;6>6>6=6<6<6=6=6>6>6=6>6=6?67(5(P(C*W,^-(.a-W-L-C-=-9-5-4-2-1-3-5-7-7-6-6-5-5-4-3-2-2-1-1-0-/-/-.-.-*(((1(?(I(K(J(H(D(B(@(>(=(<(<(;(;(;(;(<(<(<(<(<(=(<(<(=(<(=(=(=(=(=(=(=(","tint":"P7(("},"914":{"spec":"U*R+*-*/\\1O33424L3O291R/@.<-,,1+f*3+/+>+1-e0Z46616d5c5g5g5[5N5H5D5A5F5X5b(Q)M*G+?,S,V,S,D,+,J+c*C*)*J)4)/)3)1)7)a)9+S,2-0-+-*-*-*-e,`,],[,Y,Z,`,0(((M(I(F(D(C(A(>(;(8(4(2(0(.(,(,(,(,(-(/(5(:(<(=(;(;(=(<(<(<(<(<(<(<(<(U(E(6)a,R2H6F7<7d6L666g5]5W5V5T5W5c5.696:6;6;6>6>6=6<6<6=6=6>6>6=6>6=6?67(5(P(C*W,^-(.a-W-L-C-=-9-5-4-2-1-3-5-7-7-6-6-5-5-4-3-2-2-1-1-0-/-/-.-.-*(((1(?(I(K(J(H(D(B(@(>(=(<(<(;(;(;(;(<(<(<(<(<(=(<(<(=(<(=(=(=(=(=(=(=(","tint":"P7(("},"9140":{"spec":"J*4+0,I-P/e0<1L1_192c2_3S4)5,5*5/585:5D5L5R5R5S5V5]5g50636-6*6.676=6A6E6^(C)/*W*A+O+O+S+Z+c+3,I,],d,d,b,b,c,b,d,f,g,g,e,f,(-+-.-.-+-*-*---/-/-0-/(((F(B(@(>(<(<(:(:(:(;(;(;(;(:(:(:(:(;(;(;(;(;(<(;(<(=(<(=(=(=(=(=(=(=(U(E(6)a,R2H6F7<7d6L666g5]5W5V5T5W5c5.696:6;6;6>6>6=6<6<6=6=6>6>6=6>6=6?67(5(P(C*W,^-(.a-W-L-C-=-9-5-4-2-1-3-5-7-7-6-6-5-5-4-3-2-2-1-1-0-/-/-.-.-*(((1(?(I(K(J(H(D(B(@(>(=(<(<(;(;(;(;(<(<(<(<(<(=(<(<(=(<(=(=(=(=(=(=(=(","tint":"P7(("},"9141":{"spec":"E*(+[+f,[.e/80G0[081,273<4\\4a4`4e4,5.5<5I5P5P5Q5U5[5f5/626,6)6-666<6?6E6\\(>)e)E*)+5+5+9+@+J+^+:,T,_,`,^,^,_,],a,e,f,f,e,f,(-+---.-+-)-*---.-/-0-/(((D(?(=(;(:(:(8(9(9(:(;(;(;(:(:(:(:(;(;(;(;(;(<(;(<(=(<(=(=(=(=(=(=(=(U(E(6)a,R2H6F7<7d6L666g5]5W5V5T5W5c5.696:6;6;6>6>6=6<6<6=6=6>6>6=6>6=6?67(5(P(C*W,^-(.a-W-L-C-=-9-5-4-2-1-3-5-7-7-6-6-5-5-4-3-2-2-1-1-0-/-/-.-.-*(((1(?(I(K(J(H(D(B(@(>(=(<(<(;(;(;(;(<(<(<(<(<(=(<(<(=(<(=(=(=(=(=(=(=(","tint":"P7(("},"9142":{"spec":"E*,+c+6-3/C0X0e051K1.2_2G3X3Z3Y3_3g3)454?4F4H4I4M4S4]4f4)5e4c4g4056595?5\\(@))*M*4+A+A+D+J+Q+^+1,@,E,E,D,D,E,D,G,J,K,L,K,L,N,Q,S,T,Q,P,Q,T,U,V,W,/(((E(A(>(<(;(;(9(9(9(9(9(9(9(8(8(8(8(9(9(9(9(9(:(:(:(;(:(;(;(;(;(;(;(<(U(E(6)a,R2H6F7<7d6L666g5]5W5V5T5W5c5.696:6;6;6>6>6=6<6<6=6=6>6>6=6>6=6?67(5(P(C*W,^-(.a-W-L-C-=-9-5-4-2-1-3-5-7-7-6-6-5-5-4-3-2-2-1-1-0-/-/-.-.-*(((1(?(I(K(J(H(D(B(@(>(=(<(<(;(;(;(;(<(<(<(<(<(=(<(<(=(<(=(=(=(=(=(=(=(","tint":"P7(("},"9143":{"spec":"Q*6+*,7-//90L0W0d081W1A2c2336343:3B3E3L3Q3U3W3X3\\3b3-44494543484@4G4K4N4`(D),*N*2+=+=+?+D+J+V+e+2,7,7,6,6,7,7,8,9,9,:,9,:,<,?,A,B,@,?,@,B,E,E,F,0(((F(A(>(<(;(:(9(9(8(8(9(8(8(8(8(8(7(8(8(8(8(8(9(9(9(:(9(:(:(:(:(:(:(:(U(E(6)a,R2H6F7<7d6L666g5]5W5V5T5W5c5.696:6;6;6>6>6=6<6<6=6=6>6>6=6>6=6?67(5(P(C*W,^-(.a-W-L-C-=-9-5-4-2-1-3-5-7-7-6-6-5-5-4-3-2-2-1-1-0-/-/-.-.-*(((1(?(I(K(J(H(D(B(@(>(=(<(<(;(;(;(;(<(<(<(<(<(=(<(<(=(<(=(=(=(=(=(=(=(","tint":"P7(("},"915":{"spec":"/)+*@+=-*032;3\\3f3-44454f3A3C251c/J.--d+8+_*J*;*7*8*=*L*b*-+(+]*I*:*A*_*@(c(W)Q*L+.,@,K,N,O,Q,R,L,<,d+F+f*C*`)D)4)+)c(](\\(\\(^(c(+)/)-)))a(\\(^())+(((A(A(A(A(A(A(>(>(=(;(:(9(7(5(3(1(/(.(-(,(,(+(+(+(+(,(,(-(,(,(,(+(,(,(U(E(6)a,R2H6F7<7d6L666g5]5W5V5T5W5c5.696:6;6;6>6>6=6<6<6=6=6>6>6=6>6=6?67(5(P(C*W,^-(.a-W-L-C-=-9-5-4-2-1-3-5-7-7-6-6-5-5-4-3-2-2-1-1-0-/-/-.-.-*(((1(?(I(K(J(H(D(B(@(>(=(<(<(;(;(;(;(<(<(<(<(<(=(<(<(=(<(=(=(=(=(=(=(=(","tint":"P7(("},"916":{"spec":"S+b+8,Z,Z-.._-Y-`-8.</K1=4`5d5L5A595Z4/4;3>281D0-0)0*010D0b0B1`172?2:2=26)X)3*@*L*E*9*6*8*A*Z*Q+T,8-9-/-)-c,V,D,1,Z+@+,+d*b*b*d**+5+@+J+R+T+R+R+2(((G(>(:(7(5(4(3(3(4(7(;(<(<(;(;(:(9(9(8(6(5(4(4(3(3(4(4(5(6(6(7(7(7(7(U(E(6)a,R2H6F7<7d6L666g5]5W5V5T5W5c5.696:6;6;6>6>6=6<6<6=6=6>6>6=6>6=6?67(5(P(C*W,^-(.a-W-L-C-=-9-5-4-2-1-3-5-7-7-6-6-5-5-4-3-2-2-1-1-0-/-/-.-.-*(((1(?(I(K(J(H(D(B(@(>(=(<(<(;(;(;(;(<(<(<(<(<(=(<(<(=(<(=(=(=(=(=(=(=(","tint":"P7(("},"9160":{"spec":"C*f*Y+f,\\.f/;0I0[041]1Y2K3[3\\3]3a3d3f3L455H5M5N5R5Y5e5-616*6g5,646;6@6B6\\(=)d)E**+6+6+:+@+I+X+/,A,F,F,E,E,D,C,O,^,c,e,d,e,g,+---.-*-)-*-,-.-/-/-/(((D(?(=(;(:(:(8(8(9(9(:(9(9(8(8(8(8(:(:(;(;(;(<(;(;(=(<(=(<(=(=(=(=(=(U(E(6)a,R2H6F7<7d6L666g5]5W5V5T5W5c5.696:6;6;6>6>6=6<6<6=6=6>6>6=6>6=6?67(5(P(C*W,^-(.a-W-L-C-=-9-5-4-2-1-3-5-7-7-6-6-5-5-4-3-2-2-1-1-0-/-/-.-.-*(((1(?(I(K(J(H(D(B(@(>(=(<(<(;(;(;(;(<(<(<(<(<(=(<(<(=(<(=(=(=(=(=(=(=(","tint":"P7(("},"9161":{"spec":"<*\\*J+O,<.@/R/^/.0D0(1[1E2U2W2X2]2a2d2?3[3)4-40444;4E4N4R4M4L4Q4Y4`4c4)5Y(9)\\):*[*f*f*)+/+6+D+W+g+,,,,+,+,+,*,3,=,A,B,A,C,E,H,J,K,I,H,I,K,N,N,O,/(((B(>(<(:(9(8(7(7(7(7(8(8(8(7(7(7(7(8(9(9(9(9(:(9(9(:(:(:(:(;(;(;(;(;(U(E(6)a,R2H6F7<7d6L666g5]5W5V5T5W5c5.696:6;6;6>6>6=6<6<6=6=6>6>6=6>6=6?67(5(P(C*W,^-(.a-W-L-C-=-9-5-4-2-1-3-5-7-7-6-6-5-5-4-3-2-2-1-1-0-/-/-.-.-*(((1(?(I(K(J(H(D(B(@(>(=(<(<(;(;(;(;(<(<(<(<(<(=(<(<(=(<(=(=(=(=(=(=(=(","tint":"P7(("},"9162":{"spec":"H*-+b+1-)/60H0S0`001I1)2B2K2L2L2Q2W2Z2,3>3H3K3M3Q3W3b3)4.4*4)4-444;4@4C4](@)(*K*/+<+;+>+B+G+P+\\+f+(,(,g+g+g+g+,,2,5,6,5,6,8,;,=,?,<,<,<,>,@,B,B,/(((E(@(>(<(;(:(9(8(8(8(8(7(7(7(7(7(7(8(8(8(8(8(9(8(9(:(9(:(:(:(:(:(:(:(U(E(6)a,R2H6F7<7d6L666g5]5W5V5T5W5c5.696:6;6;6>6>6=6<6<6=6=6>6>6=6>6=6?67(5(P(C*W,^-(.a-W-L-C-=-9-5-4-2-1-3-5-7-7-6-6-5-5-4-3-2-2-1-1-0-/-/-.-.-*(((1(?(I(K(J(H(D(B(@(>(=(<(<(;(;(;(;(<(<(<(<(<(=(<(<(=(<(=(=(=(=(=(=(=(","tint":"P7(("},"9163":{"spec":"K**+V+Y,C.C/R/[/e/50L0(1=1F1G1H1M1T1W1e132<2?2B2G2M2W2_2e2b2b2f2.34383=3^(?)b)?*_*g*f*(+++1+9+C+K+N+N+M+M+N+N+R+W+Y+Z+Z+[+]+`+b+d+b+b+c+e+g+(,),/(((C(>(<(:(9(8(7(7(6(6(6(6(6(5(5(5(5(6(6(6(6(7(7(7(7(8(7(8(8(8(8(8(8(9(U(E(6)a,R2H6F7<7d6L666g5]5W5V5T5W5c5.696:6;6;6>6>6=6<6<6=6=6>6>6=6>6=6?67(5(P(C*W,^-(.a-W-L-C-=-9-5-4-2-1-3-5-7-7-6-6-5-5-4-3-2-2-1-1-0-/-/-.-.-*(((1(?(I(K(J(H(D(B(@(>(=(<(<(;(;(;(;(<(<(<(<(<(=(<(<(=(<(=(=(=(=(=(=(=(","tint":"P7(("},"917":{"spec":"9,G,\\,<-:.F...a-c-8.</K1<4a5d5J5O5,6<6?6@6?676.6+6.676>6A6965696?6E6I6M6C))*F*P*[*O*?*9*9*A*Z*Q+T,9-9-.-.-6-:-9-9-7-5-/-.-/-1-3-3-0-.-.-0-1-2-3-4(((L(A(;(8(5(4(3(3(4(7(;(<(<(;(;(;(;(<(<(<(<(<(=(<(<(=(<(=(=(=(=(=(=(=(U(E(6)a,R2H6F7<7d6L666g5]5W5V5T5W5c5.696:6;6;6>6>6=6<6<6=6=6>6>6=6>6=6?67(5(P(C*W,^-(.a-W-L-C-=-9-5-4-2-1-3-5-7-7-6-6-5-5-4-3-2-2-1-1-0-/-/-.-.-*(((1(?(I(K(J(H(D(B(@(>(=(<(<(;(;(;(;(<(<(<(<(<(=(<(<(=(<(=(=(=(=(=(=(=(","tint":"P7(("},"918":{"spec":"8+M+),T,^-D.Q.*/\\/f072.3=313<2;1;1T2E4g5F788a767Z6Q6S6T6P6C6;6=6C6H6K6N6-)O),*=*N*N*M*U*(+C+b+7,<,6,b+H+G+f+N,0-S-d-[-I-?-;-;-;-9-3-0-0-1-3-3-3-1(((F(>(:(8(7(7(7(8(9(9(9(8(7(5(5(7(9(<(>(?(>(=(>(<(=(>(<(=(=(=(=(=(=(=(U(E(6)a,R2H6F7<7d6L666g5]5W5V5T5W5c5.696:6;6;6>6>6=6<6<6=6=6>6>6=6>6=6?67(5(P(C*W,^-(.a-W-L-C-=-9-5-4-2-1-3-5-7-7-6-6-5-5-4-3-2-2-1-1-0-/-/-.-.-*(((1(?(I(K(J(H(D(B(@(>(=(<(<(;(;(;(;(<(<(<(<(<(=(<(<(=(<(=(=(=(=(=(=(=(","tint":"P7(("},"9180":{"spec":"a)R*W+>-W/:1R1_1-2>2Z2?3[3`3\\3\\3`3b3d3G415E5J5L5P5W5c5,606)6f5+646;6>6B6P(4)c)Q*D+W+X+[+`+e+/,=,G,H,F,E,D,C,B,M,\\,b,d,c,d,f,*-,---*-(-)-,-.-.-/--(((D(A(@(>(=(=(;(:(:(:(:(9(9(8(8(8(8(:(:(;(;(;(<(;(;(=(<(=(<(=(=(=(=(=(U(E(6)a,R2H6F7<7d6L666g5]5W5V5T5W5c5.696:6;6;6>6>6=6<6<6=6=6>6>6=6>6=6?67(5(P(C*W,^-(.a-W-L-C-=-9-5-4-2-1-3-5-7-7-6-6-5-5-4-3-2-2-1-1-0-/-/-.-.-*(((1(?(I(K(J(H(D(B(@(>(=(<(<(;(;(;(;(<(<(<(<(<(=(<(<(=(<(=(=(=(=(=(=(=(","tint":"P7(("},"9181":{"spec":"5*a*_+<-I/b081D1R1d1B2,3K3R3N3N3R3R3T3=4/5G5L5N5S5Y5e5.616+6(6+656<6?6D6W(;)g)P*>+N+N+P+U+[+f+6,A,C,A,@,?,=,<,J,\\,c,e,d,e,g,+---.-+-)-)-,-.-/-0-.(((D(A(?(=(<(<(:(:(:(9(:(9(9(8(8(8(8(9(:(;(;(;(<(;(;(=(<(=(<(=(=(=(=(=(U(E(6)a,R2H6F7<7d6L666g5]5W5V5T5W5c5.696:6;6;6>6>6=6<6<6=6=6>6>6=6>6=6?67(5(P(C*W,^-(.a-W-L-C-=-9-5-4-2-1-3-5-7-7-6-6-5-5-4-3-2-2-1-1-0-/-/-.-.-*(((1(?(I(K(J(H(D(B(@(>(=(<(<(;(;(;(;(<(<(<(<(<(=(<(<(=(<(=(=(=(=(=(=(=(","tint":"P7(("},"9182":{"spec":"C*-+),A-H/\\00191E1T1+2J2`2c2`2a2e2f2)3M344G4K4N4R4X4c4+5.5*5(5-545;5@5B5\\(@),*S*=+K+K+L+P+U+]+),1,1,/,/,.,-,,,8,F,L,M,L,N,O,S,U,V,S,R,S,U,W,X,X,/(((F(A(?(=(<(;(:(9(9(9(9(8(8(7(7(7(7(8(9(9(:(:(;(:(:(;(:(;(;(;(;(;(<(<(U(E(6)a,R2H6F7<7d6L666g5]5W5V5T5W5c5.696:6;6;6>6>6=6<6<6=6=6>6>6=6>6=6?67(5(P(C*W,^-(.a-W-L-C-=-9-5-4-2-1-3-5-7-7-6-6-5-5-4-3-2-2-1-1-0-/-/-.-.-*(((1(?(I(K(J(H(D(B(@(>(=(<(<(;(;(;(;(<(<(<(<(<(=(<(<(=(<(=(=(=(=(=(=(=(","tint":"P7(("},"9183":{"spec":"D*,+e+9-:/L0^0g011>1Q1)2:2=2;2<2@2B2E2c2C3S3X3Z3_3e3/474;47454:4B4I4N4R4\\(@)**O*7+E+D+E+I+L+S+\\+c+b+a+a+a+_+_+(,4,9,;,:,;,=,@,B,C,A,@,A,C,E,G,G,/(((E(A(?(=(;(;(9(9(8(8(8(7(7(6(6(6(6(7(8(8(8(8(9(9(9(:(9(:(:(:(:(:(:(;(U(E(6)a,R2H6F7<7d6L666g5]5W5V5T5W5c5.696:6;6;6>6>6=6<6<6=6=6>6>6=6>6=6?67(5(P(C*W,^-(.a-W-L-C-=-9-5-4-2-1-3-5-7-7-6-6-5-5-4-3-2-2-1-1-0-/-/-.-.-*(((1(?(I(K(J(H(D(B(@(>(=(<(<(;(;(;(;(<(<(<(<(<(=(<(<(=(<(=(=(=(=(=(=(=(","tint":"P7(("},"9184":{"spec":"P*>+?,`-/0I1]1f122C2^2A3[3b3_3_3b3f3(4B4\\4)5+5-51575A5J5N5H5E5K5S5Y5]5b5`(H)7*b*O+]+\\+]+b+g+1,>,G,I,G,F,E,E,D,K,U,X,Y,X,Y,[,^,`,a,^,],^,`,b,c,d,/(((H(D(A(?(>(=(;(;(:(:(:(9(9(8(8(8(8(9(:(:(:(:(;(:(;(<(;(<(<(<(<(<(<(<(U(E(6)a,R2H6F7<7d6L666g5]5W5V5T5W5c5.696:6;6;6>6>6=6<6<6=6=6>6>6=6>6=6?67(5(P(C*W,^-(.a-W-L-C-=-9-5-4-2-1-3-5-7-7-6-6-5-5-4-3-2-2-1-1-0-/-/-.-.-*(((1(?(I(K(J(H(D(B(@(>(=(<(<(;(;(;(;(<(<(<(<(<(=(<(<(=(<(=(=(=(=(=(=(=(","tint":"P7(("},"9185":{"spec":"M*;+>,`-10M1b1,272D2Y243F3I3F3F3J3N3P3,4J4X4\\4]4b4g425:5=59575;5C5J5M5P5_(G)7*b*O+_+^+`+c+g+/,9,@,?,>,=,<,<,;,C,N,R,S,R,T,U,X,Z,[,Y,X,X,Z,\\,],],/(((H(D(A(?(>(=(;(;(:(:(9(9(9(8(8(8(8(9(:(:(:(:(;(:(:(;(;(;(;(;(<(<(<(<(U(E(6)a,R2H6F7<7d6L666g5]5W5V5T5W5c5.696:6;6;6>6>6=6<6<6=6=6>6>6=6>6=6?67(5(P(C*W,^-(.a-W-L-C-=-9-5-4-2-1-3-5-7-7-6-6-5-5-4-3-2-2-1-1-0-/-/-.-.-*(((1(?(I(K(J(H(D(B(@(>(=(<(<(;(;(;(;(<(<(<(<(<(=(<(<(=(<(=(=(=(=(=(=(=(","tint":"P7(("},"9186":{"spec":"U*;+1,@-;/F0W0_0(131C1W1d1f1d1e1)2,2/2L2+3:3>3A3E3K3T3]3`3]3\\3`3(4.43474b(G)0*R*7+B+A+B+E+H+N+U+Z+Z+X+X+X+W+W+`++,0,1,0,2,4,6,9,:,8,7,8,:,<,=,>,0(((G(A(?(<(;(;(9(8(8(7(7(7(6(6(6(6(6(7(7(8(8(8(9(8(8(9(9(9(9(9(:(:(:(:(U(E(6)a,R2H6F7<7d6L666g5]5W5V5T5W5c5.696:6;6;6>6>6=6<6<6=6=6>6>6=6>6=6?67(5(P(C*W,^-(.a-W-L-C-=-9-5-4-2-1-3-5-7-7-6-6-5-5-4-3-2-2-1-1-0-/-/-.-.-*(((1(?(I(K(J(H(D(B(@(>(=(<(<(;(;(;(;(<(<(<(<(<(=(<(<(=(<(=(=(=(=(=(=(=(","tint":"P7(("},"919":{"spec":"C+c+Q,V-B/>0M0b0G132H2,2=1Q0I/?.5.8/S012R4D7C8e7>7*7g6e6^6N6C6C6G6K6N6P61)Y)@*]*;+?+=+C+Q+a+(,]+K+9+^*A*=*T*5+V+Q,Q-(.Z-L-D-C-A->-7-3-2-3-4-4-4-2(((J(C(?(<(;(;(:(:(:(8(6(5(3(1(1(2(4(6(:(>(?(>(>(=(=(>(=(=(=(=(=(=(=(=(U(E(6)a,R2H6F7<7d6L666g5]5W5V5T5W5c5.696:6;6;6>6>6=6<6<6=6=6>6>6=6>6=6?67(5(P(C*W,^-(.a-W-L-C-=-9-5-4-2-1-3-5-7-7-6-6-5-5-4-3-2-2-1-1-0-/-/-.-.-*(((1(?(I(K(J(H(D(B(@(>(=(<(<(;(;(;(;(<(<(<(<(<(=(<(<(=(<(=(=(=(=(=(=(=(","tint":"P7(("},"920":{"spec":"W*V+1-5/-2`394<434\\3.3g1f0,0_.^-R-/.=.].c0H4,7H737d6b6a6\\6M6B6A6G6K6M6O6b(S)Q*L+G,Z,X,W,S,I,7,[+C+++N*5*/*9*>*H*9+L,H-P-H-B-A-?-=-7-2-1-3-4-4-4-0(((N(J(G(E(C(B(?(=(;(8(6(4(2(0(0(0(1(2(4(9(=(>(>(=(=(>(=(=(=(=(=(=(=(=(U(E(6)a,R2H6F7<7d6L666g5]5W5V5T5W5c5.696:6;6;6>6>6=6<6<6=6=6>6>6=6>6=6?67(5(P(C*W,^-(.a-W-L-C-=-9-5-4-2-1-3-5-7-7-6-6-5-5-4-3-2-2-1-1-0-/-/-.-.-*(((1(?(I(K(J(H(D(B(@(>(=(<(<(;(;(;(;(<(<(<(<(<(=(<(<(=(<(=(=(=(=(=(=(=(","tint":"P7(("},"9200":{"spec":"Q*=+;,X-a/91N1X1e142M2/3G3H3C3D3G3F3H39415J5P5R5V5\\5g5/626-6)6-666<6@6D6`(G)5*^*H+W+V+X+]+a+*,7,@,?,<,<,;,9,8,H,\\,d,f,e,f,(-+---.-+-)-*---.-/-0-0(((H(C(@(>(=(<(;(:(:(9(9(9(9(8(8(8(8(9(:(;(;(;(<(;(<(=(<(=(=(=(=(=(=(=(U(E(6)a,R2H6F7<7d6L666g5]5W5V5T5W5c5.696:6;6;6>6>6=6<6<6=6=6>6>6=6>6=6?67(5(P(C*W,^-(.a-W-L-C-=-9-5-4-2-1-3-5-7-7-6-6-5-5-4-3-2-2-1-1-0-/-/-.-.-*(((1(?(I(K(J(H(D(B(@(>(=(<(<(;(;(;(;(<(<(<(<(<(=(<(<(=(<(=(=(=(=(=(=(=(","tint":"P7(("},"9201":{"spec":"]*H+E,`-g/:1M1V1b132O253P3S3N3O3R3Q3S3B465N5S5U5X5_5)61656/6+6/686>6A6F6d(L):*b*K+W+V+W+[+a++,9,C,C,A,@,?,=,<,K,^,f,g,f,g,)-,-.-/-,-*-+---/-/-0-0(((I(D(A(>(=(<(;(:(:(:(:(9(9(8(8(8(8(9(;(;(;(;(<(;(<(=(<(=(=(=(=(=(=(=(U(E(6)a,R2H6F7<7d6L666g5]5W5V5T5W5c5.696:6;6;6>6>6=6<6<6=6=6>6>6=6>6=6?67(5(P(C*W,^-(.a-W-L-C-=-9-5-4-2-1-3-5-7-7-6-6-5-5-4-3-2-2-1-1-0-/-/-.-.-*(((1(?(I(K(J(H(D(B(@(>(=(<(<(;(;(;(;(<(<(<(<(<(=(<(<(=(<(=(=(=(=(=(=(=(","tint":"P7(("},"9202":{"spec":"[*G+F,c--0D1U1]1f132G2b233430313436383[3A4R4W4Y4]4c4-56595552575?5E5J5L5d(L);*d*N+[+Y+Z+]+a+(,2,8,7,5,5,4,3,2,=,K,P,Q,P,R,S,V,Y,Z,W,V,W,Y,[,\\,\\,0(((I(D(A(?(=(=(;(:(:(9(9(8(8(7(7(7(7(9(9(:(:(:(;(:(:(;(;(;(;(;(<(<(<(<(U(E(6)a,R2H6F7<7d6L666g5]5W5V5T5W5c5.696:6;6;6>6>6=6<6<6=6=6>6>6=6>6=6?67(5(P(C*W,^-(.a-W-L-C-=-9-5-4-2-1-3-5-7-7-6-6-5-5-4-3-2-2-1-1-0-/-/-.-.-*(((1(?(I(K(J(H(D(B(@(>(=(<(<(;(;(;(;(<(<(<(<(<(=(<(<(=(<(=(=(=(=(=(=(=(","tint":"P7(("},"9203":{"spec":"\\*A+6,E-?/I0Z0b0,171I1`102220212527292Y2:3J3O3Q3V3\\3e3-414.4,40494?4C4H4d(I)2*U*9+D+B+C+G+J+P+Y+_+^+]+\\+\\+[+[+e+1,5,7,6,8,:,<,>,@,>,=,=,@,B,C,D,0(((G(B(?(=(;(;(9(8(8(8(7(7(7(6(6(6(6(7(8(8(8(8(9(8(9(:(9(:(:(:(:(:(:(:(U(E(6)a,R2H6F7<7d6L666g5]5W5V5T5W5c5.696:6;6;6>6>6=6<6<6=6=6>6>6=6>6=6?67(5(P(C*W,^-(.a-W-L-C-=-9-5-4-2-1-3-5-7-7-6-6-5-5-4-3-2-2-1-1-0-/-/-.-.-*(((1(?(I(K(J(H(D(B(@(>(=(<(<(;(;(;(;(<(<(<(<(<(=(<(<(=(<(=(=(=(=(=(=(=(","tint":"P7(("},"921":{"spec":"F*K+--;/>2<4Z4[4F4`3c2R1L0L/<.<-/-?-:-K-E/*3b5O6@646467666*6`5\\5^5^5c5,6](N)O*O+N,f,e,c,Z,J,3,S+9+_*A*(*b)g)e)**W**,--;-6-1-0-0-/-*-f,d,d,d,e,g,/(((M(J(H(F(D(C(?(=(:(7(5(3(1(/(/(/(/(0(2(7(;(<(=(<(<(=(<(=(<(<(<(<(<(=(U(E(6)a,R2H6F7<7d6L666g5]5W5V5T5W5c5.696:6;6;6>6>6=6<6<6=6=6>6>6=6>6=6?67(5(P(C*W,^-(.a-W-L-C-=-9-5-4-2-1-3-5-7-7-6-6-5-5-4-3-2-2-1-1-0-/-/-.-.-*(((1(?(I(K(J(H(D(B(@(>(=(<(<(;(;(;(;(<(<(<(<(<(=(<(<(=(<(=(=(=(=(=(=(=(","tint":"P7(("},"922":{"spec":"T*d*:+]+Y,9-:-:-B-Y-X.Y0g2W3c2L170\\.;-0,@+c*J*9*4*4*8*D*V*c*c*\\*N*B*I*c*a(<)T)a)0*0*+***-*5*M*>+4,E,0,O+-+J*e)I)7),)c(]([([(\\(`(g(+)+)()c(_(a(*)0(((@(:(7(5(4(3(2(2(3(6(9(9(8(5(3(1(/(.(-(,(,(+(+(+(+(,(,(,(,(,(,(,(,(,(U(E(6)a,R2H6F7<7d6L666g5]5W5V5T5W5c5.696:6;6;6>6>6=6<6<6=6=6>6>6=6>6=6?67(5(P(C*W,^-(.a-W-L-C-=-9-5-4-2-1-3-5-7-7-6-6-5-5-4-3-2-2-1-1-0-/-/-.-.-*(((1(?(I(K(J(H(D(B(@(>(=(<(<(;(;(;(;(<(<(<(<(<(=(<(<(=(<(=(=(=(=(=(=(=(","tint":"P7(("},"9220":{"spec":"K*9+<,_-10M1a1)232@2V223C3A3:3<3?3=3?334.5I5P5R5V5\\5g50636-6)6.666=6@6F6^(F)6*b*O+_+^+_+b+f+.,8,>,<,9,9,8,5,4,F,[,d,f,e,f,(-+-.-.-+-)-*---/-/-0-/(((H(D(A(?(>(=(;(;(:(:(9(9(8(8(8(7(7(9(:(;(;(;(<(;(<(=(<(=(=(=(=(=(=(=(U(E(6)a,R2H6F7<7d6L666g5]5W5V5T5W5c5.696:6;6;6>6>6=6<6<6=6=6>6>6=6>6=6?67(5(P(C*W,^-(.a-W-L-C-=-9-5-4-2-1-3-5-7-7-6-6-5-5-4-3-2-2-1-1-0-/-/-.-.-*(((1(?(I(K(J(H(D(B(@(>(=(<(<(;(;(;(;(<(<(<(<(<(=(<(<(=(<(=(=(=(=(=(=(=(","tint":"P7(("},"9221":{"spec":"J*1+),=-</K0]0e0.1;1N1g172520232624272)3d3?4G4J4N4U4_4g4+5g4d4)51575;5A5^(B),*Q*8+D+C+D+G+K+R+[+a+_+]+]+]+Z+Z++,@,I,L,K,L,N,Q,S,T,R,Q,R,T,V,W,X,/(((F(A(?(=(;(;(9(9(8(8(8(7(7(6(6(6(6(7(9(9(9(9(:(:(:(;(:(;(;(;(;(;(;(<(U(E(6)a,R2H6F7<7d6L666g5]5W5V5T5W5c5.696:6;6;6>6>6=6<6<6=6=6>6>6=6>6=6?67(5(P(C*W,^-(.a-W-L-C-=-9-5-4-2-1-3-5-7-7-6-6-5-5-4-3-2-2-1-1-0-/-/-.-.-*(((1(?(I(K(J(H(D(B(@(>(=(<(<(;(;(;(;(<(<(<(<(<(=(<(<(=(<(=(=(=(=(=(=(=(","tint":"P7(("},"9222":{"spec":"X*@+:,O-P/`01181@1J1X1*252420222627292]2C3U3[3]3b3(424:4>4:484=4E4K4P4U4c(I)5*Z*A+M+K+L+N+Q+V+]+a+_+]+]+]+[+[+f+4,9,<,;,<,>,A,C,D,B,A,B,D,F,G,H,0(((H(B(@(=(<(;(:(9(8(8(7(7(7(6(6(6(6(7(8(8(9(8(9(9(9(:(9(:(:(:(:(:(;(;(U(E(6)a,R2H6F7<7d6L666g5]5W5V5T5W5c5.696:6;6;6>6>6=6<6<6=6=6>6>6=6>6=6?67(5(P(C*W,^-(.a-W-L-C-=-9-5-4-2-1-3-5-7-7-6-6-5-5-4-3-2-2-1-1-0-/-/-.-.-*(((1(?(I(K(J(H(D(B(@(>(=(<(<(;(;(;(;(<(<(<(<(<(=(<(<(=(<(=(=(=(=(=(=(=(","tint":"P7(("},"9223":{"spec":"]*D+<,O-N/Z0+11191B1N1]1g1g1e1f1*2,2/2L2)373<3?3C3J3S3Z3_3[3Z3_3g3-42454d(K)6*Z*@+J+I+I+L+N+R+X+[+Z+Y+X+X+W+W+`+*,.,0,0,1,3,6,8,9,7,6,7,:,;,=,=,0(((H(B(@(=(<(;(9(9(8(7(7(7(7(6(6(6(6(7(7(8(8(8(9(8(8(9(9(9(9(9(:(:(:(:(U(E(6)a,R2H6F7<7d6L666g5]5W5V5T5W5c5.696:6;6;6>6>6=6<6<6=6=6>6>6=6>6=6?67(5(P(C*W,^-(.a-W-L-C-=-9-5-4-2-1-3-5-7-7-6-6-5-5-4-3-2-2-1-1-0-/-/-.-.-*(((1(?(I(K(J(H(D(B(@(>(=(<(<(;(;(;(;(<(<(<(<(<(=(<(<(=(<(=(=(=(=(=(=(=(","tint":"P7(("},"9224":{"spec":"N*F+U,K.31]243=3H3T3e3:4H4I4D4B4F4K4M4e4=5H5J5K5O5U5`5(6,6f5b5f5/666:6>6_(L)B*7+-,?,>,?,C,F,L,S,Y,W,U,S,S,R,Q,X,a,c,d,c,d,f,)-+-,-)-g,g,*-,---.-/(((K(G(D(B(A(@(>(=(<(;(;(:(:(9(9(9(9(:(;(;(;(;(<(;(;(=(<(<(<(<(=(=(=(=(U(E(6)a,R2H6F7<7d6L666g5]5W5V5T5W5c5.696:6;6;6>6>6=6<6<6=6=6>6>6=6>6=6?67(5(P(C*W,^-(.a-W-L-C-=-9-5-4-2-1-3-5-7-7-6-6-5-5-4-3-2-2-1-1-0-/-/-.-.-*(((1(?(I(K(J(H(D(B(@(>(=(<(<(;(;(;(;(<(<(<(<(<(=(<(<(=(<(=(=(=(=(=(=(=(","tint":"P7(("},"9225":{"spec":"U*J+V,F.f0K2a2)323=3N3b30414,4+4/42444O4+585;5<5@5E5P5X5[5V5S5W5_5e5)6-6b(M)C*5+g+8,6,7,:,=,C,J,O,N,L,J,J,I,H,P,Z,^,_,],_,`,c,e,f,c,b,b,d,f,g,(-0(((K(F(D(A(@(?(=(<(<(;(:(:(:(9(9(9(8(:(:(;(;(;(<(;(;(<(;(<(<(<(<(<(=(=(U(E(6)a,R2H6F7<7d6L666g5]5W5V5T5W5c5.696:6;6;6>6>6=6<6<6=6=6>6>6=6>6=6?67(5(P(C*W,^-(.a-W-L-C-=-9-5-4-2-1-3-5-7-7-6-6-5-5-4-3-2-2-1-1-0-/-/-.-.-*(((1(?(I(K(J(H(D(B(@(>(=(<(<(;(;(;(;(<(<(<(<(<(=(<(<(=(<(=(=(=(=(=(=(=(","tint":"P7(("},"9226":{"spec":"N*C+N,>._0C2Y2a2)333A3Q3[3\\3Y3W3\\3a3d364I4R4U4V4Z4`4+53565250535<5C5G5K5_(J)?*1+d+5,3,4,7,9,>,D,G,F,E,C,C,C,B,G,N,P,Q,O,Q,R,V,X,X,V,U,U,X,Z,[,\\,/(((J(F(C(A(@(?(=(<(;(:(:(9(9(8(8(8(8(9(:(:(:(:(;(:(:(;(:(;(;(;(<(<(<(<(U(E(6)a,R2H6F7<7d6L666g5]5W5V5T5W5c5.696:6;6;6>6>6=6<6<6=6=6>6>6=6>6=6?67(5(P(C*W,^-(.a-W-L-C-=-9-5-4-2-1-3-5-7-7-6-6-5-5-4-3-2-2-1-1-0-/-/-.-.-*(((1(?(I(K(J(H(D(B(@(>(=(<(<(;(;(;(;(<(<(<(<(<(=(<(<(=(<(=(=(=(=(=(=(=(","tint":"P7(("},"923":{"spec":"H+F+C+@+C+0+X*N*P*b*a+<.0205J5`4b4W5;6@686^5,5=4g3b3d3*464D4S4e455<5;5<53)L)X)S)I)9),)()()/)G)B*_+f,/-^,],/-:-:-6-+-Y,F,>,<,<,=,A,F,K,P,U,W,W,V,2(((A(8(3(0(.(-(-(-(/(2(7(;(<(:(:(;(;(<(<(;(:(9(:(9(9(:(9(:(;(;(;(;(;(;(U(E(6)a,R2H6F7<7d6L666g5]5W5V5T5W5c5.696:6;6;6>6>6=6<6<6=6=6>6>6=6>6=6?67(5(P(C*W,^-(.a-W-L-C-=-9-5-4-2-1-3-5-7-7-6-6-5-5-4-3-2-2-1-1-0-/-/-.-.-*(((1(?(I(K(J(H(D(B(@(>(=(<(<(;(;(;(;(<(<(<(<(<(=(<(<(=(<(=(=(=(=(=(=(=(","tint":"P7(("},"924":{"spec":"?+?+?+@+I+=+,+g*0+L+Q,c.g1^3F3>2=2W3@5O6X7>8g7@7f6^6`6a6]6Q6H6J6P6U6W6Z60)H)V)S)L)>)4)1)5)?)Y)Q*[+G,>,a+_+?,d,?-Y-f-]-M-D-@-@-?->-8-5-4-6-7-7-8-2(((A(8(3(0(/(.(.(.(0(3(7(9(9(6(6(8(:(<(>(?(>(=(>(=(=(>(=(=(=(=(=(>(>(>(U(E(6)a,R2H6F7<7d6L666g5]5W5V5T5W5c5.696:6;6;6>6>6=6<6<6=6=6>6>6=6>6=6?67(5(P(C*W,^-(.a-W-L-C-=-9-5-4-2-1-3-5-7-7-6-6-5-5-4-3-2-2-1-1-0-/-/-.-.-*(((1(?(I(K(J(H(D(B(@(>(=(<(<(;(;(;(;(<(<(<(<(<(=(<(<(=(<(=(=(=(=(=(=(=(","tint":"P7(("},"9240":{"spec":"5*4+N,R.M1A3X3\\3a3e3+42444.4g3e3g3*4+4M475M5S5T5X5_5)62656.6,60686@6C6G6W(C)?*;+8,N,L,K,L,L,N,P,Q,M,J,H,G,F,E,O,^,e,g,f,g,)-,-.-/-,-+-+---0-0-1-.(((J(G(F(C(B(A(>(=(<(;(;(:(9(9(9(8(8(:(;(;(;(;(<(;(<(=(<(=(=(=(=(=(=(=(U(E(6)a,R2H6F7<7d6L666g5]5W5V5T5W5c5.696:6;6;6>6>6=6<6<6=6=6>6>6=6>6=6?67(5(P(C*W,^-(.a-W-L-C-=-9-5-4-2-1-3-5-7-7-6-6-5-5-4-3-2-2-1-1-0-/-/-.-.-*(((1(?(I(K(J(H(D(B(@(>(=(<(<(;(;(;(;(<(<(<(<(<(=(<(<(=(<(=(=(=(=(=(=(=(","tint":"P7(("},"9241":{"spec":"C*:+H,;.`0I2^2a2f2*3/3638323*3*3-3.303W3H4`4f4(5-545>5F5J5E5B5G5O5U5Z5]5\\(F)<*0+d+7,5,4,5,6,7,:,:,6,3,2,1,0,/,<,M,U,W,V,X,Z,],_,`,],[,\\,_,`,b,b,/(((I(F(C(A(@(?(=(<(;(:(9(8(8(7(7(7(7(8(:(:(:(:(;(:(;(<(;(<(<(<(<(<(<(<(U(E(6)a,R2H6F7<7d6L666g5]5W5V5T5W5c5.696:6;6;6>6>6=6<6<6=6=6>6>6=6>6=6?67(5(P(C*W,^-(.a-W-L-C-=-9-5-4-2-1-3-5-7-7-6-6-5-5-4-3-2-2-1-1-0-/-/-.-.-*(((1(?(I(K(J(H(D(B(@(>(=(<(<(;(;(;(;(<(<(<(<(<(=(<(<(=(<(=(=(=(=(=(=(=(","tint":"P7(("},"9242":{"spec":"X*E+E,e-20I1[1_1e1*20292<2620222524272b2S3)4043474=4G4O4S4N4M4R4Y4`4d4g4c(K):*e*P+]+[+[+]+]+_+b+c+`+]+]+\\+Z+Z+(,:,A,C,C,D,F,I,K,L,I,I,I,K,N,N,O,0(((I(D(A(?(>(=(;(:(9(8(8(7(7(6(6(6(6(7(8(9(9(9(:(9(9(;(:(:(:(;(;(;(;(;(U(E(6)a,R2H6F7<7d6L666g5]5W5V5T5W5c5.696:6;6;6>6>6=6<6<6=6=6>6>6=6>6=6?67(5(P(C*W,^-(.a-W-L-C-=-9-5-4-2-1-3-5-7-7-6-6-5-5-4-3-2-2-1-1-0-/-/-.-.-*(((1(?(I(K(J(H(D(B(@(>(=(<(<(;(;(;(;(<(<(<(<(<(=(<(<(=(<(=(=(=(=(=(=(=(","tint":"P7(("},"9243":{"spec":"T*<+5,J-L/[0+10161:1@1G1J1E1A1C1F1G1J1/2Y2-33363;3A3J3R3V3S3R3V3^3e3)4-4a(G)2*W*?+K+I+I+J+K+M+O+P+M+K+K+K+I+I+U+e++,-,,,.,0,3,5,6,4,3,4,6,8,9,:,0(((G(B(?(=(<(;(9(9(8(7(6(6(6(5(5(5(5(6(7(7(8(8(9(8(8(9(8(9(9(9(9(9(:(:(U(E(6)a,R2H6F7<7d6L666g5]5W5V5T5W5c5.696:6;6;6>6>6=6<6<6=6=6>6>6=6>6=6?67(5(P(C*W,^-(.a-W-L-C-=-9-5-4-2-1-3-5-7-7-6-6-5-5-4-3-2-2-1-1-0-/-/-.-.-*(((1(?(I(K(J(H(D(B(@(>(=(<(<(;(;(;(;(<(<(<(<(<(=(<(<(=(<(=(=(=(=(=(=(=(","tint":"P7(("},"9244":{"spec":"d)g*G,T.Y1W31464<4B4H4N4Q4L4F4B4F4J4K4d4@5N5Q5R5V5]5g51646-6*6/686>6C6E6Q(>);*<+>,W,U,U,W,W,Y,[,\\,Y,V,S,S,R,P,X,b,f,g,e,f,(-+-.-/-+-*-+---/-0-0-.(((I(G(F(D(C(B(?(>(=(<(;(:(:(9(9(9(9(:(;(;(;(;(<(;(<(=(<(=(=(=(=(=(=(=(U(E(6)a,R2H6F7<7d6L666g5]5W5V5T5W5c5.696:6;6;6>6>6=6<6<6=6=6>6>6=6>6=6?67(5(P(C*W,^-(.a-W-L-C-=-9-5-4-2-1-3-5-7-7-6-6-5-5-4-3-2-2-1-1-0-/-/-.-.-*(((1(?(I(K(J(H(D(B(@(>(=(<(<(;(;(;(;(<(<(<(<(<(=(<(<(=(<(=(=(=(=(=(=(=(","tint":"P7(("},"925":{"spec":"W*^*(+7+U+a+),@,.-4.7/G/-/D.:-/,(,6-*/-1J4Q8<:M9J8e7X7M7>7g6V6S6V6X6Y6[6b(:)J)O)Q)L)L)T)e)?*Y*_*T*D*(*K)H)d)N*=+N,-.T.@.(.Z-T-O-I-@-:-8-8-8-8-8-0(((>(7(3(1(1(1(2(3(4(4(3(1(0(.(.(/(1(5(:(?(B(A(@(>(>(?(=(>(>(=(>(>(>(>(U(E(6)a,R2H6F7<7d6L666g5]5W5V5T5W5c5.696:6;6;6>6>6=6<6<6=6=6>6>6=6>6=6?67(5(P(C*W,^-(.a-W-L-C-=-9-5-4-2-1-3-5-7-7-6-6-5-5-4-3-2-2-1-1-0-/-/-.-.-*(((1(?(I(K(J(H(D(B(@(>(=(<(<(;(;(;(;(<(<(<(<(<(=(<(<(=(<(=(=(=(=(=(=(=(","tint":"P7(("},"926":{"spec":"H+b+E,<-U.D/U/f/:0F0,0b.Y-_,S+V*M*0+Q+A,a.M3_7-9K8)8\\7R7D7,7[6V6Y6[6[6^63)X):*P*g*(+g*,+3+7+-+P*5*^)A)*)f(2)>)O)J*6,[-4.(.[-V-Q-L-B-;-9-9-9-9-9-2(((I(A(=(:(9(9(8(7(6(3(1(/(-(,(,(,(-(.(2(8(>(@(@(>(>(?(>(>(>(>(>(>(>(>(U(E(6)a,R2H6F7<7d6L666g5]5W5V5T5W5c5.696:6;6;6>6>6=6<6<6=6=6>6>6=6>6=6?67(5(P(C*W,^-(.a-W-L-C-=-9-5-4-2-1-3-5-7-7-6-6-5-5-4-3-2-2-1-1-0-/-/-.-.-*(((1(?(I(K(J(H(D(B(@(>(=(<(<(;(;(;(;(<(<(<(<(<(=(<(<(=(<(=(=(=(=(=(=(=(","tint":"P7(("},"9260":{"spec":"8*3+F,A.01`273=3A3C3D3F3C373.3/3230323(4(5F5N5P5T5[5e5/626+6(6-666<6@6D6X(C);*3++,@,?,?,@,?,?,@,>,8,4,4,3,1,0,B,Y,c,f,d,f,(-+---.-+-)-*---.-/-0-.(((I(F(D(B(A(@(=(<(;(:(9(8(8(7(7(7(7(9(:(;(;(;(<(;(;(=(<(=(<(=(=(=(=(=(U(E(6)a,R2H6F7<7d6L666g5]5W5V5T5W5c5.696:6;6;6>6>6=6<6<6=6=6>6>6=6>6=6?67(5(P(C*W,^-(.a-W-L-C-=-9-5-4-2-1-3-5-7-7-6-6-5-5-4-3-2-2-1-1-0-/-/-.-.-*(((1(?(I(K(J(H(D(B(@(>(=(<(<(;(;(;(;(<(<(<(<(<(=(<(<(=(<(=(=(=(=(=(=(=(","tint":"P7(("},"9261":{"spec":"M*A+J,7.V082K2O2R2S2T2U2Q2F2>2@2C2@2B27354R4Y4\\4a4g415:5>58565:5B5J5N5P5_(I)=*.+`+0,.,-,.,-,-,-,+,f+b+b+b+_+^+0,F,P,R,Q,S,U,X,Z,[,X,W,X,Z,\\,],],/(((I(E(C(A(?(>(<(;(:(9(8(7(7(6(6(6(6(8(9(:(:(:(;(:(:(;(;(;(;(;(<(<(<(<(U(E(6)a,R2H6F7<7d6L666g5]5W5V5T5W5c5.696:6;6;6>6>6=6<6<6=6=6>6>6=6>6=6?67(5(P(C*W,^-(.a-W-L-C-=-9-5-4-2-1-3-5-7-7-6-6-5-5-4-3-2-2-1-1-0-/-/-.-.-*(((1(?(I(K(J(H(D(B(@(>(=(<(<(;(;(;(;(<(<(<(<(<(=(<(<(=(<(=(=(=(=(=(=(=(","tint":"P7(("},"9262":{"spec":"U*F+L,4.L0(2:2<2?2A2B2D2A2922232626272a2V31494<4A4H4R4[4^4Z4X4]4e4,50555b(L)>*,+[+*,g+f+g+f+f+g+e+a+^+]+]+[+Z+(,;,D,G,F,H,J,M,O,P,M,L,M,P,R,S,T,0(((J(E(C(@(?(>(;(;(:(8(8(7(7(6(6(6(6(7(8(9(9(9(:(9(:(;(:(;(;(;(;(;(;(;(U(E(6)a,R2H6F7<7d6L666g5]5W5V5T5W5c5.696:6;6;6>6>6=6<6<6=6=6>6>6=6>6=6?67(5(P(C*W,^-(.a-W-L-C-=-9-5-4-2-1-3-5-7-7-6-6-5-5-4-3-2-2-1-1-0-/-/-.-.-*(((1(?(I(K(J(H(D(B(@(>(=(<(<(;(;(;(;(<(<(<(<(<(=(<(<(=(<(=(=(=(=(=(=(=(","tint":"P7(("},"9263":{"spec":"T*A+B,b-10H1Y1\\1_1a1c1e1c1]1X1Y1\\1]1_1C2/3E3L3P3U3[3e3-414.4,42494@4E4H4a(I)9*c*O+]+Z+Z+Z+Z+Z+[+Z+V+T+S+S+R+Q+]+-,4,6,6,8,9,<,>,@,>,=,>,@,B,C,D,0(((I(D(A(?(=(=(:(:(9(8(7(6(6(6(6(5(5(7(8(8(8(8(9(8(9(:(9(:(:(:(:(:(:(:(U(E(6)a,R2H6F7<7d6L666g5]5W5V5T5W5c5.696:6;6;6>6>6=6<6<6=6=6>6>6=6>6=6?67(5(P(C*W,^-(.a-W-L-C-=-9-5-4-2-1-3-5-7-7-6-6-5-5-4-3-2-2-1-1-0-/-/-.-.-*(((1(?(I(K(J(H(D(B(@(>(=(<(<(;(;(;(;(<(<(<(<(<(=(<(<(=(<(=(=(=(=(=(=(=(","tint":"P7(("},"927":{"spec":"++`+--\\.;1`2?3?3]2c1L0c.Q-P,D+L*C*S*V*++g,01H577,7V6O6N6I686(6a5^5\\5`5.6))W)O*@+0,@,B,@,2,[+9+Q*1*X);)f(b(()()0)])=+c,J-F-=-:-8-6-/-)-f,d,c,d,(-1(((M(H(E(B(A(@(<(:(6(3(1(/(-(,(+(,(,(,(/(5(;(=(>(=(<(=(<(=(<(<(<(<(<(=(U(E(6)a,R2H6F7<7d6L666g5]5W5V5T5W5c5.696:6;6;6>6>6=6<6<6=6=6>6>6=6>6=6?67(5(P(C*W,^-(.a-W-L-C-=-9-5-4-2-1-3-5-7-7-6-6-5-5-4-3-2-2-1-1-0-/-/-.-.-*(((1(?(I(K(J(H(D(B(@(>(=(<(<(;(;(;(;(<(<(<(<(<(=(<(<(=(<(=(=(=(=(=(=(=(","tint":"P7(("},"928":{"spec":"+*c*4,).N0E2<3H3)322b0B/4.0-a+e*T*V*G*E*<+X,D-8-*-e,g,8-O-X-O-@-(-V,_,G-T(<)1*g*\\+6,A,C,7,`+A+]*?*d)F)/)()))c(b(6)W)g)b)])[)[)a))*,*)*c)Z)T)W)e).(((G(D(C(A(A(@(=(:(7(4(1(/(.(,(,(,(+(+(-(/(0(/(/(/(/(0(0(0(0(0(/(/(/(0(U(E(6)a,R2H6F7<7d6L666g5]5W5V5T5W5c5.696:6;6;6>6>6=6<6<6=6=6>6>6=6>6=6?67(5(P(C*W,^-(.a-W-L-C-=-9-5-4-2-1-3-5-7-7-6-6-5-5-4-3-2-2-1-1-0-/-/-.-.-*(((1(?(I(K(J(H(D(B(@(>(=(<(<(;(;(;(;(<(<(<(<(<(=(<(<(=(<(=(=(=(=(=(=(=(","tint":"P7(("},"9280":{"spec":"=*?+],f.e1^35494:49444.4f3Z3Q3Q3T3T3U3B445K5Q5R5V5]5g50626,6*6.666<6@6D6Z(H)F*E+C,Y,W,V,V,T,Q,O,L,F,B,A,@,>,=,K,],d,g,e,f,(-+-.-.-+-*-*---.-/-0-/(((L(I(G(E(C(B(?(>(=(;(:(9(9(8(8(8(8(9(:(;(;(;(<(;(<(=(<(=(=(=(=(=(=(=(U(E(6)a,R2H6F7<7d6L666g5]5W5V5T5W5c5.696:6;6;6>6>6=6<6<6=6=6>6>6=6>6=6?67(5(P(C*W,^-(.a-W-L-C-=-9-5-4-2-1-3-5-7-7-6-6-5-5-4-3-2-2-1-1-0-/-/-.-.-*(((1(?(I(K(J(H(D(B(@(>(=(<(<(;(;(;(;(<(<(<(<(<(=(<(<(=(<(=(=(=(=(=(=(=(","tint":"P7(("},"9281":{"spec":"F*D+\\,^.T1F3W3W3U3S3N3I3@323)3*3-3+3-3^3V4.54575;5A5L5T5X5R5O5T5\\5b5(6*6](K)F*A+;,P,K,I,H,E,C,A,=,6,3,2,1,/,.,>,R,Z,\\,[,],^,b,d,e,b,`,a,c,e,g,g,/(((L(H(F(D(B(A(>(=(<(:(9(8(8(7(7(7(7(9(:(:(:(:(;(;(;(<(;(<(<(<(<(<(=(=(U(E(6)a,R2H6F7<7d6L666g5]5W5V5T5W5c5.696:6;6;6>6>6=6<6<6=6=6>6>6=6>6=6?67(5(P(C*W,^-(.a-W-L-C-=-9-5-4-2-1-3-5-7-7-6-6-5-5-4-3-2-2-1-1-0-/-/-.-.-*(((1(?(I(K(J(H(D(B(@(>(=(<(<(;(;(;(;(<(<(<(<(<(=(<(<(=(<(=(=(=(=(=(=(=(","tint":"P7(("},"9282":{"spec":"V*P+b,[.G113B3A3?3=39343,3`2W2X2[2Z2\\2J3>4V4\\4^4b4)535;5?5:575<5E5J5O5S5b(P)I*?+6,G,C,@,?,=,;,9,6,0,,,+,+,(,g+7,J,Q,S,R,T,V,Y,[,\\,Y,X,X,[,\\,^,^,0(((L(H(E(C(A(@(=(<(;(:(9(8(8(7(7(7(7(8(9(:(:(:(;(:(:(<(;(;(;(;(<(<(<(<(U(E(6)a,R2H6F7<7d6L666g5]5W5V5T5W5c5.696:6;6;6>6>6=6<6<6=6=6>6>6=6>6=6?67(5(P(C*W,^-(.a-W-L-C-=-9-5-4-2-1-3-5-7-7-6-6-5-5-4-3-2-2-1-1-0-/-/-.-.-*(((1(?(I(K(J(H(D(B(@(>(=(<(<(;(;(;(;(<(<(<(<(<(=(<(<(=(<(=(=(=(=(=(=(=(","tint":"P7(("},"9283":{"spec":"I*@+N,A.g0O2`2b2c2b2_2\\2V2N2G2G2K2M2N203Y3/45484<4C4M4V4Y4U4S4W4`4f4*5/5^(I)?*3+g+:,6,5,4,3,1,0,-,),f+e+e+d+b+-,<,C,E,D,F,H,K,M,N,L,K,K,N,P,P,R,/(((J(F(D(B(@(?(<(;(:(9(8(7(7(7(7(6(6(8(8(9(9(9(:(9(:(;(:(;(;(;(;(;(;(;(U(E(6)a,R2H6F7<7d6L666g5]5W5V5T5W5c5.696:6;6;6>6>6=6<6<6=6=6>6>6=6>6=6?67(5(P(C*W,^-(.a-W-L-C-=-9-5-4-2-1-3-5-7-7-6-6-5-5-4-3-2-2-1-1-0-/-/-.-.-*(((1(?(I(K(J(H(D(B(@(>(=(<(<(;(;(;(;(<(<(<(<(<(=(<(<(=(<(=(=(=(=(=(=(=(","tint":"P7(("},"9284":{"spec":"e*V+\\,C.Z042B2>282.2]1O1<1d0W0^0^0R0T0123485M5R5W5^5)61646.6+6/686=6A6F6g(S)F*4+b+/,*,g+d+_+X+R+K+A+;+=+<+6+5+V+F,^,e,e,g,)-,-.-/-,-*-+---/-/-0-0(((L(F(C(A(?(>(;(:(9(7(6(5(5(4(4(4(4(6(9(;(;(;(<(;(<(=(<(=(=(=(=(=(=(=(U(E(6)a,R2H6F7<7d6L666g5]5W5V5T5W5c5.696:6;6;6>6>6=6<6<6=6=6>6>6=6>6=6?67(5(P(C*W,^-(.a-W-L-C-=-9-5-4-2-1-3-5-7-7-6-6-5-5-4-3-2-2-1-1-0-/-/-.-.-*(((1(?(I(K(J(H(D(B(@(>(=(<(<(;(;(;(;(<(<(<(<(<(=(<(<(=(<(=(=(=(=(=(=(=(","tint":"P7(("},"9285":{"spec":"1*8+],1/;2=4W4_4d4g4(5(5f4a4[4X4\\4b4c455G5O5Q5Q5V5\\5g5/626+6)6.666=6A6D6V(E)F*J+M,f,d,e,f,e,e,e,d,a,^,[,[,[,Y,^,d,f,g,e,f,(-+---.-+-)-*---/-/-0-.(((L(J(H(F(D(C(@(?(>(<(<(;(;(:(:(:(9(;(;(;(;(;(<(;(<(=(<(=(=(=(=(=(=(=(U(E(6)a,R2H6F7<7d6L666g5]5W5V5T5W5c5.696:6;6;6>6>6=6<6<6=6=6>6>6=6>6=6?67(5(P(C*W,^-(.a-W-L-C-=-9-5-4-2-1-3-5-7-7-6-6-5-5-4-3-2-2-1-1-0-/-/-.-.-*(((1(?(I(K(J(H(D(B(@(>(=(<(<(;(;(;(;(<(<(<(<(<(=(<(<(=(<(=(=(=(=(=(=(=(","tint":"P7(("},"9286":{"spec":"A*A+^,d._1V3,4-4,4)4b3Z3P3A37393;393:304.5I5P5R5V5]5g50636-6)6/676<6A6E6[(I)G*D+@,V,S,Q,P,N,K,G,C,<,8,8,7,4,3,E,[,d,f,e,f,(-+-.-.-+-)-+---.-/-0-/(((L(I(G(D(C(A(?(=(<(;(:(9(8(8(8(7(7(9(:(;(;(;(<(;(<(=(<(=(=(=(=(=(=(=(U(E(6)a,R2H6F7<7d6L666g5]5W5V5T5W5c5.696:6;6;6>6>6=6<6<6=6=6>6>6=6>6=6?67(5(P(C*W,^-(.a-W-L-C-=-9-5-4-2-1-3-5-7-7-6-6-5-5-4-3-2-2-1-1-0-/-/-.-.-*(((1(?(I(K(J(H(D(B(@(>(=(<(<(;(;(;(;(<(<(<(<(<(=(<(<(=(<(=(=(=(=(=(=(=(","tint":"P7(("},"929":{"spec":"`*6+T+B,P-9.;.=.E.\\.Z/R1Q394L3@231^/>.0-=,]+@+++e*e**+7+M+\\+\\+U+E+6+=+\\+e(D)a)4*H*J*D*D*G*O*f*S+D,Q,@,b+D+b*>*`)N)A)7)/)-),).)3):)@)?)=)7)1)4)?)0(((C(=(9(7(6(5(4(4(5(7(:(:(9(6(5(3(1(/(.(-(-(,(,(,(,(-(-(.(.(-(-(-(-(.(U(E(6)a,R2H6F7<7d6L666g5]5W5V5T5W5c5.696:6;6;6>6>6=6<6<6=6=6>6>6=6>6=6?67(5(P(C*W,^-(.a-W-L-C-=-9-5-4-2-1-3-5-7-7-6-6-5-5-4-3-2-2-1-1-0-/-/-.-.-*(((1(?(I(K(J(H(D(B(@(>(=(<(<(;(;(;(;(<(<(<(<(<(=(<(<(=(<(=(=(=(=(=(=(=(","tint":"P7(("},"930":{"spec":"-,1,6,@,],S,9,-,/,D,J-f/@3Q5^5>5@5d5869626a5A5b4T4R4W4]4g4.565C5P5W5W5Z5?)_)2*3*1*a)R)L)M)T)/**+=,3-7-*-(-3-9-7-4---a,T,O,M,O,P,S,U,W,[,_,a,`,a,4(((G(=(7(3(1(1(0(0(1(5(9(<(<(;(;(;(;(<(<(;(;(:(;(:(:(;(:(;(;(<(<(<(<(<(U(E(6)a,R2H6F7<7d6L666g5]5W5V5T5W5c5.696:6;6;6>6>6=6<6<6=6=6>6>6=6>6=6?67(5(P(C*W,^-(.a-W-L-C-=-9-5-4-2-1-3-5-7-7-6-6-5-5-4-3-2-2-1-1-0-/-/-.-.-*(((1(?(I(K(J(H(D(B(@(>(=(<(<(;(;(;(;(<(<(<(<(<(=(<(<(=(<(=(=(=(=(=(=(=(","tint":"P7(("},"9300":{"spec":"=*?+^,(/)2b3543404-4)4b3W3G363+3+3,3e2<36435K5R5W5^5)61656.6*60686=6C6E6Z(H)G*F+E,[,W,T,R,O,M,J,F,>,7,2,1,/,+,2,G,\\,d,e,g,)-,-.-/-,-*-+---/-0-0-/(((L(I(G(E(C(A(?(>(<(;(:(9(8(7(7(7(7(8(9(:(;(;(<(;(<(=(<(=(=(=(=(=(=(=(U(E(6)a,R2H6F7<7d6L666g5]5W5V5T5W5c5.696:6;6;6>6>6=6<6<6=6=6>6>6=6>6=6?67(5(P(C*W,^-(.a-W-L-C-=-9-5-4-2-1-3-5-7-7-6-6-5-5-4-3-2-2-1-1-0-/-/-.-.-*(((1(?(I(K(J(H(D(B(@(>(=(<(<(;(;(;(;(<(<(<(<(<(=(<(<(=(<(=(=(=(=(=(=(=(","tint":"P7(("},"9301":{"spec":"B*C+`,(/d1\\3/4-4,4(4a3Y3N3@3,3]2\\2b2a2A364^4.53585?5I5R5U5P5L5Q5Z5_5d5g5[(J)H*F+C,Y,U,Q,P,M,J,G,C,<,4,-,+,+,),3,G,T,Z,Z,\\,^,a,c,d,a,_,`,c,d,e,e,/(((L(I(G(E(C(A(?(=(<(;(:(9(8(7(7(7(7(8(9(:(:(:(;(;(;(<(;(<(<(<(<(<(<(<(U(E(6)a,R2H6F7<7d6L666g5]5W5V5T5W5c5.696:6;6;6>6>6=6<6<6=6=6>6>6=6>6=6?67(5(P(C*W,^-(.a-W-L-C-=-9-5-4-2-1-3-5-7-7-6-6-5-5-4-3-2-2-1-1-0-/-/-.-.-*(((1(?(I(K(J(H(D(B(@(>(=(<(<(;(;(;(;(<(<(<(<(<(=(<(<(=(<(=(=(=(=(=(=(=(","tint":"P7(("},"9302":{"spec":"I*?+L,=.`0F2V2V2T2P2H2?242e1Q1A1@1E1D1g1g2W3,43494A4K4T4X4S4Q4V4_4e4)5-5^(H)>*1+d+6,2,0,/,,,(,e+`+Y+Q+J+I+I+G+R+*,:,B,C,E,G,J,M,N,K,J,K,M,O,P,Q,/(((J(F(C(A(@(>(<(;(:(8(7(6(6(5(5(5(5(6(7(8(9(9(:(9(:(;(:(;(;(;(;(;(;(;(U(E(6)a,R2H6F7<7d6L666g5]5W5V5T5W5c5.696:6;6;6>6>6=6<6<6=6=6>6>6=6>6=6?67(5(P(C*W,^-(.a-W-L-C-=-9-5-4-2-1-3-5-7-7-6-6-5-5-4-3-2-2-1-1-0-/-/-.-.-*(((1(?(I(K(J(H(D(B(@(>(=(<(<(;(;(;(;(<(<(<(<(<(=(<(<(=(<(=(=(=(=(=(=(=(","tint":"P7(("},"9303":{"spec":"\\*P+[,J.)1K2[2[2Z2W2S2L2D282(2Y1Y1`1a1?2/3R3`3f3,434=4E4I4E4C4G4P4W4Z4_4d(P)E*7+(,8,4,2,1,.,,,*,f+a+Z+S+R+S+R+[+-,8,=,>,@,B,E,G,H,F,E,E,H,J,K,L,0(((K(G(D(A(@(?(<(;(:(9(8(7(7(6(6(5(5(7(8(8(9(9(:(9(9(:(9(:(:(:(;(;(;(;(U(E(6)a,R2H6F7<7d6L666g5]5W5V5T5W5c5.696:6;6;6>6>6=6<6<6=6=6>6>6=6>6=6?67(5(P(C*W,^-(.a-W-L-C-=-9-5-4-2-1-3-5-7-7-6-6-5-5-4-3-2-2-1-1-0-/-/-.-.-*(((1(?(I(K(J(H(D(B(@(>(=(<(<(;(;(;(;(<(<(<(<(<(=(<(<(=(<(=(=(=(=(=(=(=(","tint":"P7(("},"931":{"spec":"P+T+Y+c+=,7,d+`+*,G,O-_/T2<4g3*3+394L5F697R7>7`6O6I6M6Q6O6D6=6?6F6K6N6R65)R)d)d)c)U)J)G)K)V)1*(+,,S,J,2,1,L,(-<-N-V-N-A-;-8-9-:-8-4-1-0-2-4-4-5-2(((D(:(5(2(1(0(0(0(1(4(8(:(9(7(7(9(:(<(=(>(=(=(=(<(<(=(<(=(=(=(=(=(=(=(U(E(6)a,R2H6F7<7d6L666g5]5W5V5T5W5c5.696:6;6;6>6>6=6<6<6=6=6>6>6=6>6=6?67(5(P(C*W,^-(.a-W-L-C-=-9-5-4-2-1-3-5-7-7-6-6-5-5-4-3-2-2-1-1-0-/-/-.-.-*(((1(?(I(K(J(H(D(B(@(>(=(<(<(;(;(;(;(<(<(<(<(<(=(<(<(=(<(=(=(=(=(=(=(=(","tint":"P7(("},"932":{"spec":"-+9+K+f+V,--8-P-?.D/E0V0>0X/N.A-:-J.<04225;8;9P8]7B7;767,7Y6K6J6N6Q6S6V6*)F)\\)f).*+***2*D*^*6+=+3+d*H***g)C*,+W+],e-<.*.W-M-J-G-C-;-6-4-5-6-6-6-1(((B(;(7(4(4(4(4(5(6(6(5(3(2(/(/(1(3(6(:(?(@(?(?(>(=(>(=(>(=(=(=(=(>(>(U(E(6)a,R2H6F7<7d6L666g5]5W5V5T5W5c5.696:6;6;6>6>6=6<6<6=6=6>6>6=6>6=6?67(5(P(C*W,^-(.a-W-L-C-=-9-5-4-2-1-3-5-7-7-6-6-5-5-4-3-2-2-1-1-0-/-/-.-.-*(((1(?(I(K(J(H(D(B(@(>(=(<(<(;(;(;(;(<(<(<(<(<(=(<(<(=(<(=(=(=(=(=(=(=(","tint":"P7(("},"9320":{"spec":"B*J+1-H/T2U4+5*5(5d4]4Q4D444Q3*3e28393J3=4/5E5M5T5\\5g5/636-6)6.676<6@6E6[(M)Q*V+X,0-,-)-g,d,a,\\,W,O,B,2,.,3,2,7,I,Z,b,c,f,(-+---.-+-)-*---.-/-0-/(((N(K(I(G(E(C(@(?(>(<(;(:(9(7(7(7(7(8(9(:(;(;(<(;(<(=(<(=(=(=(=(=(=(=(U(E(6)a,R2H6F7<7d6L666g5]5W5V5T5W5c5.696:6;6;6>6>6=6<6<6=6=6>6>6=6>6=6?67(5(P(C*W,^-(.a-W-L-C-=-9-5-4-2-1-3-5-7-7-6-6-5-5-4-3-2-2-1-1-0-/-/-.-.-*(((1(?(I(K(J(H(D(B(@(>(=(<(<(;(;(;(;(<(<(<(<(<(=(<(<(=(<(=(=(=(=(=(=(=(","tint":"P7(("},"9321":{"spec":"C*D+a,*/f1_32404.4*4a3T3G353Q2)2c15262H2B3<4W4b4*515=5E5I5D5A5E5N5S5X5[5\\(K)I*G+C,Z,V,S,Q,N,J,E,@,8,*,Y+V+[+Y+_+4,H,Q,T,W,X,\\,^,_,],[,\\,^,`,a,a,/(((L(I(G(E(C(A(?(=(<(:(9(8(8(6(6(6(6(7(8(9(:(:(;(:(;(<(;(<(<(<(<(<(<(<(U(E(6)a,R2H6F7<7d6L666g5]5W5V5T5W5c5.696:6;6;6>6>6=6<6<6=6=6>6>6=6>6=6?67(5(P(C*W,^-(.a-W-L-C-=-9-5-4-2-1-3-5-7-7-6-6-5-5-4-3-2-2-1-1-0-/-/-.-.-*(((1(?(I(K(J(H(D(B(@(>(=(<(<(;(;(;(;(<(<(<(<(<(=(<(<(=(<(=(=(=(=(=(=(=(","tint":"P7(("},"9322":{"spec":"G*C+W,T.D133E3E3B3>383+3_2N2,2D1?1R1T1f1_2W324>4F4N4Y4a4e4a4_4b4*51555:5](J)C*<+4,H,D,B,@,=,;,5,1,),\\+L+H+N+M+R+g+:,D,G,I,L,O,Q,R,P,O,O,Q,T,T,V,/(((K(G(E(C(A(@(=(<(;(9(8(7(7(5(5(5(5(6(7(8(9(9(:(:(:(;(:(;(;(;(;(;(;(;(U(E(6)a,R2H6F7<7d6L666g5]5W5V5T5W5c5.696:6;6;6>6>6=6<6<6=6=6>6>6=6>6=6?67(5(P(C*W,^-(.a-W-L-C-=-9-5-4-2-1-3-5-7-7-6-6-5-5-4-3-2-2-1-1-0-/-/-.-.-*(((1(?(I(K(J(H(D(B(@(>(=(<(<(;(;(;(;(<(<(<(<(<(=(<(<(=(<(=(=(=(=(=(=(=(","tint":"P7(("},"9323":{"spec":"D*:+G,9.]0C2T2T2T2Q2K2B282*2N101,18171F172)3C3M3T3[3e3-414-4,41484>4C4G4\\(F);*/+c+5,1,/,/,,,),f+b+[+P+D+A+D+B+F+X+),3,5,7,9,<,>,@,=,=,>,@,A,C,C,/(((I(E(C(A(?(>(<(;(:(8(8(7(6(5(5(5(4(5(6(7(8(8(9(8(9(:(9(:(:(:(:(:(:(:(U(E(6)a,R2H6F7<7d6L666g5]5W5V5T5W5c5.696:6;6;6>6>6=6<6<6=6=6>6>6=6>6=6?67(5(P(C*W,^-(.a-W-L-C-=-9-5-4-2-1-3-5-7-7-6-6-5-5-4-3-2-2-1-1-0-/-/-.-.-*(((1(?(I(K(J(H(D(B(@(>(=(<(<(;(;(;(;(<(<(<(<(<(=(<(<(=(<(=(=(=(=(=(=(=(","tint":"P7(("},"9324":{"spec":"G*K+,-9/<254F4=424f3S383`2B2K1P0F0]0_091S274-5D5P5Z5f5.626,6)6.666;6@6D6](N)N*N+M,c,^,X,S,M,E,:,1,d+O+8+3+:+9+B+b+F,Z,`,d,g,+---.-+-)-*---.-/-0-/(((M(J(H(E(C(B(?(=(<(:(9(7(6(4(4(4(4(5(7(9(:(;(<(;(<(=(<(=(=(=(=(=(=(=(U(E(6)a,R2H6F7<7d6L666g5]5W5V5T5W5c5.696:6;6;6>6>6=6<6<6=6=6>6>6=6>6=6?67(5(P(C*W,^-(.a-W-L-C-=-9-5-4-2-1-3-5-7-7-6-6-5-5-4-3-2-2-1-1-0-/-/-.-.-*(((1(?(I(K(J(H(D(B(@(>(=(<(<(;(;(;(;(<(<(<(<(<(=(<(<(=(<(=(=(=(=(=(=(=(","tint":"P7(("},"933":{"spec":"C+f+Y,e-Y/\\0.1=1O1Y1C1?0:/@.1--,c+I,.-^-;0F4U7<8\\7C7=787-7[6M6K6N6S6S6V61)Z)D*e*E+K+J+N+T+W+N+4+Y*C*d)J)F)S)`)1*++K,W-c-W-M-J-H-C-<-6-5-5-6-6-6-2(((K(D(@(=(<(;(:(9(8(5(3(1(/(.(-(.(/(0(4(9(>(?(?(>(=(>(=(>(=(=(=(=(>(>(U(E(6)a,R2H6F7<7d6L666g5]5W5V5T5W5c5.696:6;6;6>6>6=6<6<6=6=6>6>6=6>6=6?67(5(P(C*W,^-(.a-W-L-C-=-9-5-4-2-1-3-5-7-7-6-6-5-5-4-3-2-2-1-1-0-/-/-.-.-*(((1(?(I(K(J(H(D(B(@(>(=(<(<(;(;(;(;(<(<(<(<(<(=(<(<(=(<(=(=(=(=(=(=(=(","tint":"P7(("},"934":{"spec":"f*a+6-1/^1K3*4*4Q3c2Z1;0,/*.X,Y+N+a+d+9,:.82b5.7a6P6N6N6J6<606+6+6,6/6:6g(X)S*J+@,R,S,P,F,3,W+2+T*:*[)C)>)E)E)L);*W+--F-B-;-:-8-7-1-,-)-)-)-)-,-0(((O(J(F(D(B(A(>(;(9(5(3(1(/(-(-(-(-(.(1(6(;(=(>(<(<(=(<(=(=(=(=(=(=(=(U(E(6)a,R2H6F7<7d6L666g5]5W5V5T5W5c5.696:6;6;6>6>6=6<6<6=6=6>6>6=6>6=6?67(5(P(C*W,^-(.a-W-L-C-=-9-5-4-2-1-3-5-7-7-6-6-5-5-4-3-2-2-1-1-0-/-/-.-.-*(((1(?(I(K(J(H(D(B(@(>(=(<(<(;(;(;(;(<(<(<(<(<(=(<(<(=(<(=(=(=(=(=(=(=(","tint":"P7(("},"9340":{"spec":"4*=+e,=/J2O4+5/505.5e4S4:4\\393^2_2*3)3.3G3*4@4B4;4B4`4A5W5]5`5(61686<6A6W(G)K*P+S,--,-+-*-(-d,],S,F,9,-,,,.,,,-,5,A,I,H,E,G,R,],d,f,f,(-+---.-/-.(((M(J(I(F(E(C(A(?(>(<(;(9(8(7(7(7(7(8(8(9(9(9(:(9(:(<(;(<(<(<(=(=(=(=(U(E(6)a,R2H6F7<7d6L666g5]5W5V5T5W5c5.696:6;6;6>6>6=6<6<6=6=6>6>6=6>6=6?67(5(P(C*W,^-(.a-W-L-C-=-9-5-4-2-1-3-5-7-7-6-6-5-5-4-3-2-2-1-1-0-/-/-.-.-*(((1(?(I(K(J(H(D(B(@(>(=(<(<(;(;(;(;(<(<(<(<(<(=(<(<(=(<(=(=(=(=(=(=(=(","tint":"P7(("},"9341":{"spec":"P*R+1-;/:224I4J4I4G4@4/4W3;3X2<2>2H2F2J2c2G3^3`3Y3_3<4\\43585;5B5L5T5X5]5`(Q)Q*O+L,b,_,],[,Y,V,O,F,:,,,a+`+b+_+_+(,4,=,<,9,;,E,O,W,X,Y,[,^,`,a,b,/(((N(J(H(E(D(B(?(>(=(;(:(8(8(6(6(6(6(7(7(8(9(9(9(9(9(;(:(;(;(<(<(<(<(<(U(E(6)a,R2H6F7<7d6L666g5]5W5V5T5W5c5.696:6;6;6>6>6=6<6<6=6=6>6>6=6>6=6?67(5(P(C*W,^-(.a-W-L-C-=-9-5-4-2-1-3-5-7-7-6-6-5-5-4-3-2-2-1-1-0-/-/-.-.-*(((1(?(I(K(J(H(D(B(@(>(=(<(<(;(;(;(;(<(<(<(<(<(=(<(<(=(<(=(=(=(=(=(=(=(","tint":"P7(("},"9342":{"spec":"Y*W+/-0/c1T3)4*4*4(4a3Q3;3a2A2)2*2423292Q223E3G3B3I3e3D4Y4^4a4(525:5>5C5c(S)P*J+B,U,R,P,P,M,J,D,;,0,c+Y+X+Z+X+Y+b+-,4,3,1,3,<,G,N,O,P,Q,T,W,X,Y,0(((N(J(G(D(B(A(?(=(<(:(9(8(7(6(6(6(6(6(7(8(8(8(9(8(9(:(:(;(;(;(;(;(<(<(U(E(6)a,R2H6F7<7d6L666g5]5W5V5T5W5c5.696:6;6;6>6>6=6<6<6=6=6>6>6=6>6=6?67(5(P(C*W,^-(.a-W-L-C-=-9-5-4-2-1-3-5-7-7-6-6-5-5-4-3-2-2-1-1-0-/-/-.-.-*(((1(?(I(K(J(H(D(B(@(>(=(<(<(;(;(;(;(<(<(<(<(<(=(<(<(=(<(=(=(=(=(=(=(=(","tint":"P7(("},"9343":{"spec":"[*X+/-./`1O3d3e3d3b3[3I303S2/2S1S1^1[1_192_273:33383V394P4X4\\4c4.555:5?5d(T)P*I+A,S,P,N,M,K,H,A,7,+,]+Q+P+R+O+P+Y+f+.,.,+,-,7,C,K,M,N,O,S,U,V,W,0(((N(I(G(D(B(A(>(=(<(:(9(8(7(5(5(5(5(6(6(7(8(8(8(8(8(:(:(;(;(;(;(;(;(<(U(E(6)a,R2H6F7<7d6L666g5]5W5V5T5W5c5.696:6;6;6>6>6=6<6<6=6=6>6>6=6>6=6?67(5(P(C*W,^-(.a-W-L-C-=-9-5-4-2-1-3-5-7-7-6-6-5-5-4-3-2-2-1-1-0-/-/-.-.-*(((1(?(I(K(J(H(D(B(@(>(=(<(<(;(;(;(;(<(<(<(<(<(=(<(<(=(<(=(=(=(=(=(=(=(","tint":"P7(("},"9344":{"spec":"H*J+g,0//2e3>494.4_3D3O2O1Q0P/d.b.-/)/./Z/`0U1[1E1H1?2K3L4-5A5R5`5*60676](M)L*J+G,\\,Z,V,Q,J,?,+,R+9+a*O*M*P*N*O*_*7+K+K+C+D+X+2,I,T,[,`,e,(-)-+-/(((M(J(G(E(C(B(?(=(;(9(7(5(3(2(2(2(1(2(3(4(6(6(6(5(6(9(:(;(<(<(<(=(=(=(U(E(6)a,R2H6F7<7d6L666g5]5W5V5T5W5c5.696:6;6;6>6>6=6<6<6=6=6>6>6=6>6=6?67(5(P(C*W,^-(.a-W-L-C-=-9-5-4-2-1-3-5-7-7-6-6-5-5-4-3-2-2-1-1-0-/-/-.-.-*(((1(?(I(K(J(H(D(B(@(>(=(<(<(;(;(;(;(<(<(<(<(<(=(<(<(=(<(=(=(=(=(=(=(=(","tint":"P7(("},"9345":{"spec":"a),+W,3/F2Q4/555:5=5=585/5c4R4C4F4Q4Q4T4^4-5556555<5N5_5)6g5f5+646:6>6A6P(@)C*K+R,.-----.-.---+-g,a,Z,S,S,U,S,R,U,Z,\\,[,[,\\,b,(-+-)-(-)-,-.-.-/--(((K(J(H(G(E(D(A(@(>(=(<(;(:(9(9(9(9(:(:(:(:(:(;(;(;(<(<(<(<(=(=(=(=(=(U(E(6)a,R2H6F7<7d6L666g5]5W5V5T5W5c5.696:6;6;6>6>6=6<6<6=6=6>6>6=6>6=6?67(5(P(C*W,^-(.a-W-L-C-=-9-5-4-2-1-3-5-7-7-6-6-5-5-4-3-2-2-1-1-0-/-/-.-.-*(((1(?(I(K(J(H(D(B(@(>(=(<(<(;(;(;(;(<(<(<(<(<(=(<(<(=(<(=(=(=(=(=(=(=(","tint":"P7(("},"935":{"spec":"/*-+E,F.9163e3/4Z31312]0S/Q.?-=,*,-,Z+U+Q,4.b.V.H.C.G.X.0/9/0/a.I.7.@.(/U(@):*5+/,I,Q,R,I,8,_+?+c*I***P)I)I)A)?)U)9*I*D*?*=*>*D*L*O*K*F*=*6*9*G*.(((I(F(E(C(B(A(>(<(9(6(4(2(0(.(.(.(-(-(.(1(2(1(2(1(1(2(2(3(2(2(2(1(1(2(U(E(6)a,R2H6F7<7d6L666g5]5W5V5T5W5c5.696:6;6;6>6>6=6<6<6=6=6>6>6=6>6=6?67(5(P(C*W,^-(.a-W-L-C-=-9-5-4-2-1-3-5-7-7-6-6-5-5-4-3-2-2-1-1-0-/-/-.-.-*(((1(?(I(K(J(H(D(B(@(>(=(<(<(;(;(;(;(<(<(<(<(<(=(<(<(=(<(=(=(=(=(=(=(=(","tint":"P7(("},"936":{"spec":"d*E+5,=-.//06090A0U0K1*3G4a4@4G3L2F1/0c...L-,-T,M,M,S,c,=-L-M-F-3-b,*-M-g(K)2*Q*2+9+4+4+6+=+Q+5,X,a,S,=,e+I+(+K*7***^)U)R)R)T)Y)c)(*(*e)^)X)Z)g)0(((G(A(>(<(:(9(8(8(8(9(;(;(:(8(7(5(3(2(1(0(/(/(/(.(/(/(/(0(0(0(0(/(/(0(U(E(6)a,R2H6F7<7d6L666g5]5W5V5T5W5c5.696:6;6;6>6>6=6<6<6=6=6>6>6=6>6=6?67(5(P(C*W,^-(.a-W-L-C-=-9-5-4-2-1-3-5-7-7-6-6-5-5-4-3-2-2-1-1-0-/-/-.-.-*(((1(?(I(K(J(H(D(B(@(>(=(<(<(;(;(;(;(<(<(<(<(<(=(<(<(=(<(=(=(=(=(=(=(=(","tint":"P7(("},"9360":{"spec":"2*<+g,B/T2[455654515f4O424Q3g2F2C2J2B2A2U243F3E3=3C3`3D4a4+5-5255575>5L5V(G)L*S+X,2-0---,-)-d,[,P,B,2,d+b+b+^+\\+c+-,4,2,/,1,;,G,Q,T,T,U,U,V,X,\\,.(((M(K(I(G(E(D(A(?(>(<(:(9(8(7(6(6(6(7(7(8(8(8(9(8(9(:(:(;(;(;(;(;(<(<(U(E(6)a,R2H6F7<7d6L666g5]5W5V5T5W5c5.696:6;6;6>6>6=6<6<6=6=6>6>6=6>6=6?67(5(P(C*W,^-(.a-W-L-C-=-9-5-4-2-1-3-5-7-7-6-6-5-5-4-3-2-2-1-1-0-/-/-.-.-*(((1(?(I(K(J(H(D(B(@(>(=(<(<(;(;(;(;(<(<(<(<(<(=(<(<(=(<(=(=(=(=(=(=(=(","tint":"P7(("},"9361":{"spec":"H*L+--:/<284Q4S4Q4M4A4*4L3*3A2c1b1*2d1e1;2]20303(3/3N324N4Y4\\4`4e4g4/5;5](N)O*O+M,d,b,`,_,[,V,M,B,3,c+W+U+V+S+R+Z+e+,,*,g+),4,@,J,M,N,N,P,P,R,V,/(((M(J(H(F(D(B(@(>(=(;(:(8(7(6(6(6(5(6(6(7(8(8(8(8(8(:(:(;(;(;(;(;(;(;(U(E(6)a,R2H6F7<7d6L666g5]5W5V5T5W5c5.696:6;6;6>6>6=6<6<6=6=6>6>6=6>6=6?67(5(P(C*W,^-(.a-W-L-C-=-9-5-4-2-1-3-5-7-7-6-6-5-5-4-3-2-2-1-1-0-/-/-.-.-*(((1(?(I(K(J(H(D(B(@(>(=(<(<(;(;(;(;(<(<(<(<(<(=(<(<(=(<(=(=(=(=(=(=(=(","tint":"P7(("},"9362":{"spec":"T*T+1-7/12g3>4@4@4=464c3J3,3F2)2(212,2+2@2`24343-323O304I4R4T4Y4^4b4)535a(R)Q*M+H,],Z,Y,X,U,R,K,A,4,e+Y+X+Y+V+T+[+f+-,,,),+,4,@,H,K,K,L,M,N,P,S,0(((N(J(G(E(C(B(?(>(=(;(:(8(7(6(6(6(6(6(7(7(8(8(8(8(8(:(9(;(;(;(;(;(;(;(U(E(6)a,R2H6F7<7d6L666g5]5W5V5T5W5c5.696:6;6;6>6>6=6<6<6=6=6>6>6=6>6=6?67(5(P(C*W,^-(.a-W-L-C-=-9-5-4-2-1-3-5-7-7-6-6-5-5-4-3-2-2-1-1-0-/-/-.-.-*(((1(?(I(K(J(H(D(B(@(>(=(<(<(;(;(;(;(<(<(<(<(<(=(<(<(=(<(=(=(=(=(=(=(=(","tint":"P7(("},"9363":{"spec":"X*N+Z,J.*1O2c2b2_2`2]2L212R1,1N0N0V0Q0R0(1L1b1b1Z1_1=2a2>3J3N3S3W3Z3a3.4c(O)E*7+),:,7,5,3,2,0,*,_+R+C+7+6+7+4+3+;+G+O+N+K+L+W+c+-,1,2,3,4,5,7,;,0(((K(G(D(B(@(?(<(;(:(9(7(6(5(4(4(4(4(4(5(5(6(6(6(6(6(8(8(9(9(9(9(9(9(:(U(E(6)a,R2H6F7<7d6L666g5]5W5V5T5W5c5.696:6;6;6>6>6=6<6<6=6=6>6>6=6>6=6?67(5(P(C*W,^-(.a-W-L-C-=-9-5-4-2-1-3-5-7-7-6-6-5-5-4-3-2-2-1-1-0-/-/-.-.-*(((1(?(I(K(J(H(D(B(@(>(=(<(<(;(;(;(;(<(<(<(<(<(=(<(<(=(<(=(=(=(=(=(=(=(","tint":"P7(("},"937":{"spec":"7,F,[,=->.K.4.(.+.@.D/R1?4a5c5J5M5g52606+6a5M5:52535:5A5G5I5N5W5`5g5(6,6B)(*E*Q*\\*Q*B*<*=*D*^*S+U,9-9-.---4-6-4-2---e,\\,Y,Y,[,],_,^,`,b,e,g,g,g,4(((K(A(<(8(6(5(3(3(5(7(;(<(<(;(;(;(;(<(<(;(;(;(;(:(;(<(;(<(<(<(<(<(=(=(U(E(6)a,R2H6F7<7d6L666g5]5W5V5T5W5c5.696:6;6;6>6>6=6<6<6=6=6>6>6=6>6=6?67(5(P(C*W,^-(.a-W-L-C-=-9-5-4-2-1-3-5-7-7-6-6-5-5-4-3-2-2-1-1-0-/-/-.-.-*(((1(?(I(K(J(H(D(B(@(>(=(<(<(;(;(;(;(<(<(<(<(<(=(<(<(=(<(=(=(=(=(=(=(=(","tint":"P7(("},"938":{"spec":".,>,T,8-:.M.=.9.C.a.g/f11455c484:4.5]5;6U6`6S6A68686?6D6D6;676:6@6G6J6M6?)e)B*N*[*R*E*B*F*P*++[+P,(-a,O,N,_,/-8-A-D-?-6-3-2-4-5-5-0-.-/-0-2-3-3-4(((K(A(;(8(6(5(4(4(5(8(:(;(;(9(9(:(;(<(=(=(=(<(=(<(<(=(<(=(=(=(=(=(=(=(U(E(6)a,R2H6F7<7d6L666g5]5W5V5T5W5c5.696:6;6;6>6>6=6<6<6=6=6>6>6=6>6=6?67(5(P(C*W,^-(.a-W-L-C-=-9-5-4-2-1-3-5-7-7-6-6-5-5-4-3-2-2-1-1-0-/-/-.-.-*(((1(?(I(K(J(H(D(B(@(>(=(<(<(;(;(;(;(<(<(<(<(<(=(<(<(=(<(=(=(=(=(=(=(=(","tint":"P7(("},"9380":{"spec":"F*O+8-Q/^2b4<5=5=5=5;5/5]4F4g3M3J3M3A373<3K3Q3L3H3M3b3=4S4Y4W4W4U4T4[4/5](P)T*Z+\\,5-2-0-/-.---(-a,V,J,?,<,;,5,0,1,6,8,4,3,4,;,D,L,M,L,K,J,I,K,R,/(((O(L(J(G(E(D(A(@(>(=(;(:(9(8(8(8(7(8(8(8(8(8(9(8(9(:(:(;(;(;(;(;(;(;(U(E(6)a,R2H6F7<7d6L666g5]5W5V5T5W5c5.696:6;6;6>6>6=6<6<6=6=6>6>6=6>6=6?67(5(P(C*W,^-(.a-W-L-C-=-9-5-4-2-1-3-5-7-7-6-6-5-5-4-3-2-2-1-1-0-/-/-.-.-*(((1(?(I(K(J(H(D(B(@(>(=(<(<(;(;(;(;(<(<(<(<(<(=(<(<(=(<(=(=(=(=(=(=(=(","tint":"P7(("},"9381":{"spec":"G*K+,-9/:274R4V4W4V4Q4C4/4V363Y2T2U2E26282E2I2C2>2D2Y253O3V3T3S3N3J3T3-4](N)N*N+L,d,b,a,a,_,\\,W,O,D,7,,,(,f+_+X+X+\\+^+Z+X+Z+a+*,3,5,4,3,1,/,2,:,/(((M(J(H(F(D(C(@(?(=(<(:(9(8(7(7(7(6(6(6(7(7(7(7(7(7(8(8(9(9(9(9(9(9(:(U(E(6)a,R2H6F7<7d6L666g5]5W5V5T5W5c5.696:6;6;6>6>6=6<6<6=6=6>6>6=6>6=6?67(5(P(C*W,^-(.a-W-L-C-=-9-5-4-2-1-3-5-7-7-6-6-5-5-4-3-2-2-1-1-0-/-/-.-.-*(((1(?(I(K(J(H(D(B(@(>(=(<(<(;(;(;(;(<(<(<(<(<(=(<(<(=(<(=(=(=(=(=(=(=(","tint":"P7(("},"9382":{"spec":"J*K+)-1/,2f3A4E4E4C4:4g3M3.3G2g1b1b1R1E1K1]1d1^1X1]142T223=3<3:343/393T3^(N)M*J+F,],\\,[,Z,X,T,L,B,5,f+Y+U+T+L+F+H+N+P+M+J+L+T+^+),,,+,*,g+e+(,1,/(((M(J(G(E(C(B(?(>(=(;(:(8(7(6(6(6(5(5(5(6(6(6(6(6(6(8(8(9(9(9(8(8(9(9(U(E(6)a,R2H6F7<7d6L666g5]5W5V5T5W5c5.696:6;6;6>6>6=6<6<6=6=6>6>6=6>6=6?67(5(P(C*W,^-(.a-W-L-C-=-9-5-4-2-1-3-5-7-7-6-6-5-5-4-3-2-2-1-1-0-/-/-.-.-*(((1(?(I(K(J(H(D(B(@(>(=(<(<(;(;(;(;(<(<(<(<(<(=(<(<(=(<(=(=(=(=(=(=(=(","tint":"P7(("},"9383":{"spec":"Q*P+)-,/a1U3-4041414,4^3J323S2824262)2^1c13292420252J2g2@3G3F3F3C3A3I3`3`(P)M*H+A,V,T,S,R,Q,N,I,A,6,*,_+\\+[+U+O+Q+V+X+U+S+T+\\+e+.,0,/,.,-,,,.,6,0(((M(I(G(D(C(A(?(>(<(;(:(8(8(6(6(6(6(6(6(6(6(6(7(6(7(8(8(9(9(9(9(9(9(9(U(E(6)a,R2H6F7<7d6L666g5]5W5V5T5W5c5.696:6;6;6>6>6=6<6<6=6=6>6>6=6>6=6?67(5(P(C*W,^-(.a-W-L-C-=-9-5-4-2-1-3-5-7-7-6-6-5-5-4-3-2-2-1-1-0-/-/-.-.-*(((1(?(I(K(J(H(D(B(@(>(=(<(<(;(;(;(;(<(<(<(<(<(=(<(<(=(<(=(=(=(=(=(=(=(","tint":"P7(("},"9384":{"spec":"=*F+/-H/U2Z45595;5;565)5W4@4a3F3B3D353)3+373;3632373L3g3>4D4B4B4>4<4D4[4Z(L)P*V+X,2-0-/-/---+-e,^,T,H,=,9,8,1,+,+,.,0,,,+,,,3,<,D,F,E,D,B,A,C,K,/(((N(K(I(G(E(D(A(@(>(<(;(:(9(8(8(8(7(7(7(8(8(8(8(8(8(:(9(:(:(:(:(:(:(;(U(E(6)a,R2H6F7<7d6L666g5]5W5V5T5W5c5.696:6;6;6>6>6=6<6<6=6=6>6>6=6>6=6?67(5(P(C*W,^-(.a-W-L-C-=-9-5-4-2-1-3-5-7-7-6-6-5-5-4-3-2-2-1-1-0-/-/-.-.-*(((1(?(I(K(J(H(D(B(@(>(=(<(<(;(;(;(;(<(<(<(<(<(=(<(<(=(<(=(=(=(=(=(=(=(","tint":"P7(("},"9385":{"spec":"J*F+\\,Y.H1;3T3X3[3\\3Y3Q3C313X2A2=2=2.2a1_1g1(2c1`1e172O2e2-3*3)3d2a2*3A3^(L)F*>+6,K,J,I,J,I,G,D,>,6,,,c+_+^+V+P+O+Q+R+N+M+O+U+]+d+f+e+d+b+`+c++,/(((L(H(E(C(B(A(>(=(<(:(9(8(8(6(6(6(6(6(6(6(6(6(6(6(6(8(7(8(8(8(8(8(8(9(U(E(6)a,R2H6F7<7d6L666g5]5W5V5T5W5c5.696:6;6;6>6>6=6<6<6=6=6>6>6=6>6=6?67(5(P(C*W,^-(.a-W-L-C-=-9-5-4-2-1-3-5-7-7-6-6-5-5-4-3-2-2-1-1-0-/-/-.-.-*(((1(?(I(K(J(H(D(B(@(>(=(<(<(;(;(;(;(<(<(<(<(<(=(<(<(=(<(=(=(=(=(=(=(=(","tint":"P7(("},"939":{"spec":"D+]+@,6-M.;/I/a/M0K1@2L282Y1X0Q/J/V082X3a5\\718M7+7\\6[6Z6T6F6=6=6B6F6H6K61)V)8*M*c*d*c**+;+Q+e+*,b+U+<+`*\\*7+Z+<,.-Y-a-R-E-?->-=-:-4-1-0-1-2-2-2-2(((H(A(<(:(9(8(8(9(:(9(8(6(5(3(2(4(6(8(;(>(?(>(>(=(=(>(=(=(=(=(=(=(=(=(U(E(6)a,R2H6F7<7d6L666g5]5W5V5T5W5c5.696:6;6;6>6>6=6<6<6=6=6>6>6=6>6=6?67(5(P(C*W,^-(.a-W-L-C-=-9-5-4-2-1-3-5-7-7-6-6-5-5-4-3-2-2-1-1-0-/-/-.-.-*(((1(?(I(K(J(H(D(B(@(>(=(<(<(;(;(;(;(<(<(<(<(<(=(<(<(=(<(=(=(=(=(=(=(=(","tint":"P7(("},"940":{"spec":"5+f++-Q.g0?2T2a2/383g232:1F0</8.-.U.9/(042F5E7M727b6`6`6Z6J6@6@6E6I6K6M6,)Z)N*:+g+3,1,4,9,;,4,`+J+5+Y*?*:*G*T*d*W+c,Q-R-H-A-@-?-<-6-2-1-2-3-3-3-1(((M(G(D(A(?(?(=(<(;(8(6(4(3(1(0(1(2(3(6(;(>(>(>(=(=(>(=(=(=(=(=(=(=(=(U(E(6)a,R2H6F7<7d6L666g5]5W5V5T5W5c5.696:6;6;6>6>6=6<6<6=6=6>6>6=6>6=6?67(5(P(C*W,^-(.a-W-L-C-=-9-5-4-2-1-3-5-7-7-6-6-5-5-4-3-2-2-1-1-0-/-/-.-.-*(((1(?(I(K(J(H(D(B(@(>(=(<(<(;(;(;(;(<(<(<(<(<(=(<(<(=(<(=(=(=(=(=(=(=(","tint":"P7(("},"9400":{"spec":";*E+/-H/V2\\47595:5<5;525c4P464\\3V3S3@3-3f2*3g2_2]2c243M3d3)4f3c3]3X3a3:4Y(K)P*V+Y,2-1-/-.-----)-c,Z,P,E,A,>,5,,,),*,),d+c+e++,3,;,<,;,9,6,4,7,?,/(((N(K(I(G(E(D(A(@(>(=(<(:(:(8(8(8(7(8(7(7(7(7(8(7(8(9(9(:(:(9(9(9(9(:(U(E(6)a,R2H6F7<7d6L666g5]5W5V5T5W5c5.696:6;6;6>6>6=6<6<6=6=6>6>6=6>6=6?67(5(P(C*W,^-(.a-W-L-C-=-9-5-4-2-1-3-5-7-7-6-6-5-5-4-3-2-2-1-1-0-/-/-.-.-*(((1(?(I(K(J(H(D(B(@(>(=(<(<(;(;(;(;(<(<(<(<(<(=(<(<(=(<(=(=(=(=(=(=(=(","tint":"P7(("},"9401":{"spec":"E*O+9-R/`2e4A5C5D5D5@565f4R464\\3U3R3>3+3d2(3e2]2Z2`213J3a3g3d3a3Z3T3]384\\(P)U*[+],6-4-2-2-0-.-*-d,[,P,E,@,=,4,+,),),(,c+b+d+*,2,:,;,:,8,5,2,5,>,/(((O(L(J(G(E(D(A(@(?(=(<(:(:(8(8(8(7(7(7(7(7(7(8(7(8(9(9(:(9(9(9(9(9(:(U(E(6)a,R2H6F7<7d6L666g5]5W5V5T5W5c5.696:6;6;6>6>6=6<6<6=6=6>6>6=6>6=6?67(5(P(C*W,^-(.a-W-L-C-=-9-5-4-2-1-3-5-7-7-6-6-5-5-4-3-2-2-1-1-0-/-/-.-.-*(((1(?(I(K(J(H(D(B(@(>(=(<(<(;(;(;(;(<(<(<(<(<(=(<(<(=(<(=(=(=(=(=(=(=(","tint":"P7(("},"9402":{"spec":"T*Y+<-M/P2M4g4)5)5*5(5_4R4@4(4Q3K3I373f2`2d2`2Y2V2\\2-3D3Y3_3\\3Y3T3N3X314a(T)V*X+V,,-*-(-(-g,e,b,\\,T,J,A,=,:,1,*,g+(,f+b+a+c+(,0,7,8,7,5,3,0,3,<,0(((O(L(I(F(E(C(@(?(>(<(;(:(9(8(8(8(7(7(7(7(7(7(8(7(7(9(8(9(9(9(9(9(9(:(U(E(6)a,R2H6F7<7d6L666g5]5W5V5T5W5c5.696:6;6;6>6>6=6<6<6=6=6>6>6=6>6=6?67(5(P(C*W,^-(.a-W-L-C-=-9-5-4-2-1-3-5-7-7-6-6-5-5-4-3-2-2-1-1-0-/-/-.-.-*(((1(?(I(K(J(H(D(B(@(>(=(<(<(;(;(;(;(<(<(<(<(<(=(<(<(=(<(=(=(=(=(=(=(=(","tint":"P7(("},"9403":{"spec":"O*O+*-./e1[35494;4<4:414c3R393b2\\2Y2F242-212.2g1d1*2;2R2)303-3*3c2^2g2A3`(P)M*I+C,X,W,V,V,U,T,P,K,C,9,/,+,(,_+W+T+U+T+P+O+P+V+^+f+g+f+d+a+_+b++,/(((M(I(G(D(C(B(?(>(=(;(:(9(8(7(7(7(6(6(6(6(6(6(7(6(6(8(7(8(8(8(8(8(8(9(U(E(6)a,R2H6F7<7d6L666g5]5W5V5T5W5c5.696:6;6;6>6>6=6<6<6=6=6>6>6=6>6=6?67(5(P(C*W,^-(.a-W-L-C-=-9-5-4-2-1-3-5-7-7-6-6-5-5-4-3-2-2-1-1-0-/-/-.-.-*(((1(?(I(K(J(H(D(B(@(>(=(<(<(;(;(;(;(<(<(<(<(<(=(<(<(=(<(=(=(=(=(=(=(=(","tint":"P7(("},"941":{"spec":"X*Z+8-A/?254P4R4B4c3-3b1_0b/S.R-F-[-^-4.30V3B6g6U6H6H6J6F686.6-6/62656;6c(T)T*R+O,c,a,`,Y,K,6,Z+@+(+I*0*+*2*2*9*(+:,9-D-=-8-7-7-5-/-+-*-*-+-+---0(((O(K(H(E(D(B(?(=(;(8(5(4(2(0(0(0(0(1(3(8(<(=(>(<(<(=(<(=(=(=(=(=(=(=(U(E(6)a,R2H6F7<7d6L666g5]5W5V5T5W5c5.696:6;6;6>6>6=6<6<6=6=6>6>6=6>6=6?67(5(P(C*W,^-(.a-W-L-C-=-9-5-4-2-1-3-5-7-7-6-6-5-5-4-3-2-2-1-1-0-/-/-.-.-*(((1(?(I(K(J(H(D(B(@(>(=(<(<(;(;(;(;(<(<(<(<(<(=(<(<(=(<(=(=(=(=(=(=(=(","tint":"P7(("},"942":{"spec":".*2+S,`.b1e3L4T4I404E3G2L1P0B/A...0.[-U-R.30\\0M0?0;0?0P0f0-1e0Y0C020;0^0U(C)A*B+B,\\,`,`,[,P,@,(,Q+9+[*B*:*:*1*.*D*g*6+/+*+(+)+/+7+8+5+0+(+b*e*1+.(((J(H(G(E(D(C(?(>(;(8(7(5(3(1(0(0(0(0(1(3(4(4(4(4(4(5(5(5(5(5(4(4(4(5(U(E(6)a,R2H6F7<7d6L666g5]5W5V5T5W5c5.696:6;6;6>6>6=6<6<6=6=6>6>6=6>6=6?67(5(P(C*W,^-(.a-W-L-C-=-9-5-4-2-1-3-5-7-7-6-6-5-5-4-3-2-2-1-1-0-/-/-.-.-*(((1(?(I(K(J(H(D(B(@(>(=(<(<(;(;(;(;(<(<(<(<(<(=(<(<(=(<(=(=(=(=(=(=(=(","tint":"P7(("},"9420":{"spec":":*D+--F/S2Z485=5@5A5?575+5[4B4*4b3[3C3+3]2[2T2J2H2M2^253L3R3M3I3@393C3a3Y(K)O*U+W,2-1-0-1-/-.-+-f,^,T,J,E,@,6,+,f+d+b+\\+\\+]+c+*,2,4,2,/,,,),,,6,.(((M(K(I(G(E(D(A(@(?(=(<(;(:(9(8(8(7(7(7(7(7(7(7(7(7(8(8(9(9(9(9(8(9(9(U(E(6)a,R2H6F7<7d6L666g5]5W5V5T5W5c5.696:6;6;6>6>6=6<6<6=6=6>6>6=6>6=6?67(5(P(C*W,^-(.a-W-L-C-=-9-5-4-2-1-3-5-7-7-6-6-5-5-4-3-2-2-1-1-0-/-/-.-.-*(((1(?(I(K(J(H(D(B(@(>(=(<(<(;(;(;(;(<(<(<(<(<(=(<(<(=(<(=(=(=(=(=(=(=(","tint":"P7(("},"9421":{"spec":"F*K+.->/C2A4]4b4d4e4c4\\4P4@4)4Q3I3C3*3R2D2B2:212/242D2[223834303f2_2)3G3](N)O*Q+P,(-f,f,f,e,c,`,\\,T,K,A,<,8,-,b+]+[+X+S+S+T+Y+a+),*,),f+b+`+c+-,/(((N(K(H(F(D(C(@(?(>(<(;(:(:(8(8(8(7(7(7(7(6(6(7(6(7(8(8(8(8(8(8(8(8(9(U(E(6)a,R2H6F7<7d6L666g5]5W5V5T5W5c5.696:6;6;6>6>6=6<6<6=6=6>6>6=6>6=6?67(5(P(C*W,^-(.a-W-L-C-=-9-5-4-2-1-3-5-7-7-6-6-5-5-4-3-2-2-1-1-0-/-/-.-.-*(((1(?(I(K(J(H(D(B(@(>(=(<(<(;(;(;(;(<(<(<(<(<(=(<(<(=(<(=(=(=(=(=(=(=(","tint":"P7(("},"9422":{"spec":"I*H+b,d.Z1O3*4/4244434-4b3S3<3f2_2Y2C2+2_1_1Y1R1Q1X1)2@2V2[2W2S2M2J2V213^(L)I*D+>,S,S,R,S,R,Q,O,J,C,:,0,,,(,^+T+O+N+L+H+H+J+P+W+_+`+^+\\+Y+X+\\+e+/(((L(I(F(D(B(A(?(>(=(;(:(9(8(7(7(7(6(6(6(6(6(5(6(6(6(7(7(8(8(8(8(7(8(8(U(E(6)a,R2H6F7<7d6L666g5]5W5V5T5W5c5.696:6;6;6>6>6=6<6<6=6=6>6>6=6>6=6?67(5(P(C*W,^-(.a-W-L-C-=-9-5-4-2-1-3-5-7-7-6-6-5-5-4-3-2-2-1-1-0-/-/-.-.-*(((1(?(I(K(J(H(D(B(@(>(=(<(<(;(;(;(;(<(<(<(<(<(=(<(<(=(<(=(=(=(=(=(=(=(","tint":"P7(("},"9423":{"spec":"Q*G+T,E.(1O2g2*3,3033303f2X2C2-2e1_1I131g0f0`0X0V0Z0)1?1V1^1[1W1M1F1P1,2`(L)B*5+(,:,9,8,8,8,9,7,3,-,d+[+V+R+I+?+;+:+7+3+2+3+9+@+H+J+I+G+C+@+C+L+0(((K(F(D(B(@(?(=(<(;(:(9(8(7(6(6(5(5(5(5(5(4(4(5(4(5(6(6(6(6(6(6(6(6(7(U(E(6)a,R2H6F7<7d6L666g5]5W5V5T5W5c5.696:6;6;6>6>6=6<6<6=6=6>6>6=6>6=6?67(5(P(C*W,^-(.a-W-L-C-=-9-5-4-2-1-3-5-7-7-6-6-5-5-4-3-2-2-1-1-0-/-/-.-.-*(((1(?(I(K(J(H(D(B(@(>(=(<(<(;(;(;(;(<(<(<(<(<(=(<(<(=(<(=(=(=(=(=(=(=(","tint":"P7(("},"9424":{"spec":"4*8+Z,(/*2,4J4S4Y4^4b4c4a4\\4Q4@424_393P2/2]1M1A1C1L1Z1.2B2F2>262.2*292W2W(E)E*F+E,_,_,`,b,b,c,c,b,_,Z,R,K,B,2,b+U+N+H+B+C+F+J+Q+X+X+U+R+N+M+R+\\+.(((K(I(G(E(D(B(@(?(>(<(<(;(:(9(9(8(7(7(6(6(5(5(6(5(6(7(7(7(7(7(7(7(7(8(U(E(6)a,R2H6F7<7d6L666g5]5W5V5T5W5c5.696:6;6;6>6>6=6<6<6=6=6>6>6=6>6=6?67(5(P(C*W,^-(.a-W-L-C-=-9-5-4-2-1-3-5-7-7-6-6-5-5-4-3-2-2-1-1-0-/-/-.-.-*(((1(?(I(K(J(H(D(B(@(>(=(<(<(;(;(;(;(<(<(<(<(<(=(<(<(=(<(=(=(=(=(=(=(=(","tint":"P7(("},"9440":{"spec":"5*<+a,4/<2?4]4b4c4+53525(5Y4A4e3V3D3_282_1S1E18171<1J1a1;2C2>262g1\\1(2L2W(G)I*L+M,g,f,f,e,g,)-)-e,^,T,H,A,8,),Y+O+J+E+?+>+@+D+L+U+W+U+R+L+H+L+X+.(((L(J(H(F(D(C(@(?(>(=(<(;(:(9(8(8(7(6(6(6(5(5(6(5(5(7(6(7(7(7(7(6(7(7(U(E(6)a,R2H6F7<7d6L666g5]5W5V5T5W5c5.696:6;6;6>6>6=6<6<6=6=6>6>6=6>6=6?67(5(P(C*W,^-(.a-W-L-C-=-9-5-4-2-1-3-5-7-7-6-6-5-5-4-3-2-2-1-1-0-/-/-.-.-*(((1(?(I(K(J(H(D(B(@(>(=(<(<(;(;(;(;(<(<(<(<(<(=(<(<(=(<(=(=(=(=(=(=(=(","tint":"P7(("},"9441":{"spec":"4*=+e,=/K2P40585<5>5>585-5^4G4,4\\3H3`272[1N1?13121:1I1`192@29202d1^1,2N2W(G)K*P+T,.-.-.-/-.-.-+-g,_,V,K,C,9,),X+N+H+C+=+=+?+D+L+T+V+S+P+K+H+M+Y+.(((M(J(I(F(E(D(A(@(?(=(<(;(:(9(8(8(7(6(6(5(5(5(5(5(5(6(6(7(7(7(7(6(7(7(U(E(6)a,R2H6F7<7d6L666g5]5W5V5T5W5c5.696:6;6;6>6>6=6<6<6=6=6>6>6=6>6=6?67(5(P(C*W,^-(.a-W-L-C-=-9-5-4-2-1-3-5-7-7-6-6-5-5-4-3-2-2-1-1-0-/-/-.-.-*(((1(?(I(K(J(H(D(B(@(>(=(<(<(;(;(;(;(<(<(<(<(<(=(<(<(=(<(=(=(=(=(=(=(=(","tint":"P7(("},"9442":{"spec":"E*G+e,//+2g3E4L4Q4T4T4O4G4;4g3P3A3/3I2a1F191+1_0`0(171O1e1+2d1[1R1M1]1=2\\(L)K*I+F,],],],_,^,^,[,X,R,J,@,9,0,`+P+F+@+;+6+6+9+>+F+M+O+L+H+D+B+H+R+/(((M(I(G(E(C(B(@(?(=(<(;(:(9(8(8(7(6(6(5(5(5(4(5(5(5(6(6(7(7(6(6(6(6(7(U(E(6)a,R2H6F7<7d6L666g5]5W5V5T5W5c5.696:6;6;6>6>6=6<6<6=6=6>6>6=6>6=6?67(5(P(C*W,^-(.a-W-L-C-=-9-5-4-2-1-3-5-7-7-6-6-5-5-4-3-2-2-1-1-0-/-/-.-.-*(((1(?(I(K(J(H(D(B(@(>(=(<(<(;(;(;(;(<(<(<(<(<(=(<(<(=(<(=(=(=(=(=(=(=(","tint":"P7(("},"9443":{"spec":"E*?+R,M.91)3C3K3P3S3S3P3H3<3)3R2F262T111Z0P0D09090@0O0e0<1B1=151+1f041R1\\(H)A*8+/,D,D,D,F,E,E,C,@,:,3,),c+[+M+?+6+1+-+(+(+*+/+6+>+@+>+:+6+4+9+C+/(((J(G(E(C(A(@(>(=(<(:(9(8(8(7(6(6(5(5(4(4(4(4(4(4(4(5(5(6(6(5(5(5(5(6(U(E(6)a,R2H6F7<7d6L666g5]5W5V5T5W5c5.696:6;6;6>6>6=6<6<6=6=6>6>6=6>6=6?67(5(P(C*W,^-(.a-W-L-C-=-9-5-4-2-1-3-5-7-7-6-6-5-5-4-3-2-2-1-1-0-/-/-.-.-*(((1(?(I(K(J(H(D(B(@(>(=(<(<(;(;(;(;(<(<(<(<(<(=(<(<(=(<(=(=(=(=(=(=(=(","tint":"P7(("},"9460":{"spec":"G*R+=-X/(3.5I5N5R5T5V5V5T5P5F58505e4J4,4R3C353*3*313<3L3^3a3[3V3N3G3Q3-4](Q)W*^+a,:-8-7-8-7-7-7-6-2-.-g,b,\\,P,C,9,3,.,(,(,*,.,3,9,9,7,4,1,.,1,:,/(((O(L(J(H(F(D(B(@(?(>(=(<(<(:(:(:(9(9(8(8(8(7(8(8(8(9(9(9(9(9(9(9(9(:(U(E(6)a,R2H6F7<7d6L666g5]5W5V5T5W5c5.696:6;6;6>6>6=6<6<6=6=6>6>6=6>6=6?67(5(P(C*W,^-(.a-W-L-C-=-9-5-4-2-1-3-5-7-7-6-6-5-5-4-3-2-2-1-1-0-/-/-.-.-*(((1(?(I(K(J(H(D(B(@(>(=(<(<(;(;(;(;(<(<(<(<(<(=(<(<(=(<(=(=(=(=(=(=(=(","tint":"P7(("},"9461":{"spec":"C*F+f,2/22.4J4P4S4Y4_4b4`4[4N4;4*4T3*3?2]1J171)1(1-171J1a1)2b1Z1K1?1J1,2\\(L)K*K+I,`,_,_,_,`,b,c,b,^,Y,P,H,>,-,[+O+G+@+9+9+:+>+D+L+N+K+H+B+=+A+L+/(((M(J(G(E(D(B(@(?(>(<(<(;(:(9(9(8(7(7(6(5(5(5(5(5(5(6(6(7(7(6(6(6(6(7(U(E(6)a,R2H6F7<7d6L666g5]5W5V5T5W5c5.696:6;6;6>6>6=6<6<6=6=6>6>6=6>6=6?67(5(P(C*W,^-(.a-W-L-C-=-9-5-4-2-1-3-5-7-7-6-6-5-5-4-3-2-2-1-1-0-/-/-.-.-*(((1(?(I(K(J(H(D(B(@(>(=(<(<(;(;(;(;(<(<(<(<(<(=(<(<(=(<(=(=(=(=(=(=(=(","tint":"P7(("},"9462":{"spec":"L*G+\\,Y.H183R3W3[3a3)4-4,4(4]3L3<3g2?2W161d0R0E0D0I0R0e0;1C1>151g0[0f0H1_(L)F*>+6,J,I,I,J,K,M,O,N,K,F,?,7,-,]+M+@+9+2+,+,+-+0+6+>+@+>+:+5+1+4+@+/(((L(H(E(C(B(A(>(=(<(;(:(9(9(8(8(7(6(6(5(5(4(4(4(4(4(5(5(6(6(5(5(5(5(6(U(E(6)a,R2H6F7<7d6L666g5]5W5V5T5W5c5.696:6;6;6>6>6=6<6<6=6=6>6>6=6>6=6?67(5(P(C*W,^-(.a-W-L-C-=-9-5-4-2-1-3-5-7-7-6-6-5-5-4-3-2-2-1-1-0-/-/-.-.-*(((1(?(I(K(J(H(D(B(@(>(=(<(<(;(;(;(;(<(<(<(<(<(=(<(<(=(<(=(=(=(=(=(=(=(","tint":"P7(("},"9463":{"spec":"H*B+T,M.91f2?3E3I3N3Q3S3S3P3G393.3]2=2[1?1.1_0S0S0X0b041H1O1J1C171-171V1](J)B*8+/,C,B,B,C,C,D,E,D,B,>,8,2,),\\+N+D+<+7+1+1+3+6+<+C+E+C+?+;+7+:+E+/(((K(G(E(B(A(@(>(=(<(:(:(9(9(8(7(7(6(6(5(5(4(4(5(4(4(5(5(6(6(6(6(5(6(6(U(E(6)a,R2H6F7<7d6L666g5]5W5V5T5W5c5.696:6;6;6>6>6=6<6<6=6=6>6>6=6>6=6?67(5(P(C*W,^-(.a-W-L-C-=-9-5-4-2-1-3-5-7-7-6-6-5-5-4-3-2-2-1-1-0-/-/-.-.-*(((1(?(I(K(J(H(D(B(@(>(=(<(<(;(;(;(;(<(<(<(<(<(=(<(<(=(<(=(=(=(=(=(=(=(","tint":"P7(("},"9464":{"spec":"1*8+^,3/>2C4+585>5B5C5A5;5/5Y484T3f2a1`010V/?/./,/1/;/P/,060/0c/N/?/L/50V(E)G*K+N,(-,-.-0-0-0-/-,-f,],O,@,-,R+8+g*\\*T*M*L*M*Q*X*b*e*b*]*U*P*T*b*.(((L(J(H(F(E(D(A(@(?(=(<(;(;(9(8(7(5(4(3(3(2(2(2(2(2(3(3(4(4(4(3(3(3(4(U(E(6)a,R2H6F7<7d6L666g5]5W5V5T5W5c5.696:6;6;6>6>6=6<6<6=6=6>6>6=6>6=6?67(5(P(C*W,^-(.a-W-L-C-=-9-5-4-2-1-3-5-7-7-6-6-5-5-4-3-2-2-1-1-0-/-/-.-.-*(((1(?(I(K(J(H(D(B(@(>(=(<(<(;(;(;(;(<(<(<(<(<(=(<(<(=(<(=(=(=(=(=(=(=(","tint":"P7(("},"9480":{"spec":"4*9+\\,,/3224R4\\4g455B5H5H5D5:5)5^4P404M3,3R252^1X1[1d142I2V2\\2^2Z2U2\\263W(F)F*H+I,b,b,c,g,+-/-1-1-.-)-b,\\,T,F,8,+,a+V+M+J+K+N+S+Z+^+`+`+^+\\+^+g+.(((L(I(H(E(D(C(@(@(?(=(=(<(;(:(:(9(8(8(7(7(6(6(6(6(6(7(7(8(8(8(8(8(8(8(U(E(6)a,R2H6F7<7d6L666g5]5W5V5T5W5c5.696:6;6;6>6>6=6<6<6=6=6>6>6=6>6=6?67(5(P(C*W,^-(.a-W-L-C-=-9-5-4-2-1-3-5-7-7-6-6-5-5-4-3-2-2-1-1-0-/-/-.-.-*(((1(?(I(K(J(H(D(B(@(>(=(<(<(;(;(;(;(<(<(<(<(<(=(<(<(=(<(=(=(=(=(=(=(=(","tint":"P7(("},"9481":{"spec":"9*?+b,3/8294[4(555B5I5L5J5E5:5)5\\4K4g3?3\\2A2d1M1H1M1X1)2=2J2N2P2P2O2Z223X(H)I*K+K,d,f,(-,-0-2-3-2-.-)-b,[,R,C,3,f+[+P+F+E+F+I+O+V+Z+[+[+Z+Z+]+e+.(((L(J(H(F(D(C(A(@(?(=(=(<(;(:(:(9(8(8(7(7(6(5(6(5(6(7(6(7(8(8(8(8(8(8(U(E(6)a,R2H6F7<7d6L666g5]5W5V5T5W5c5.696:6;6;6>6>6=6<6<6=6=6>6>6=6>6=6?67(5(P(C*W,^-(.a-W-L-C-=-9-5-4-2-1-3-5-7-7-6-6-5-5-4-3-2-2-1-1-0-/-/-.-.-*(((1(?(I(K(J(H(D(B(@(>(=(<(<(;(;(;(;(<(<(<(<(<(=(<(<(=(<(=(=(=(=(=(=(=(","tint":"P7(("},"9482":{"spec":":*9+S,X.P1H3*464B4N4V4Y4Y4U4L4<404a3@3\\2<2c1H121,1/181G1]1*2/202+2c1,2F2Y(F)A*>+:,Q,S,U,Y,\\,^,_,_,\\,X,Q,J,C,5,f+Z+P+F+=+:+;+>+C+J+N+P+P+M+J+M+V+.(((J(H(F(D(B(B(?(>(=(<(;(:(:(9(9(8(7(7(6(6(5(5(5(5(5(6(6(7(7(7(7(7(7(7(U(E(6)a,R2H6F7<7d6L666g5]5W5V5T5W5c5.696:6;6;6>6>6=6<6<6=6=6>6>6=6>6=6?67(5(P(C*W,^-(.a-W-L-C-=-9-5-4-2-1-3-5-7-7-6-6-5-5-4-3-2-2-1-1-0-/-/-.-.-*(((1(?(I(K(J(H(D(B(@(>(=(<(<(;(;(;(;(<(<(<(<(<(=(<(<(=(<(=(=(=(=(=(=(=(","tint":"P7(("},"9483":{"spec":"M*D+Q,C.g0N2g20393B3H3L3N3L3G3=38303\\2E2.2]1I19161:1B1P1a1+2.202/2+222G2_(K)@*4+g+9,9,:,=,?,A,B,C,@,>,9,5,1,g+]+U+N+F+?+>+?+B+F+L+O+P+P+O+M+O+V+/(((J(F(D(B(@(?(=(<(;(:(:(9(9(8(8(7(7(7(6(6(5(5(5(5(5(6(6(7(7(7(7(7(7(7(U(E(6)a,R2H6F7<7d6L666g5]5W5V5T5W5c5.696:6;6;6>6>6=6<6<6=6=6>6>6=6>6=6?67(5(P(C*W,^-(.a-W-L-C-=-9-5-4-2-1-3-5-7-7-6-6-5-5-4-3-2-2-1-1-0-/-/-.-.-*(((1(?(I(K(J(H(D(B(@(>(=(<(<(;(;(;(;(<(<(<(<(<(=(<(<(=(<(=(=(=(=(=(=(=(","tint":"P7(("},"9500":{"spec":"/*0+L,T.P1M354I4`455A5G5G5C585g4[4J4(4@3X232H1f0Z0\\0d011G1[1+272=2=2D2W2U(B)>*<+:,S,W,\\,d,+-/-1-1---)-a,[,R,D,3,d+V+F+8+4+4+7+;+B+I+N+R+T+S+U+\\+.(((J(G(F(D(C(B(@(@(?(=(<(<(;(:(:(9(8(8(7(6(5(5(5(4(4(5(5(6(7(7(7(7(7(8(U(E(6)a,R2H6F7<7d6L666g5]5W5V5T5W5c5.696:6;6;6>6>6=6<6<6=6=6>6>6=6>6=6?67(5(P(C*W,^-(.a-W-L-C-=-9-5-4-2-1-3-5-7-7-6-6-5-5-4-3-2-2-1-1-0-/-/-.-.-*(((1(?(I(K(J(H(D(B(@(>(=(<(<(;(;(;(;(<(<(<(<(<(=(<(<(=(<(=(=(=(=(=(=(=(","tint":"P7(("},"9501":{"spec":"8*0+@,6.^0L2-3>3Q3d31484:474/4b3X3J3-3K2(2H1a0B07080?0K0`041B1N1Q1N1R1f1X(B)8*-+c+8,;,?,F,L,P,S,S,Q,M,G,A,:,.,`+S+F+8+++g*g*)+-+4+;+@+C+D+C+D+J+.(((H(E(C(A(@(@(>(=(<(;(;(:(:(9(8(8(7(7(6(5(4(4(4(4(4(5(4(5(6(6(6(6(6(7(U(E(6)a,R2H6F7<7d6L666g5]5W5V5T5W5c5.696:6;6;6>6>6=6<6<6=6=6>6>6=6>6=6?67(5(P(C*W,^-(.a-W-L-C-=-9-5-4-2-1-3-5-7-7-6-6-5-5-4-3-2-2-1-1-0-/-/-.-.-*(((1(?(I(K(J(H(D(B(@(>(=(<(<(;(;(;(;(<(<(<(<(<(=(<(<(=(<(=(=(=(=(=(=(=(","tint":"P7(("},"9502":{"spec":"O*I+],W.E123P3Z3f31494<4=4<464,4)4f3V3A3,3V2<2e1^1a1(242E2Q2\\2d2)3*3.3>3`(M)F*=+5,H,I,J,N,Q,S,T,T,S,P,K,H,E,=,3,+,b+Y+O+M+M+O+S+Y+\\+`+b+c+c+d+*,/(((L(H(E(C(B(A(>(>(=(;(;(:(:(9(9(8(8(8(7(7(6(6(6(6(6(7(7(8(8(8(8(8(8(9(U(E(6)a,R2H6F7<7d6L666g5]5W5V5T5W5c5.696:6;6;6>6>6=6<6<6=6=6>6>6=6>6=6?67(5(P(C*W,^-(.a-W-L-C-=-9-5-4-2-1-3-5-7-7-6-6-5-5-4-3-2-2-1-1-0-/-/-.-.-*(((1(?(I(K(J(H(D(B(@(>(=(<(<(;(;(;(;(<(<(<(<(<(=(<(<(=(<(=(=(=(=(=(=(=(","tint":"P7(("},"9503":{"spec":"I*?+L,>.b0J2d2.393C3J3N3P3O3K3C3A3?333b2O2=2e1R1L1O1V1b112=2E2N2T2T2X2f2^(H)>*1+e+8,8,9,=,?,A,C,C,A,?,;,9,6,0,(,a+Y+Q+H+F+G+I+L+R+U+X+Z+\\+\\+]+a+/(((J(F(D(A(@(?(=(<(;(:(:(9(9(8(8(8(7(7(7(6(6(5(6(5(6(7(6(7(7(8(8(8(8(8(U(E(6)a,R2H6F7<7d6L666g5]5W5V5T5W5c5.696:6;6;6>6>6=6<6<6=6=6>6>6=6>6=6?67(5(P(C*W,^-(.a-W-L-C-=-9-5-4-2-1-3-5-7-7-6-6-5-5-4-3-2-2-1-1-0-/-/-.-.-*(((1(?(I(K(J(H(D(B(@(>(=(<(<(;(;(;(;(<(<(<(<(<(=(<(<(=(<(=(=(=(=(=(=(=(","tint":"P7(("},"9504":{"spec":"@*4+?,..O052O2Y2c2,33373838333*3g2b2Q2=2)2X1D131/121;1G1W1b1f1+2,2*202B2[(C)7*)+]+/,/,1,4,6,9,:,:,9,6,2,/,+,c+[+S+L+D+=+;+<+?+C+H+K+M+N+N+M+N+T+/(((H(E(C(A(?(>(<(<(;(:(9(8(8(7(7(7(6(6(6(6(5(5(5(5(5(6(6(7(7(7(7(7(7(7(U(E(6)a,R2H6F7<7d6L666g5]5W5V5T5W5c5.696:6;6;6>6>6=6<6<6=6=6>6>6=6>6=6?67(5(P(C*W,^-(.a-W-L-C-=-9-5-4-2-1-3-5-7-7-6-6-5-5-4-3-2-2-1-1-0-/-/-.-.-*(((1(?(I(K(J(H(D(B(@(>(=(<(<(;(;(;(;(<(<(<(<(<(=(<(<(=(<(=(=(=(=(=(=(=(","tint":"P7(("},"9520":{"spec":"**-+N,\\.]1`3D4W4,5=5H5N5O5M5G5>5>5@565g4P414H3f2W2W2^2e263I3^334E4M4L4O4S(@)?*@+?,Z,],b,)-.-1-3-4-1-.-*-(-f,`,Y,P,D,5,g+a+a+c+e+*,0,8,>,D,G,F,F,.(((J(H(F(E(C(C(@(@(?(=(=(<(<(;(:(:(:(:(:(9(8(7(8(7(7(8(8(9(9(:(:(:(:(:(U(E(6)a,R2H6F7<7d6L666g5]5W5V5T5W5c5.696:6;6;6>6>6=6<6<6=6=6>6>6=6>6=6?67(5(P(C*W,^-(.a-W-L-C-=-9-5-4-2-1-3-5-7-7-6-6-5-5-4-3-2-2-1-1-0-/-/-.-.-*(((1(?(I(K(J(H(D(B(@(>(=(<(<(;(;(;(;(<(<(<(<(<(=(<(<(=(<(=(=(=(=(=(=(=(","tint":"P7(("},"9521":{"spec":"f)e*@,C.<173Y3)4;4K4U4Z4\\4\\4W4O4P4T4L4@4-4S303R2F2G2N2V2e273I3\\3.4545494R(=)8*4+1,J,L,P,V,[,^,`,`,_,\\,X,V,V,Q,K,C,9,,,_+[+[+]+_+d+*,0,6,<,>,>,>,.(((H(F(E(C(B(A(?(>(=(<(;(;(;(:(9(9(9(9(9(8(8(7(7(7(7(8(7(8(9(9(:(:(:(:(U(E(6)a,R2H6F7<7d6L666g5]5W5V5T5W5c5.696:6;6;6>6>6=6<6<6=6=6>6>6=6>6=6?67(5(P(C*W,^-(.a-W-L-C-=-9-5-4-2-1-3-5-7-7-6-6-5-5-4-3-2-2-1-1-0-/-/-.-.-*(((1(?(I(K(J(H(D(B(@(>(=(<(<(;(;(;(;(<(<(<(<(<(=(<(<(=(<(=(=(=(=(=(=(=(","tint":"P7(("},"9522":{"spec":"G*A+U,Q.?1/3M3Y3(454=4B4D4C4?494:4>49404a3L3/3V2L2M2T2]2*383I3X3g3/40454](I)B*:+2,G,G,J,O,R,U,W,W,U,S,P,N,M,J,E,?,6,,,a+]+]+_+b+f+*,0,5,:,<,<,=,/(((K(G(E(C(A(A(>(>(=(<(;(:(:(9(9(9(9(9(9(8(8(7(7(7(7(8(7(8(9(9(:(:(:(:(U(E(6)a,R2H6F7<7d6L666g5]5W5V5T5W5c5.696:6;6;6>6>6=6<6<6=6=6>6>6=6>6=6?67(5(P(C*W,^-(.a-W-L-C-=-9-5-4-2-1-3-5-7-7-6-6-5-5-4-3-2-2-1-1-0-/-/-.-.-*(((1(?(I(K(J(H(D(B(@(>(=(<(<(;(;(;(;(<(<(<(<(<(=(<(<(=(<(=(=(=(=(=(=(=(","tint":"P7(("},"9523":{"spec":"O*F+V,J.11Z253@3K3V3^3b3d3d3a3[3^3c3_3X3L3<3e2P2H2J2Q2Z2f223?3N3[3c3c3)4`(L)C*7+,,>,>,@,D,F,I,J,K,I,H,D,D,C,@,<,7,0,(,_+\\+\\+^+a+e+(,-,1,5,8,7,9,/(((K(G(D(B(A(@(>(=(<(;(:(9(9(8(8(8(8(8(8(8(7(7(7(7(7(8(7(8(9(9(9(9(9(:(U(E(6)a,R2H6F7<7d6L666g5]5W5V5T5W5c5.696:6;6;6>6>6=6<6<6=6=6>6>6=6>6=6?67(5(P(C*W,^-(.a-W-L-C-=-9-5-4-2-1-3-5-7-7-6-6-5-5-4-3-2-2-1-1-0-/-/-.-.-*(((1(?(I(K(J(H(D(B(@(>(=(<(<(;(;(;(;(<(<(<(<(<(=(<(<(=(<(=(=(=(=(=(=(=(","tint":"P7(("},"9524":{"spec":"c)X*c+Q-00_1N263b3L4g455:58505c4Z4O424L3Y2Y1P0Y/A/=/@/G/]/=0b0C1\\1f1`1f1Q(7))*[*O+f+/,<,M,[,e,*-,-)-f,`,Z,T,G,8,e+L+1+\\*T*R*S*U*\\*g*4+?+H+K+I+J+-(((E(C(A(@(?(?(>(>(>(=(<(;(;(:(:(9(8(8(7(6(4(3(3(2(2(3(3(4(5(6(6(7(6(7(U(E(6)a,R2H6F7<7d6L666g5]5W5V5T5W5c5.696:6;6;6>6>6=6<6<6=6=6>6>6=6>6=6?67(5(P(C*W,^-(.a-W-L-C-=-9-5-4-2-1-3-5-7-7-6-6-5-5-4-3-2-2-1-1-0-/-/-.-.-*(((1(?(I(K(J(H(D(B(@(>(=(<(<(;(;(;(;(<(<(<(<(<(=(<(<(=(<(=(=(=(=(=(=(=(","tint":"P7(("},"9525":{"spec":"c)d*A,H.F1C3b314A4R4d465C5H5D5=5@5F5B5;505b4M4;45484B4K4V4^4g445B5I5K5O5Q(<)8*6+5,O,P,S,X,],d,*-/-/---)-(-(-e,`,\\,V,N,E,C,D,G,I,M,O,R,V,Z,\\,\\,],-(((H(G(E(D(B(A(?(?(>(=(<(<(<(;(;(:(:(;(:(:(:(9(:(9(9(:(:(;(;(;(<(<(<(<(U(E(6)a,R2H6F7<7d6L666g5]5W5V5T5W5c5.696:6;6;6>6>6=6<6<6=6=6>6>6=6>6=6?67(5(P(C*W,^-(.a-W-L-C-=-9-5-4-2-1-3-5-7-7-6-6-5-5-4-3-2-2-1-1-0-/-/-.-.-*(((1(?(I(K(J(H(D(B(@(>(=(<(<(;(;(;(;(<(<(<(<(<(=(<(<(=(<(=(=(=(=(=(=(=(","tint":"P7(("},"9540":{"spec":",*/+O,[.\\1[3:4H4X4(575E5M5O5J5A5C5I5C5:5*5W4;4b3Y3[3d3-494E4S4b4158595=5T(A)?*?+?,X,Y,\\,a,f,+-0-3-2-/-+-*-)-e,`,Z,Q,G,<,9,9,<,>,B,F,K,O,T,V,V,W,.(((J(H(F(D(C(B(@(?(>(=(=(<(<(;(;(:(:(;(:(:(9(9(9(8(9(:(9(:(;(;(;(;(;(;(U(E(6)a,R2H6F7<7d6L666g5]5W5V5T5W5c5.696:6;6;6>6>6=6<6<6=6=6>6>6=6>6=6?67(5(P(C*W,^-(.a-W-L-C-=-9-5-4-2-1-3-5-7-7-6-6-5-5-4-3-2-2-1-1-0-/-/-.-.-*(((1(?(I(K(J(H(D(B(@(>(=(<(<(;(;(;(;(<(<(<(<(<(=(<(<(=(<(=(=(=(=(=(=(=(","tint":"P7(("},"9541":{"spec":"C*A+[,].S1I3e314@4N4\\4)51525.5g4(5.5)5a4S4A4(4R3J3L3T3]3)454A4P4_4f4g4,5\\(I)E*@+;,Q,Q,S,X,\\,a,e,(-g,e,a,_,_,\\,W,Q,I,@,7,4,4,6,9,=,@,D,I,M,P,O,Q,/(((K(H(F(D(B(A(?(>(>(<(<(;(;(:(:(:(:(:(:(9(9(8(9(8(8(9(9(:(:(:(;(;(;(;(U(E(6)a,R2H6F7<7d6L666g5]5W5V5T5W5c5.696:6;6;6>6>6=6<6<6=6=6>6>6=6>6=6?67(5(P(C*W,^-(.a-W-L-C-=-9-5-4-2-1-3-5-7-7-6-6-5-5-4-3-2-2-1-1-0-/-/-.-.-*(((1(?(I(K(J(H(D(B(@(>(=(<(<(;(;(;(;(<(<(<(<(<(=(<(<(=(<(=(=(=(=(=(=(=(","tint":"P7(("},"9542":{"spec":"8*e*g+G-W/41N1[1*292G2U2^2b2a2]2`2e2a2[2O2?2g1R1K1L1S1[1g152B2R2`2f2g2-3X(=)+*V*D+U+V+Y+^+c+(,-,0,0,0,-,-,,,),f+a+Z+Q+H+F+F+H+J+N+R+W+\\+`+b+b+d+.(((E(B(@(>(=(<(;(:(:(9(8(8(8(7(7(7(7(7(7(6(6(5(6(5(6(6(6(7(7(8(8(8(8(8(U(E(6)a,R2H6F7<7d6L666g5]5W5V5T5W5c5.696:6;6;6>6>6=6<6<6=6=6>6>6=6>6=6?67(5(P(C*W,^-(.a-W-L-C-=-9-5-4-2-1-3-5-7-7-6-6-5-5-4-3-2-2-1-1-0-/-/-.-.-*(((1(?(I(K(J(H(D(B(@(>(=(<(<(;(;(;(;(<(<(<(<(<(=(<(<(=(<(=(=(=(=(=(=(=(","tint":"P7(("},"9543":{"spec":"=*f*a+8-=/R0+191I1Y1(272B2G2F2C2E2I2E2>212_1E1.1f0g0-151A1Q1`1/2?2F2F2L2Z(=)(*N*8+G+I+L+R+W+\\+b+f+f+e+c+b+b+_+[+V+N+E+;+8+8+:+<+@+E+K+O+T+W+V+X+/(((E(A(?(=(<(;(:(9(9(8(8(7(7(6(6(6(6(7(6(6(5(5(5(5(5(6(5(6(6(7(7(7(7(7(U(E(6)a,R2H6F7<7d6L666g5]5W5V5T5W5c5.696:6;6;6>6>6=6<6<6=6=6>6>6=6>6=6?67(5(P(C*W,^-(.a-W-L-C-=-9-5-4-2-1-3-5-7-7-6-6-5-5-4-3-2-2-1-1-0-/-/-.-.-*(((1(?(I(K(J(H(D(B(@(>(=(<(<(;(;(;(;(<(<(<(<(<(=(<(<(=(<(=(=(=(=(=(=(=(","tint":"P7(("},"9544":{"spec":"Z)T*(,c-S0H2(3;3N3c3>4]455?5>585<5D5@5:505c4O4>484<4E4O4Y4`4*565C5K5M5R5N(5)+*d*_+7,9,>,E,K,U,a,*-,-+-g,g,g,d,`,\\,V,O,G,D,E,H,K,N,P,S,V,Z,],],^,-(((F(D(C(A(@(@(>(=(=(<(<(;(;(:(:(:(:(;(:(:(:(9(:(9(9(;(:(;(;(;(<(<(<(<(U(E(6)a,R2H6F7<7d6L666g5]5W5V5T5W5c5.696:6;6;6>6>6=6<6<6=6=6>6>6=6>6=6?67(5(P(C*W,^-(.a-W-L-C-=-9-5-4-2-1-3-5-7-7-6-6-5-5-4-3-2-2-1-1-0-/-/-.-.-*(((1(?(I(K(J(H(D(B(@(>(=(<(<(;(;(;(;(<(<(<(<(<(=(<(<(=(<(=(=(=(=(=(=(=(","tint":"P7(("},"9560":{"spec":"g)a*3,-.[0L2+3=3Q3(4D4d4<5E5C5;5=5B5<525a4L4.4T3J3L3T3]3+484G4X4g4.50545R(;)1*)+b+8,:,?,F,M,X,c,,-.---)-g,g,c,],V,M,C,7,4,4,6,9,=,A,F,L,P,S,S,S,.(((G(E(C(A(@(@(>(=(=(<(<(<(<(:(:(:(:(:(:(:(9(8(9(8(8(9(9(:(:(;(;(;(;(;(U(E(6)a,R2H6F7<7d6L666g5]5W5V5T5W5c5.696:6;6;6>6>6=6<6<6=6=6>6>6=6>6=6?67(5(P(C*W,^-(.a-W-L-C-=-9-5-4-2-1-3-5-7-7-6-6-5-5-4-3-2-2-1-1-0-/-/-.-.-*(((1(?(I(K(J(H(D(B(@(>(=(<(<(;(;(;(;(<(<(<(<(<(=(<(<(=(<(=(=(=(=(=(=(=(","tint":"P7(("},"9561":{"spec":"1*b*(,O-(0J1e172K2b2?3a3;4F4E4?4A4E4@464f3Q333Y2N2P2W2`2.3<3M3^3-44464:4V(;)+*Z*K+^+_+d++,3,=,J,T,V,U,R,Q,P,L,G,A,8,-,b+^+^+`+c+(,,,2,7,<,>,>,?,.(((F(B(A(?(>(=(<(;(;(;(;(:(:(9(9(9(9(9(9(8(8(7(8(7(7(8(7(9(9(9(:(:(:(:(U(E(6)a,R2H6F7<7d6L666g5]5W5V5T5W5c5.696:6;6;6>6>6=6<6<6=6=6>6>6=6>6=6?67(5(P(C*W,^-(.a-W-L-C-=-9-5-4-2-1-3-5-7-7-6-6-5-5-4-3-2-2-1-1-0-/-/-.-.-*(((1(?(I(K(J(H(D(B(@(>(=(<(<(;(;(;(;(<(<(<(<(<(=(<(<(=(<(=(=(=(=(=(=(=(","tint":"P7(("},"9562":{"spec":">*-+/,R-e/B1Z1(282K2a2:3M3U3U3P3S3Y3V3Q3F383b2O2I2L2S2\\2g223>3L3Y3`3a3f3Z(@)/*[*J+[+[+^+d+*,2,;,B,D,C,@,@,@,=,9,5,/,g+^+\\+]+_+a+e+(,,,0,5,7,7,8,/(((F(C(A(?(=(=(;(;(:(:(:(9(9(8(8(8(8(8(8(8(7(7(7(7(7(8(7(8(9(9(9(9(9(:(U(E(6)a,R2H6F7<7d6L666g5]5W5V5T5W5c5.696:6;6;6>6>6=6<6<6=6=6>6>6=6>6=6?67(5(P(C*W,^-(.a-W-L-C-=-9-5-4-2-1-3-5-7-7-6-6-5-5-4-3-2-2-1-1-0-/-/-.-.-*(((1(?(I(K(J(H(D(B(@(>(=(<(<(;(;(;(;(<(<(<(<(<(=(<(<(=(<(=(=(=(=(=(=(=(","tint":"P7(("},"9563":{"spec":"D*2+3,T-c/?1U1`1-2<2M2`2.343330333:39353-3c2S2D2@2C2J2S2]2f2.3:3F3L3N3T3\\(C)1*\\*I+Y+Y+[+`+d+*,1,6,7,6,4,4,4,2,/,,,g+a+Z+Y+Y+\\+^+a+d+f+*,.,0,0,1,/(((G(C(A(?(=(=(;(:(:(9(9(8(8(7(7(7(7(8(8(7(7(7(7(7(7(8(7(8(8(9(9(9(9(9(U(E(6)a,R2H6F7<7d6L666g5]5W5V5T5W5c5.696:6;6;6>6>6=6<6<6=6=6>6>6=6>6=6?67(5(P(C*W,^-(.a-W-L-C-=-9-5-4-2-1-3-5-7-7-6-6-5-5-4-3-2-2-1-1-0-/-/-.-.-*(((1(?(I(K(J(H(D(B(@(>(=(<(<(;(;(;(;(<(<(<(<(<(=(<(<(=(<(=(=(=(=(=(=(=(","tint":"P7(("},"9580":{"spec":"5*c*d+D-V/11L1\\122Q2=364e495:54585>59515d4S4:4e3]3`3)434@4J4W4f445<5=5B5W(<))*T*C+T+U+Z+b+,,<,R,d,*-)-f,e,e,a,],W,P,G,=,;,;,>,A,E,H,L,Q,U,W,W,X,.(((E(B(@(>(=(=(;(;(;(;(<(;(;(:(:(:(:(:(:(:(9(9(9(9(9(:(9(:(;(;(;(;(<(<(U(E(6)a,R2H6F7<7d6L666g5]5W5V5T5W5c5.696:6;6;6>6>6=6<6<6=6=6>6>6=6>6=6?67(5(P(C*W,^-(.a-W-L-C-=-9-5-4-2-1-3-5-7-7-6-6-5-5-4-3-2-2-1-1-0-/-/-.-.-*(((1(?(I(K(J(H(D(B(@(>(=(<(<(;(;(;(;(<(<(<(<(<(=(<(<(=(<(=(=(=(=(=(=(=(","tint":"P7(("},"9581":{"spec":"O*:+8,T-^/31I1W1(2@2b2L3,4:4;474:4@4=484/4d3R3B3>3A3J3T3^3e3/4;4H4P4Q4W4`(F)3*\\*G+U+T+X+^+f+2,B,N,R,R,O,N,N,K,H,D,?,8,1,/,0,3,5,9,:,>,A,E,H,H,I,/(((G(C(@(>(=(<(;(;(:(:(:(:(:(9(9(9(9(9(9(9(8(8(9(8(8(9(9(:(:(:(:(:(;(;(U(E(6)a,R2H6F7<7d6L666g5]5W5V5T5W5c5.696:6;6;6>6>6=6<6<6=6=6>6>6=6>6=6?67(5(P(C*W,^-(.a-W-L-C-=-9-5-4-2-1-3-5-7-7-6-6-5-5-4-3-2-2-1-1-0-/-/-.-.-*(((1(?(I(K(J(H(D(B(@(>(=(<(<(;(;(;(;(<(<(<(<(<(=(<(<(=(<(=(=(=(=(=(=(=(","tint":"P7(("},"9582":{"spec":"N*7+1,G-J/Z0-181E1U1,2E2X2a2b2_2d2+3+3)3e2`2W2N2M2R2[2d2,30363?3I3Q3S3X3_(E)0*V*>+J+I+L+P+U+^+g+.,0,0,.,.,/,-,+,),f+c+^+^+_+b+d+g+g+),,,/,1,2,3,/(((G(B(?(=(<(;(:(9(9(8(8(8(8(7(7(7(7(7(7(7(7(7(7(7(7(8(7(8(8(9(9(9(9(9(U(E(6)a,R2H6F7<7d6L666g5]5W5V5T5W5c5.696:6;6;6>6>6=6<6<6=6=6>6>6=6>6=6?67(5(P(C*W,^-(.a-W-L-C-=-9-5-4-2-1-3-5-7-7-6-6-5-5-4-3-2-2-1-1-0-/-/-.-.-*(((1(?(I(K(J(H(D(B(@(>(=(<(<(;(;(;(;(<(<(<(<(<(=(<(<(=(<(=(=(=(=(=(=(=(","tint":"P7(("},"9583":{"spec":"G*g*T+W,C.D/T/`/.0@0Z081P1Z1]1[1`1f1f1g1c1]1Q1F1C1G1N1V1`1g1/2:2D2L2N2S2](>)a)>*_*(+g**+/+5+>+J+S+U+V+T+U+U+T+R+Q+N+I+D+C+D+F+H+K+M+P+S+V+Y+Y+Z+/(((C(>(<(:(9(8(7(7(7(7(7(6(6(6(6(6(5(6(6(6(5(5(6(5(5(6(6(7(7(7(7(7(8(8(U(E(6)a,R2H6F7<7d6L666g5]5W5V5T5W5c5.696:6;6;6>6>6=6<6<6=6=6>6>6=6>6=6?67(5(P(C*W,^-(.a-W-L-C-=-9-5-4-2-1-3-5-7-7-6-6-5-5-4-3-2-2-1-1-0-/-/-.-.-*(((1(?(I(K(J(H(D(B(@(>(=(<(<(;(;(;(;(<(<(<(<(<(=(<(<(=(<(=(=(=(=(=(=(=(","tint":"P7(("},"9584":{"spec":"J*5+3,N-X/,1A1M1[1/2K2,3F3Q3Q3N3R3Y3W3U3O3G3;303.323;3D3M3R3Y3d3/46484=4^(D)1*Y*D+R+Q+T+Y+_+),6,@,B,B,@,?,@,=,;,8,4,0,*,*,+,-,0,3,4,6,9,<,?,?,@,/(((G(B(@(>(=(<(:(:(:(9(9(9(9(8(8(8(8(8(8(8(8(8(8(8(8(9(8(9(9(9(:(:(:(:(U(E(6)a,R2H6F7<7d6L666g5]5W5V5T5W5c5.696:6;6;6>6>6=6<6<6=6=6>6>6=6>6=6?67(5(P(C*W,^-(.a-W-L-C-=-9-5-4-2-1-3-5-7-7-6-6-5-5-4-3-2-2-1-1-0-/-/-.-.-*(((1(?(I(K(J(H(D(B(@(>(=(<(<(;(;(;(;(<(<(<(<(<(=(<(<(=(<(=(=(=(=(=(=(=(","tint":"P7(("},"9585":{"spec":"K*1+g+8-5/B0Y0(1;1Q1-2N2a2^2V2W2W2O2H203U3L3d2@2121272A2R2)3@3W3*4342464^(B)+*N*5+A+B+F+L+T+^+*,1,/,+,+,),d+`+-,;,6,(,Y+S+S+U+X+]+e+-,4,;,=,=,=,/(((E(A(>(<(;(;(9(9(9(9(9(8(8(7(7(6(6(8(8(8(7(6(7(6(6(7(7(8(9(9(:(:(:(:(U(E(6)a,R2H6F7<7d6L666g5]5W5V5T5W5c5.696:6;6;6>6>6=6<6<6=6=6>6>6=6>6=6?67(5(P(C*W,^-(.a-W-L-C-=-9-5-4-2-1-3-5-7-7-6-6-5-5-4-3-2-2-1-1-0-/-/-.-.-*(((1(?(I(K(J(H(D(B(@(>(=(<(<(;(;(;(;(<(<(<(<(<(=(<(<(=(<(=(=(=(=(=(=(=(","tint":"P7(("},"9600":{"spec":"<*f*a+:-A/U0,1;1O1,2Z2W3K4c4f4b4f4.5-5*5d4]4Q4G4E4K4U4_4(5*5/595D5K5N5S5Y(=)(*O*:+H+I+M+T+^+/,F,Z,a,b,_,_,_,],Z,W,T,O,J,I,K,N,P,S,S,U,W,[,],],^,/(((E(A(?(=(<(;(:(:(:(:(;(;(;(:(:(:(:(:(:(:(:(9(:(:(:(;(:(;(;(;(<(<(<(<(U(E(6)a,R2H6F7<7d6L666g5]5W5V5T5W5c5.696:6;6;6>6>6=6<6<6=6=6>6>6=6>6=6?67(5(P(C*W,^-(.a-W-L-C-=-9-5-4-2-1-3-5-7-7-6-6-5-5-4-3-2-2-1-1-0-/-/-.-.-*(((1(?(I(K(J(H(D(B(@(>(=(<(<(;(;(;(;(<(<(<(<(<(=(<(<(=(<(=(=(=(=(=(=(=(","tint":"P7(("},"9601":{"spec":"Z*E+B,]-d/81L1Y1)2?2b2O334C4D4@4E4M4L4J4F4C4;45454;4D4M4T4U4X4`4*5053585c(K)9*a*J+W+U+X+^+e+2,C,Q,U,U,R,R,S,Q,N,L,J,G,C,C,E,H,J,L,L,L,N,Q,S,T,U,0(((I(C(A(>(=(<(;(:(:(:(:(:(:(9(9(9(9(:(9(9(9(9(:(9(9(:(:(;(;(;(;(;(;(;(U(E(6)a,R2H6F7<7d6L666g5]5W5V5T5W5c5.696:6;6;6>6>6=6<6<6=6=6>6>6=6>6=6?67(5(P(C*W,^-(.a-W-L-C-=-9-5-4-2-1-3-5-7-7-6-6-5-5-4-3-2-2-1-1-0-/-/-.-.-*(((1(?(I(K(J(H(D(B(@(>(=(<(<(;(;(;(;(<(<(<(<(<(=(<(<(=(<(=(=(=(=(=(=(=(","tint":"P7(("},"9602":{"spec":"C*e*U+^,Q.V/)040D0Z0<1f1J2Z2]2\\2a2(3)3)3g2d2^2Y2Z2_2)31393;3>3G3P3V3[3_3\\(=)b)B*e*/+/+2+7+?+K+[+),-,.,-,-,.,,,+,*,(,e+b+b+d+g+),+,+,,,/,1,3,4,5,/(((C(?(=(;(:(9(8(8(8(8(8(8(8(7(7(7(7(7(7(7(7(7(8(7(7(8(8(9(9(9(9(9(9(9(U(E(6)a,R2H6F7<7d6L666g5]5W5V5T5W5c5.696:6;6;6>6>6=6<6<6=6=6>6>6=6>6=6?67(5(P(C*W,^-(.a-W-L-C-=-9-5-4-2-1-3-5-7-7-6-6-5-5-4-3-2-2-1-1-0-/-/-.-.-*(((1(?(I(K(J(H(D(B(@(>(=(<(<(;(;(;(;(<(<(<(<(<(=(<(<(=(<(=(=(=(=(=(=(=(","tint":"P7(("},"9603":{"spec":"V*;+/,=-5/>0P0Z0f071P1.2F2Q2S2Q2V2]2^2_2]2]2Y2V2X2^2g2/3637393@3H3O3S3W3b(G)/*Q*5+?+>+@+D+J+S+^+g+*,*,),),),(,g+f+e+d+a+b+c+f+(,*,*,*,,,.,1,2,2,0(((F(A(>(<(;(:(9(8(8(8(8(7(8(7(7(7(7(7(7(7(7(7(8(7(7(8(8(8(8(9(9(9(9(9(U(E(6)a,R2H6F7<7d6L666g5]5W5V5T5W5c5.696:6;6;6>6>6=6<6<6=6=6>6>6=6>6=6?67(5(P(C*W,^-(.a-W-L-C-=-9-5-4-2-1-3-5-7-7-6-6-5-5-4-3-2-2-1-1-0-/-/-.-.-*(((1(?(I(K(J(H(D(B(@(>(=(<(<(;(;(;(;(<(<(<(<(<(=(<(<(=(<(=(=(=(=(=(=(=(","tint":"P7(("},"black 0961":{"spec":"W)f):*Y*Q+2,;,>,B,F,J,M,Q,S,V,W,[,`,d,g,)---/-3-6-;-@-E-I-J-L-O-U-Y-\\-a-M(`(3)@)P)S)S)S)T)U)W)X)Y)Y)Z)Z)[)\\)])])^)_)_)`)a)c)d)f)g)g)(*(***+*,*.*-(((9(5(3(2(1(1(0(0(0(/(/(/(/(/(/(/(/(/(/(/(/(/(0(/(0(0(0(0(0(0(0(0(1(1(U(E(6)a,R2H6F7<7d6L666g5]5W5V5T5W5c5.696:6;6;6>6>6=6<6<6=6=6>6>6=6>6=6?67(5(P(C*W,^-(.a-W-L-C-=-9-5-4-2-1-3-5-7-7-6-6-5-5-4-3-2-2-1-1-0-/-/-.-.-*(((1(?(I(K(J(H(D(B(@(>(=(<(<(;(;(;(;(<(<(<(<(<(=(<(<(=(<(=(=(=(=(=(=(=(","tint":"P7(("},"blue 0821":{"spec":"Y)\\*>,K.M1T3D4X4a4f4g4b4X4E4c323;271a/U.c-H-2-c,c,+-8-M-f-0.g-Z-I-B-S-<.N(9)7*7+8,U,],b,e,e,e,c,_,V,I,5,_+D+b*E*3*(*`)Z)Z)])a))*1*5*1*,*f)c))*7*-(((H(G(F(D(C(C(@(?(>(<(;(:(9(7(6(5(3(1(0(0(/(/(/(/(/(0(0(1(1(0(0(0(0(1(U(E(6)a,R2H6F7<7d6L666g5]5W5V5T5W5c5.696:6;6;6>6>6=6<6<6=6=6>6>6=6>6=6?67(5(P(C*W,^-(.a-W-L-C-=-9-5-4-2-1-3-5-7-7-6-6-5-5-4-3-2-2-1-1-0-/-/-.-.-*(((1(?(I(K(J(H(D(B(@(>(=(<(<(;(;(;(;(<(<(<(<(<(=(<(<(=(<(=(=(=(=(=(=(=(","tint":"P7(("},"green 0921":{"spec":"X)G*J+,-</g0Z1H2@364Y4,505,5b4Q4D434O3a2d1Y0H/M.5./.0.4.H.,/T/90W0a0W0W0M(/)\\)H*8+P+[++,?,S,`,g,(-e,`,Y,R,I,:,(,Q+5+W*A*8*6*6*7*>*J*X*e*/+3+/+.+-(((B(@(?(>(=(>(=(>(>(=(<(;(;(:(9(9(8(7(6(4(2(1(1(1(1(1(1(2(3(4(5(5(5(5(U(E(6)a,R2H6F7<7d6L666g5]5W5V5T5W5c5.696:6;6;6>6>6=6<6<6=6=6>6>6=6>6=6?67(5(P(C*W,^-(.a-W-L-C-=-9-5-4-2-1-3-5-7-7-6-6-5-5-4-3-2-2-1-1-0-/-/-.-.-*(((1(?(I(K(J(H(D(B(@(>(=(<(<(;(;(;(;(<(<(<(<(<(=(<(<(=(<(=(=(=(=(=(=(=(","tint":"P7(("},"magenta 0521":{"spec":"E*D+],`.Y1J3S3B3-3W282Q1/1H0F/E.9.P.R.0/_0)3A4*5?5M5[5e5*6d5b5e5/66696@6\\(K)F*B+>,Q,J,A,8,.,b+S+F+6+]*D*>*F*E*O*8+),I,W,^,c,g,*-+-(-g,g,*-,---.-/(((L(H(F(D(B(@(=(;(9(7(6(4(3(1(1(1(1(2(4(7(9(:(<(;(;(<(<(<(<(<(=(=(=(=(U(E(6)a,R2H6F7<7d6L666g5]5W5V5T5W5c5.696:6;6;6>6>6=6<6<6=6=6>6>6=6>6=6?67(5(P(C*W,^-(.a-W-L-C-=-9-5-4-2-1-3-5-7-7-6-6-5-5-4-3-2-2-1-1-0-/-/-.-.-*(((1(?(I(K(J(H(D(B(@(>(=(<(<(;(;(;(;(<(<(<(<(<(=(<(<(=(<(=(=(=(=(=(=(=(","tint":"P7(("},"red 0331":{"spec":"T*7+*,6--/30;050,0\\/F/3/].A.3.<.;.,.-.\\/S2M485E5M5U5a5)6-6(6e5)63696=6B6a(E),*M*1+;+6+2+.+g*^*W*N*C*=*@*?*8*8*_*b+N,^,`,c,f,)-+-,-)-(-(-+---.-/-0(((F(A(>(<(:(9(7(6(5(3(2(1(1(1(1(0(0(3(7(:(;(;(<(;(;(=(<(=(<(=(=(=(=(=(U(E(6)a,R2H6F7<7d6L666g5]5W5V5T5W5c5.696:6;6;6>6>6=6<6<6=6=6>6>6=6>6=6?67(5(P(C*W,^-(.a-W-L-C-=-9-5-4-2-1-3-5-7-7-6-6-5-5-4-3-2-2-1-1-0-/-/-.-.-*(((1(?(I(K(J(H(D(B(@(>(=(<(<(;(;(;(;(<(<(<(<(<(=(<(<(=(<(=(=(=(=(=(=(=(","tint":"P7(("},"violet 0631":{"spec":")*(+B,G.A193R3M3=3a212f0W/P.K-`,],g,c,(-T-`.\\/d/J/K/K0)2C3:4]465J5V5_5+6S(>)9*6+3,K,I,E,>,2,_+C+d*I*.*^)\\)_)\\)])-*I*_*`*W*W*.+O+/,B,N,V,],a,c,g,.(((I(F(E(C(B(@(=(;(9(6(4(2(0(/(/(/(/(/(0(2(3(3(3(3(4(7(8(:(;(;(<(<(<(=(U(E(6)a,R2H6F7<7d6L666g5]5W5V5T5W5c5.696:6;6;6>6>6=6<6<6=6=6>6>6=6>6=6?67(5(P(C*W,^-(.a-W-L-C-=-9-5-4-2-1-3-5-7-7-6-6-5-5-4-3-2-2-1-1-0-/-/-.-.-*(((1(?(I(K(J(H(D(B(@(>(=(<(<(;(;(;(;(<(<(<(<(<(=(<(<(=(<(=(=(=(=(=(=(=(","tint":"P7(("},"yellow 0131":{"spec":"9*L*g*Q+W,C-R-d-;.].`/T1V3a47595@5K5M5N5M5O5N5O5R5X5c5,606)6f5+636:6>6C6X(2)J)[)/*4*4*:*C*O*(+T+F,a,(-(-(-*-)-g,g,f,f,d,e,g,*-,---*-(-)-+-.-.-/-.(((>(9(7(5(4(4(4(4(5(7(:(;(;(:(;(:(:(;(;(;(;(;(<(;(;(=(<(=(<(=(=(=(=(=(U(E(6)a,R2H6F7<7d6L666g5]5W5V5T5W5c5.696:6;6;6>6>6=6<6<6=6=6>6>6=6>6=6?67(5(P(C*W,^-(.a-W-L-C-=-9-5-4-2-1-3-5-7-7-6-6-5-5-4-3-2-2-1-1-0-/-/-.-.-*(((1(?(I(K(J(H(D(B(@(>(=(<(<(;(;(;(;(<(<(<(<(<(=(<(<(=(<(=(=(=(=(=(=(=(","tint":"P7(("}}}